股票代码,股票简称,原始行业,映射行业,输出路径
000001,平安银行,银行Ⅱ,银行,/home/peanut/stock_key_info/all_stocks_20260606/金融/银行/平安银行.csv
000002,万科Ａ,房地产开发,房地产开发,/home/peanut/stock_key_info/all_stocks_20260606/旧基建/房地产开发/万科Ａ.csv
000006,深振业Ａ,房地产开发,房地产开发,/home/peanut/stock_key_info/all_stocks_20260606/旧基建/房地产开发/深振业Ａ.csv
000007,全新好,一般零售,商业百货,/home/peanut/stock_key_info/all_stocks_20260606/衣食住行/商业百货/全新好.csv
000008,神州高铁,轨交设备Ⅱ,交运设备,/home/peanut/stock_key_info/all_stocks_20260606/工业制造/交运设备/神州高铁.csv
000009,中国宝安,综合Ⅱ,综合行业,/home/peanut/stock_key_info/all_stocks_20260606/综合行业/中国宝安.csv
000011,深物业A,房地产开发,房地产开发,/home/peanut/stock_key_info/all_stocks_20260606/旧基建/房地产开发/深物业A.csv
000014,沙河股份,房地产开发,房地产开发,/home/peanut/stock_key_info/all_stocks_20260606/旧基建/房地产开发/沙河股份.csv
000012,南玻Ａ,玻璃玻纤,玻璃玻纤,/home/peanut/stock_key_info/all_stocks_20260606/能源/玻璃玻纤/南玻Ａ.csv
000017,深中华A,饰品,珠宝首饰,/home/peanut/stock_key_info/all_stocks_20260606/衣食住行/珠宝首饰/深中华A.csv
000019,深粮控股,农产品加工,农牧饲渔,/home/peanut/stock_key_info/all_stocks_20260606/衣食住行/农牧饲渔/深粮控股.csv
000020,深华发Ａ,光学光电子,光学光电子,/home/peanut/stock_key_info/all_stocks_20260606/工业制造/光学光电子/深华发Ａ.csv
000025,特力Ａ,综合Ⅱ,综合行业,/home/peanut/stock_key_info/all_stocks_20260606/综合行业/特力Ａ.csv
000021,深科技,消费电子,消费电子,/home/peanut/stock_key_info/all_stocks_20260606/工业制造/消费电子/深科技.csv
000026,飞亚达,饰品,珠宝首饰,/home/peanut/stock_key_info/all_stocks_20260606/衣食住行/珠宝首饰/飞亚达.csv
000027,深圳能源,电力,电力行业,/home/peanut/stock_key_info/all_stocks_20260606/电力行业/深圳能源.csv
000029,深深房Ａ,房地产开发,房地产开发,/home/peanut/stock_key_info/all_stocks_20260606/旧基建/房地产开发/深深房Ａ.csv
000028,国药一致,医药商业,医药商业,/home/peanut/stock_key_info/all_stocks_20260606/医药/医药商业/国药一致.csv
000030,富奥股份,汽车零部件,汽车零部件,/home/peanut/stock_key_info/all_stocks_20260606/工业制造/汽车零部件/富奥股份.csv
000031,大悦城,房地产开发,房地产开发,/home/peanut/stock_key_info/all_stocks_20260606/旧基建/房地产开发/大悦城.csv
000032,深桑达Ａ,专业工程,工程建设,/home/peanut/stock_key_info/all_stocks_20260606/旧基建/工程建设/深桑达Ａ.csv
000034,神州数码,IT服务Ⅱ,软件开发,/home/peanut/stock_key_info/all_stocks_20260606/TMT/软件开发/神州数码.csv
000035,中国天楹,环境治理,环保行业,/home/peanut/stock_key_info/all_stocks_20260606/衣食住行/环保行业/中国天楹.csv
000036,华联控股,房地产开发,房地产开发,/home/peanut/stock_key_info/all_stocks_20260606/旧基建/房地产开发/华联控股.csv
000039,中集集团,通用设备,通用设备,/home/peanut/stock_key_info/all_stocks_20260606/TMT/通用设备/中集集团.csv
000037,深南电A,电力,电力行业,/home/peanut/stock_key_info/all_stocks_20260606/电力行业/深南电A.csv
000042,中洲控股,房地产开发,房地产开发,/home/peanut/stock_key_info/all_stocks_20260606/旧基建/房地产开发/中洲控股.csv
000045,深纺织Ａ,光学光电子,光学光电子,/home/peanut/stock_key_info/all_stocks_20260606/工业制造/光学光电子/深纺织Ａ.csv
000048,京基智农,养殖业,农牧饲渔,/home/peanut/stock_key_info/all_stocks_20260606/衣食住行/农牧饲渔/京基智农.csv
000049,德赛电池,电池,电池,/home/peanut/stock_key_info/all_stocks_20260606/能源/电池/德赛电池.csv
000050,深天马Ａ,光学光电子,光学光电子,/home/peanut/stock_key_info/all_stocks_20260606/工业制造/光学光电子/深天马Ａ.csv
000059,华锦股份,炼化及贸易,石油行业,/home/peanut/stock_key_info/all_stocks_20260606/能源/石油行业/华锦股份.csv
000058,深赛格,一般零售,商业百货,/home/peanut/stock_key_info/all_stocks_20260606/衣食住行/商业百货/深赛格.csv
000055,方大集团,装修建材,装修建材,/home/peanut/stock_key_info/all_stocks_20260606/旧基建/装修建材/方大集团.csv
000060,中金岭南,工业金属,有色金属,/home/peanut/stock_key_info/all_stocks_20260606/能源/有色金属/中金岭南.csv
000062,深圳华强,其他电子Ⅱ,消费电子,/home/peanut/stock_key_info/all_stocks_20260606/工业制造/消费电子/深圳华强.csv
000061,农产品,一般零售,商业百货,/home/peanut/stock_key_info/all_stocks_20260606/衣食住行/商业百货/农产品.csv
000063,中兴通讯,通信设备,通信设备,/home/peanut/stock_key_info/all_stocks_20260606/TMT/通信设备/中兴通讯.csv
000065,北方国际,专业工程,工程建设,/home/peanut/stock_key_info/all_stocks_20260606/旧基建/工程建设/北方国际.csv
000066,中国长城,计算机设备,计算机设备,/home/peanut/stock_key_info/all_stocks_20260606/TMT/计算机设备/中国长城.csv
000068,华控赛格,环境治理,环保行业,/home/peanut/stock_key_info/all_stocks_20260606/衣食住行/环保行业/华控赛格.csv
000069,华侨城Ａ,房地产开发,房地产开发,/home/peanut/stock_key_info/all_stocks_20260606/旧基建/房地产开发/华侨城Ａ.csv
000070,特发信息,通信设备,通信设备,/home/peanut/stock_key_info/all_stocks_20260606/TMT/通信设备/特发信息.csv
000088,盐田港,航运港口,航运港口,/home/peanut/stock_key_info/all_stocks_20260606/航运物流/航运港口/盐田港.csv
000089,深圳机场,航空机场,航空机场,/home/peanut/stock_key_info/all_stocks_20260606/衣食住行/航空机场/深圳机场.csv
000090,天健集团,房地产开发,房地产开发,/home/peanut/stock_key_info/all_stocks_20260606/旧基建/房地产开发/天健集团.csv
000096,广聚能源,炼化及贸易,石油行业,/home/peanut/stock_key_info/all_stocks_20260606/能源/石油行业/广聚能源.csv
000100,TCL科技,光学光电子,光学光电子,/home/peanut/stock_key_info/all_stocks_20260606/工业制造/光学光电子/TCL科技.csv
000151,中成股份,贸易Ⅱ,贸易行业,/home/peanut/stock_key_info/all_stocks_20260606/衣食住行/贸易行业/中成股份.csv
000099,中信海直,航空机场,航空机场,/home/peanut/stock_key_info/all_stocks_20260606/衣食住行/航空机场/中信海直.csv
000153,丰原药业,化学制药,化学制药,/home/peanut/stock_key_info/all_stocks_20260606/医药/化学制药/丰原药业.csv
000155,川能动力,电力,电力行业,/home/peanut/stock_key_info/all_stocks_20260606/电力行业/川能动力.csv
000156,华数传媒,电视广播Ⅱ,文化传媒,/home/peanut/stock_key_info/all_stocks_20260606/衣食住行/文化传媒/华数传媒.csv
000157,中联重科,工程机械,工程机械,/home/peanut/stock_key_info/all_stocks_20260606/旧基建/工程机械/中联重科.csv
000158,常山北明,IT服务Ⅱ,软件开发,/home/peanut/stock_key_info/all_stocks_20260606/TMT/软件开发/常山北明.csv
000166,申万宏源,证券Ⅱ,证券,/home/peanut/stock_key_info/all_stocks_20260606/金融/证券/申万宏源.csv
000159,国际实业,炼化及贸易,石油行业,/home/peanut/stock_key_info/all_stocks_20260606/能源/石油行业/国际实业.csv
000301,东方盛虹,炼化及贸易,石油行业,/home/peanut/stock_key_info/all_stocks_20260606/能源/石油行业/东方盛虹.csv
000333,美的集团,白色家电,家电行业,/home/peanut/stock_key_info/all_stocks_20260606/衣食住行/家电行业/美的集团.csv
000400,许继电气,电网设备,电网设备,/home/peanut/stock_key_info/all_stocks_20260606/能源/电网设备/许继电气.csv
000338,潍柴动力,汽车零部件,汽车零部件,/home/peanut/stock_key_info/all_stocks_20260606/工业制造/汽车零部件/潍柴动力.csv
000401,金隅冀东,水泥,水泥建材,/home/peanut/stock_key_info/all_stocks_20260606/能源/水泥建材/金隅冀东.csv
000402,金融街,房地产开发,房地产开发,/home/peanut/stock_key_info/all_stocks_20260606/旧基建/房地产开发/金融街.csv
000403,派林生物,生物制品,生物制品,/home/peanut/stock_key_info/all_stocks_20260606/医药/生物制品/派林生物.csv
000404,长虹华意,家电零部件Ⅱ,家电行业,/home/peanut/stock_key_info/all_stocks_20260606/衣食住行/家电行业/长虹华意.csv
000407,胜利股份,燃气Ⅱ,燃气,/home/peanut/stock_key_info/all_stocks_20260606/能源/燃气/胜利股份.csv
000408,藏格矿业,农化制品,农药兽药,/home/peanut/stock_key_info/all_stocks_20260606/化工行业/农药兽药/藏格矿业.csv
000410,沈阳机床,通用设备,通用设备,/home/peanut/stock_key_info/all_stocks_20260606/TMT/通用设备/沈阳机床.csv
000409,云鼎科技,IT服务Ⅱ,软件开发,/home/peanut/stock_key_info/all_stocks_20260606/TMT/软件开发/云鼎科技.csv
000411,英特集团,医药商业,医药商业,/home/peanut/stock_key_info/all_stocks_20260606/医药/医药商业/英特集团.csv
000415,渤海租赁,多元金融,多元金融,/home/peanut/stock_key_info/all_stocks_20260606/金融/多元金融/渤海租赁.csv
000417,合百集团,一般零售,商业百货,/home/peanut/stock_key_info/all_stocks_20260606/衣食住行/商业百货/合百集团.csv
000419,通程控股,一般零售,商业百货,/home/peanut/stock_key_info/all_stocks_20260606/衣食住行/商业百货/通程控股.csv
000420,吉林化纤,化学纤维,化纤行业,/home/peanut/stock_key_info/all_stocks_20260606/化工行业/化纤行业/吉林化纤.csv
000421,南京公用,综合Ⅱ,综合行业,/home/peanut/stock_key_info/all_stocks_20260606/综合行业/南京公用.csv
000423,东阿阿胶,中药Ⅱ,中药,/home/peanut/stock_key_info/all_stocks_20260606/医药/中药/东阿阿胶.csv
000422,湖北宜化,农化制品,农药兽药,/home/peanut/stock_key_info/all_stocks_20260606/化工行业/农药兽药/湖北宜化.csv
000425,徐工机械,工程机械,工程机械,/home/peanut/stock_key_info/all_stocks_20260606/旧基建/工程机械/徐工机械.csv
000426,兴业银锡,贵金属,贵金属,/home/peanut/stock_key_info/all_stocks_20260606/能源/贵金属/兴业银锡.csv
000429,粤高速Ａ,铁路公路,铁路公路,/home/peanut/stock_key_info/all_stocks_20260606/旧基建/铁路公路/粤高速Ａ.csv
000428,华天酒店,酒店餐饮,旅游酒店,/home/peanut/stock_key_info/all_stocks_20260606/衣食住行/旅游酒店/华天酒店.csv
000430,张家界,旅游及景区,旅游酒店,/home/peanut/stock_key_info/all_stocks_20260606/衣食住行/旅游酒店/张家界.csv
000498,山东路桥,基础建设,工程建设,/home/peanut/stock_key_info/all_stocks_20260606/旧基建/工程建设/山东路桥.csv
000503,国新健康,软件开发,软件开发,/home/peanut/stock_key_info/all_stocks_20260606/TMT/软件开发/国新健康.csv
000501,武商集团,一般零售,商业百货,/home/peanut/stock_key_info/all_stocks_20260606/衣食住行/商业百货/武商集团.csv
000505,京粮控股,农产品加工,农牧饲渔,/home/peanut/stock_key_info/all_stocks_20260606/衣食住行/农牧饲渔/京粮控股.csv
000506,招金黄金,贵金属,贵金属,/home/peanut/stock_key_info/all_stocks_20260606/能源/贵金属/招金黄金.csv
000507,珠海港,电力,电力行业,/home/peanut/stock_key_info/all_stocks_20260606/电力行业/珠海港.csv
000509,华塑控股,光学光电子,光学光电子,/home/peanut/stock_key_info/all_stocks_20260606/工业制造/光学光电子/华塑控股.csv
000510,新金路,化学原料,化学原料,/home/peanut/stock_key_info/all_stocks_20260606/化工行业/化学原料/新金路.csv
000513,丽珠集团,化学制药,化学制药,/home/peanut/stock_key_info/all_stocks_20260606/医药/化学制药/丽珠集团.csv
000514,渝开发,房地产开发,房地产开发,/home/peanut/stock_key_info/all_stocks_20260606/旧基建/房地产开发/渝开发.csv
000516,国际医学,医疗服务,医疗服务,/home/peanut/stock_key_info/all_stocks_20260606/医药/医疗服务/国际医学.csv
000517,荣安地产,房地产开发,房地产开发,/home/peanut/stock_key_info/all_stocks_20260606/旧基建/房地产开发/荣安地产.csv
000518,四环生物,生物制品,生物制品,/home/peanut/stock_key_info/all_stocks_20260606/医药/生物制品/四环生物.csv
000519,中兵红箭,地面兵装Ⅱ,航天航空,/home/peanut/stock_key_info/all_stocks_20260606/航天航空/中兵红箭.csv
000520,凤凰航运,航运港口,航运港口,/home/peanut/stock_key_info/all_stocks_20260606/航运物流/航运港口/凤凰航运.csv
000521,长虹美菱,白色家电,家电行业,/home/peanut/stock_key_info/all_stocks_20260606/衣食住行/家电行业/长虹美菱.csv
000523,红棉股份,综合Ⅱ,综合行业,/home/peanut/stock_key_info/all_stocks_20260606/综合行业/红棉股份.csv
000524,岭南控股,旅游及景区,旅游酒店,/home/peanut/stock_key_info/all_stocks_20260606/衣食住行/旅游酒店/岭南控股.csv
000525,红太阳,农化制品,农药兽药,/home/peanut/stock_key_info/all_stocks_20260606/化工行业/农药兽药/红太阳.csv
000526,学大教育,教育,教育,/home/peanut/stock_key_info/all_stocks_20260606/衣食住行/教育/学大教育.csv
000528,柳工,工程机械,工程机械,/home/peanut/stock_key_info/all_stocks_20260606/旧基建/工程机械/柳工.csv
000529,广弘控股,食品加工,食品饮料,/home/peanut/stock_key_info/all_stocks_20260606/衣食住行/食品饮料/广弘控股.csv
000530,冰山冷热,通用设备,通用设备,/home/peanut/stock_key_info/all_stocks_20260606/TMT/通用设备/冰山冷热.csv
000531,穗恒运Ａ,电力,电力行业,/home/peanut/stock_key_info/all_stocks_20260606/电力行业/穗恒运Ａ.csv
000532,华金资本,多元金融,多元金融,/home/peanut/stock_key_info/all_stocks_20260606/金融/多元金融/华金资本.csv
000533,顺钠股份,电网设备,电网设备,/home/peanut/stock_key_info/all_stocks_20260606/能源/电网设备/顺钠股份.csv
000534,万泽股份,生物制品,生物制品,/home/peanut/stock_key_info/all_stocks_20260606/医药/生物制品/万泽股份.csv
000536,华映科技,光学光电子,光学光电子,/home/peanut/stock_key_info/all_stocks_20260606/工业制造/光学光电子/华映科技.csv
000537,绿发电力,电力,电力行业,/home/peanut/stock_key_info/all_stocks_20260606/电力行业/绿发电力.csv
000538,云南白药,中药Ⅱ,中药,/home/peanut/stock_key_info/all_stocks_20260606/医药/中药/云南白药.csv
000539,粤电力Ａ,电力,电力行业,/home/peanut/stock_key_info/all_stocks_20260606/电力行业/粤电力Ａ.csv
000541,佛山照明,照明设备Ⅱ,光学光电子,/home/peanut/stock_key_info/all_stocks_20260606/工业制造/光学光电子/佛山照明.csv
000543,皖能电力,电力,电力行业,/home/peanut/stock_key_info/all_stocks_20260606/电力行业/皖能电力.csv
000544,中原环保,环境治理,环保行业,/home/peanut/stock_key_info/all_stocks_20260606/衣食住行/环保行业/中原环保.csv
000545,金浦钛业,化学原料,化学原料,/home/peanut/stock_key_info/all_stocks_20260606/化工行业/化学原料/金浦钛业.csv
000546,金圆股份,环境治理,环保行业,/home/peanut/stock_key_info/all_stocks_20260606/衣食住行/环保行业/金圆股份.csv
000547,航天发展,军工电子Ⅱ,航天航空,/home/peanut/stock_key_info/all_stocks_20260606/航天航空/航天发展.csv
000548,湖南投资,铁路公路,铁路公路,/home/peanut/stock_key_info/all_stocks_20260606/旧基建/铁路公路/湖南投资.csv
000550,江铃汽车,商用车,汽车整车,/home/peanut/stock_key_info/all_stocks_20260606/工业制造/汽车整车/江铃汽车.csv
000551,创元科技,环保设备Ⅱ,环保行业,/home/peanut/stock_key_info/all_stocks_20260606/衣食住行/环保行业/创元科技.csv
000552,甘肃能化,煤炭开采,煤炭行业,/home/peanut/stock_key_info/all_stocks_20260606/能源/煤炭行业/甘肃能化.csv
000553,安道麦A,农化制品,农药兽药,/home/peanut/stock_key_info/all_stocks_20260606/化工行业/农药兽药/安道麦A.csv
000554,泰山石油,炼化及贸易,石油行业,/home/peanut/stock_key_info/all_stocks_20260606/能源/石油行业/泰山石油.csv
000555,神州信息,IT服务Ⅱ,软件开发,/home/peanut/stock_key_info/all_stocks_20260606/TMT/软件开发/神州信息.csv
000557,西部创业,铁路公路,铁路公路,/home/peanut/stock_key_info/all_stocks_20260606/旧基建/铁路公路/西部创业.csv
000558,天府文旅,旅游及景区,旅游酒店,/home/peanut/stock_key_info/all_stocks_20260606/衣食住行/旅游酒店/天府文旅.csv
000559,万向钱潮,汽车零部件,汽车零部件,/home/peanut/stock_key_info/all_stocks_20260606/工业制造/汽车零部件/万向钱潮.csv
000560,我爱我家,房地产服务,房地产服务,/home/peanut/stock_key_info/all_stocks_20260606/旧基建/房地产服务/我爱我家.csv
000561,烽火电子,航空装备Ⅱ,航天航空,/home/peanut/stock_key_info/all_stocks_20260606/航天航空/烽火电子.csv
000563,陕国投Ａ,多元金融,多元金融,/home/peanut/stock_key_info/all_stocks_20260606/金融/多元金融/陕国投Ａ.csv
000564,供销大集,一般零售,商业百货,/home/peanut/stock_key_info/all_stocks_20260606/衣食住行/商业百货/供销大集.csv
000565,渝三峡Ａ,化学制品,化学制品,/home/peanut/stock_key_info/all_stocks_20260606/化工行业/化学制品/渝三峡Ａ.csv
000568,泸州老窖,白酒Ⅱ,酿酒行业,/home/peanut/stock_key_info/all_stocks_20260606/旧基建/酿酒行业/泸州老窖.csv
000567,海德股份,多元金融,多元金融,/home/peanut/stock_key_info/all_stocks_20260606/金融/多元金融/海德股份.csv
000566,海南海药,化学制药,化学制药,/home/peanut/stock_key_info/all_stocks_20260606/医药/化学制药/海南海药.csv
000570,苏常柴Ａ,汽车零部件,汽车零部件,/home/peanut/stock_key_info/all_stocks_20260606/工业制造/汽车零部件/苏常柴Ａ.csv
000571,新大洲A,煤炭开采,煤炭行业,/home/peanut/stock_key_info/all_stocks_20260606/能源/煤炭行业/新大洲A.csv
000572,海马汽车,乘用车,汽车整车,/home/peanut/stock_key_info/all_stocks_20260606/工业制造/汽车整车/海马汽车.csv
000573,粤宏远Ａ,房地产开发,房地产开发,/home/peanut/stock_key_info/all_stocks_20260606/旧基建/房地产开发/粤宏远Ａ.csv
000576,甘化科工,地面兵装Ⅱ,航天航空,/home/peanut/stock_key_info/all_stocks_20260606/航天航空/甘化科工.csv
000581,威孚高科,汽车零部件,汽车零部件,/home/peanut/stock_key_info/all_stocks_20260606/工业制造/汽车零部件/威孚高科.csv
000582,北部湾港,航运港口,航运港口,/home/peanut/stock_key_info/all_stocks_20260606/航运物流/航运港口/北部湾港.csv
000586,汇源通信,通信设备,通信设备,/home/peanut/stock_key_info/all_stocks_20260606/TMT/通信设备/汇源通信.csv
000589,贵州轮胎,汽车零部件,汽车零部件,/home/peanut/stock_key_info/all_stocks_20260606/工业制造/汽车零部件/贵州轮胎.csv
000590,古汉医药,中药Ⅱ,中药,/home/peanut/stock_key_info/all_stocks_20260606/医药/中药/古汉医药.csv
000591,太阳能,电力,电力行业,/home/peanut/stock_key_info/all_stocks_20260606/电力行业/太阳能.csv
000592,平潭发展,林业Ⅱ,农牧饲渔,/home/peanut/stock_key_info/all_stocks_20260606/衣食住行/农牧饲渔/平潭发展.csv
000593,德龙汇能,燃气Ⅱ,燃气,/home/peanut/stock_key_info/all_stocks_20260606/能源/燃气/德龙汇能.csv
000596,古井贡酒,白酒Ⅱ,酿酒行业,/home/peanut/stock_key_info/all_stocks_20260606/旧基建/酿酒行业/古井贡酒.csv
000597,东北制药,化学制药,化学制药,/home/peanut/stock_key_info/all_stocks_20260606/医药/化学制药/东北制药.csv
000598,兴蓉环境,环境治理,环保行业,/home/peanut/stock_key_info/all_stocks_20260606/衣食住行/环保行业/兴蓉环境.csv
000599,青岛双星,汽车零部件,汽车零部件,/home/peanut/stock_key_info/all_stocks_20260606/工业制造/汽车零部件/青岛双星.csv
000600,建投能源,电力,电力行业,/home/peanut/stock_key_info/all_stocks_20260606/电力行业/建投能源.csv
000601,韶能股份,电力,电力行业,/home/peanut/stock_key_info/all_stocks_20260606/电力行业/韶能股份.csv
000603,盛达资源,贵金属,贵金属,/home/peanut/stock_key_info/all_stocks_20260606/能源/贵金属/盛达资源.csv
000605,渤海股份,环境治理,环保行业,/home/peanut/stock_key_info/all_stocks_20260606/衣食住行/环保行业/渤海股份.csv
000607,华媒控股,广告营销,文化传媒,/home/peanut/stock_key_info/all_stocks_20260606/衣食住行/文化传媒/华媒控股.csv
000608,阳光股份,房地产开发,房地产开发,/home/peanut/stock_key_info/all_stocks_20260606/旧基建/房地产开发/阳光股份.csv
000612,焦作万方,工业金属,有色金属,/home/peanut/stock_key_info/all_stocks_20260606/能源/有色金属/焦作万方.csv
000617,中油资本,多元金融,多元金融,/home/peanut/stock_key_info/all_stocks_20260606/金融/多元金融/中油资本.csv
000619,海螺新材,装修建材,装修建材,/home/peanut/stock_key_info/all_stocks_20260606/旧基建/装修建材/海螺新材.csv
000620,盈新发展,房地产开发,房地产开发,/home/peanut/stock_key_info/all_stocks_20260606/旧基建/房地产开发/盈新发展.csv
000623,吉林敖东,中药Ⅱ,中药,/home/peanut/stock_key_info/all_stocks_20260606/医药/中药/吉林敖东.csv
000626,远大控股,物流,物流行业,/home/peanut/stock_key_info/all_stocks_20260606/航运物流/物流行业/远大控股.csv
000625,长安汽车,乘用车,汽车整车,/home/peanut/stock_key_info/all_stocks_20260606/工业制造/汽车整车/长安汽车.csv
000628,高新发展,房屋建设Ⅱ,工程建设,/home/peanut/stock_key_info/all_stocks_20260606/旧基建/工程建设/高新发展.csv
000629,钒钛股份,冶钢原料,钢铁行业,/home/peanut/stock_key_info/all_stocks_20260606/能源/钢铁行业/钒钛股份.csv
000630,铜陵有色,工业金属,有色金属,/home/peanut/stock_key_info/all_stocks_20260606/能源/有色金属/铜陵有色.csv
000631,顺发恒能,电力,电力行业,/home/peanut/stock_key_info/all_stocks_20260606/电力行业/顺发恒能.csv
000633,合金投资,金属新材料,小金属,/home/peanut/stock_key_info/all_stocks_20260606/能源/小金属/合金投资.csv
000635,英力特,化学原料,化学原料,/home/peanut/stock_key_info/all_stocks_20260606/化工行业/化学原料/英力特.csv
000636,风华高科,元件,电子元件,/home/peanut/stock_key_info/all_stocks_20260606/TMT/电子元件/风华高科.csv
000637,茂化实华,炼化及贸易,石油行业,/home/peanut/stock_key_info/all_stocks_20260606/能源/石油行业/茂化实华.csv
000650,仁和药业,中药Ⅱ,中药,/home/peanut/stock_key_info/all_stocks_20260606/医药/中药/仁和药业.csv
000651,格力电器,白色家电,家电行业,/home/peanut/stock_key_info/all_stocks_20260606/衣食住行/家电行业/格力电器.csv
000655,金岭矿业,冶钢原料,钢铁行业,/home/peanut/stock_key_info/all_stocks_20260606/能源/钢铁行业/金岭矿业.csv
000652,泰达股份,综合Ⅱ,综合行业,/home/peanut/stock_key_info/all_stocks_20260606/综合行业/泰达股份.csv
000657,中钨高新,小金属,小金属,/home/peanut/stock_key_info/all_stocks_20260606/能源/小金属/中钨高新.csv
000659,珠海中富,包装印刷,造纸印刷,/home/peanut/stock_key_info/all_stocks_20260606/旧基建/造纸印刷/珠海中富.csv
000661,长春高新,生物制品,生物制品,/home/peanut/stock_key_info/all_stocks_20260606/医药/生物制品/长春高新.csv
000663,永安林业,林业Ⅱ,农牧饲渔,/home/peanut/stock_key_info/all_stocks_20260606/衣食住行/农牧饲渔/永安林业.csv
000665,湖北广电,电视广播Ⅱ,文化传媒,/home/peanut/stock_key_info/all_stocks_20260606/衣食住行/文化传媒/湖北广电.csv
000668,荣丰控股,房地产开发,房地产开发,/home/peanut/stock_key_info/all_stocks_20260606/旧基建/房地产开发/荣丰控股.csv
000670,盈方微,其他电子Ⅱ,消费电子,/home/peanut/stock_key_info/all_stocks_20260606/工业制造/消费电子/盈方微.csv
000672,上峰材料,水泥,水泥建材,/home/peanut/stock_key_info/all_stocks_20260606/能源/水泥建材/上峰材料.csv
000676,智度股份,广告营销,文化传媒,/home/peanut/stock_key_info/all_stocks_20260606/衣食住行/文化传媒/智度股份.csv
000678,襄阳轴承,汽车零部件,汽车零部件,/home/peanut/stock_key_info/all_stocks_20260606/工业制造/汽车零部件/襄阳轴承.csv
000679,大连友谊,一般零售,商业百货,/home/peanut/stock_key_info/all_stocks_20260606/衣食住行/商业百货/大连友谊.csv
000680,山推股份,工程机械,工程机械,/home/peanut/stock_key_info/all_stocks_20260606/旧基建/工程机械/山推股份.csv
000681,视觉中国,数字媒体,文化传媒,/home/peanut/stock_key_info/all_stocks_20260606/衣食住行/文化传媒/视觉中国.csv
000682,东方电子,电网设备,电网设备,/home/peanut/stock_key_info/all_stocks_20260606/能源/电网设备/东方电子.csv
000683,博源化工,化学原料,化学原料,/home/peanut/stock_key_info/all_stocks_20260606/化工行业/化学原料/博源化工.csv
000685,中山公用,环境治理,环保行业,/home/peanut/stock_key_info/all_stocks_20260606/衣食住行/环保行业/中山公用.csv
000686,东北证券,证券Ⅱ,证券,/home/peanut/stock_key_info/all_stocks_20260606/金融/证券/东北证券.csv
000688,国城矿业,工业金属,有色金属,/home/peanut/stock_key_info/all_stocks_20260606/能源/有色金属/国城矿业.csv
000690,宝新能源,电力,电力行业,/home/peanut/stock_key_info/all_stocks_20260606/电力行业/宝新能源.csv
000691,亚太实业,化学原料,化学原料,/home/peanut/stock_key_info/all_stocks_20260606/化工行业/化学原料/亚太实业.csv
000692,惠天热电,电力,电力行业,/home/peanut/stock_key_info/all_stocks_20260606/电力行业/惠天热电.csv
000695,滨海能源,电池,电池,/home/peanut/stock_key_info/all_stocks_20260606/能源/电池/滨海能源.csv
000697,炼石航空,航空装备Ⅱ,航天航空,/home/peanut/stock_key_info/all_stocks_20260606/航天航空/炼石航空.csv
000700,模塑科技,汽车零部件,汽车零部件,/home/peanut/stock_key_info/all_stocks_20260606/工业制造/汽车零部件/模塑科技.csv
000701,厦门信达,贸易Ⅱ,贸易行业,/home/peanut/stock_key_info/all_stocks_20260606/衣食住行/贸易行业/厦门信达.csv
000702,正虹科技,饲料,农牧饲渔,/home/peanut/stock_key_info/all_stocks_20260606/衣食住行/农牧饲渔/正虹科技.csv
000703,恒逸石化,炼化及贸易,石油行业,/home/peanut/stock_key_info/all_stocks_20260606/能源/石油行业/恒逸石化.csv
000705,浙江震元,医药商业,医药商业,/home/peanut/stock_key_info/all_stocks_20260606/医药/医药商业/浙江震元.csv
000707,双环科技,化学原料,化学原料,/home/peanut/stock_key_info/all_stocks_20260606/化工行业/化学原料/双环科技.csv
000708,中信特钢,特钢Ⅱ,钢铁行业,/home/peanut/stock_key_info/all_stocks_20260606/能源/钢铁行业/中信特钢.csv
000709,河钢股份,普钢,钢铁行业,/home/peanut/stock_key_info/all_stocks_20260606/能源/钢铁行业/河钢股份.csv
000710,贝瑞基因,医疗服务,医疗服务,/home/peanut/stock_key_info/all_stocks_20260606/医药/医疗服务/贝瑞基因.csv
000712,锦龙股份,证券Ⅱ,证券,/home/peanut/stock_key_info/all_stocks_20260606/金融/证券/锦龙股份.csv
000713,国投丰乐,种植业,农牧饲渔,/home/peanut/stock_key_info/all_stocks_20260606/衣食住行/农牧饲渔/国投丰乐.csv
000715,中兴商业,一般零售,商业百货,/home/peanut/stock_key_info/all_stocks_20260606/衣食住行/商业百货/中兴商业.csv
000716,黑芝麻,休闲食品,食品饮料,/home/peanut/stock_key_info/all_stocks_20260606/衣食住行/食品饮料/黑芝麻.csv
000717,中南股份,普钢,钢铁行业,/home/peanut/stock_key_info/all_stocks_20260606/能源/钢铁行业/中南股份.csv
000718,苏宁环球,房地产开发,房地产开发,/home/peanut/stock_key_info/all_stocks_20260606/旧基建/房地产开发/苏宁环球.csv
000719,中原传媒,出版,文化传媒,/home/peanut/stock_key_info/all_stocks_20260606/衣食住行/文化传媒/中原传媒.csv
000720,新能泰山,电网设备,电网设备,/home/peanut/stock_key_info/all_stocks_20260606/能源/电网设备/新能泰山.csv
000721,西安饮食,酒店餐饮,旅游酒店,/home/peanut/stock_key_info/all_stocks_20260606/衣食住行/旅游酒店/西安饮食.csv
000722,湖南发展,电力,电力行业,/home/peanut/stock_key_info/all_stocks_20260606/电力行业/湖南发展.csv
000723,美锦能源,焦炭Ⅱ,煤炭行业,/home/peanut/stock_key_info/all_stocks_20260606/能源/煤炭行业/美锦能源.csv
000725,京东方Ａ,光学光电子,光学光电子,/home/peanut/stock_key_info/all_stocks_20260606/工业制造/光学光电子/京东方Ａ.csv
000726,鲁泰Ａ,纺织制造,纺织服装,/home/peanut/stock_key_info/all_stocks_20260606/衣食住行/纺织服装/鲁泰Ａ.csv
000727,冠捷科技,光学光电子,光学光电子,/home/peanut/stock_key_info/all_stocks_20260606/工业制造/光学光电子/冠捷科技.csv
000728,国元证券,证券Ⅱ,证券,/home/peanut/stock_key_info/all_stocks_20260606/金融/证券/国元证券.csv
000729,燕京啤酒,非白酒,酿酒行业,/home/peanut/stock_key_info/all_stocks_20260606/旧基建/酿酒行业/燕京啤酒.csv
000731,四川美丰,农化制品,农药兽药,/home/peanut/stock_key_info/all_stocks_20260606/化工行业/农药兽药/四川美丰.csv
000733,振华科技,军工电子Ⅱ,航天航空,/home/peanut/stock_key_info/all_stocks_20260606/航天航空/振华科技.csv
000735,罗牛山,养殖业,农牧饲渔,/home/peanut/stock_key_info/all_stocks_20260606/衣食住行/农牧饲渔/罗牛山.csv
000736,中交地产,房地产开发,房地产开发,/home/peanut/stock_key_info/all_stocks_20260606/旧基建/房地产开发/中交地产.csv
000737,北方铜业,工业金属,有色金属,/home/peanut/stock_key_info/all_stocks_20260606/能源/有色金属/北方铜业.csv
000738,航发控制,航空装备Ⅱ,航天航空,/home/peanut/stock_key_info/all_stocks_20260606/航天航空/航发控制.csv
000739,普洛药业,化学制药,化学制药,/home/peanut/stock_key_info/all_stocks_20260606/医药/化学制药/普洛药业.csv
000750,国海证券,证券Ⅱ,证券,/home/peanut/stock_key_info/all_stocks_20260606/金融/证券/国海证券.csv
000751,锌业股份,工业金属,有色金属,/home/peanut/stock_key_info/all_stocks_20260606/能源/有色金属/锌业股份.csv
000753,漳州发展,综合Ⅱ,综合行业,/home/peanut/stock_key_info/all_stocks_20260606/综合行业/漳州发展.csv
000755,山西高速,铁路公路,铁路公路,/home/peanut/stock_key_info/all_stocks_20260606/旧基建/铁路公路/山西高速.csv
000756,新华制药,化学制药,化学制药,/home/peanut/stock_key_info/all_stocks_20260606/医药/化学制药/新华制药.csv
000757,浩物股份,汽车服务,汽车服务,/home/peanut/stock_key_info/all_stocks_20260606/工业制造/汽车服务/浩物股份.csv
000758,中色股份,工业金属,有色金属,/home/peanut/stock_key_info/all_stocks_20260606/能源/有色金属/中色股份.csv
000759,中百集团,一般零售,商业百货,/home/peanut/stock_key_info/all_stocks_20260606/衣食住行/商业百货/中百集团.csv
000761,本钢板材,普钢,钢铁行业,/home/peanut/stock_key_info/all_stocks_20260606/能源/钢铁行业/本钢板材.csv
000762,西藏矿业,能源金属,能源金属,/home/peanut/stock_key_info/all_stocks_20260606/能源/能源金属/西藏矿业.csv
000766,通化金马,化学制药,化学制药,/home/peanut/stock_key_info/all_stocks_20260606/医药/化学制药/通化金马.csv
000767,晋控电力,电力,电力行业,/home/peanut/stock_key_info/all_stocks_20260606/电力行业/晋控电力.csv
000768,中航西飞,航空装备Ⅱ,航天航空,/home/peanut/stock_key_info/all_stocks_20260606/航天航空/中航西飞.csv
000776,广发证券,证券Ⅱ,证券,/home/peanut/stock_key_info/all_stocks_20260606/金融/证券/广发证券.csv
000777,中核科技,通用设备,通用设备,/home/peanut/stock_key_info/all_stocks_20260606/TMT/通用设备/中核科技.csv
000778,新兴铸管,普钢,钢铁行业,/home/peanut/stock_key_info/all_stocks_20260606/能源/钢铁行业/新兴铸管.csv
000779,甘咨询,工程咨询服务Ⅱ,工程咨询服务,/home/peanut/stock_key_info/all_stocks_20260606/旧基建/工程咨询服务/甘咨询.csv
000782,恒申新材,化学纤维,化纤行业,/home/peanut/stock_key_info/all_stocks_20260606/化工行业/化纤行业/恒申新材.csv
000783,长江证券,证券Ⅱ,证券,/home/peanut/stock_key_info/all_stocks_20260606/金融/证券/长江证券.csv
000785,居然智家,一般零售,商业百货,/home/peanut/stock_key_info/all_stocks_20260606/衣食住行/商业百货/居然智家.csv
000786,北新建材,装修建材,装修建材,/home/peanut/stock_key_info/all_stocks_20260606/旧基建/装修建材/北新建材.csv
000788,北大医药,化学制药,化学制药,/home/peanut/stock_key_info/all_stocks_20260606/医药/化学制药/北大医药.csv
000789,万年青,水泥,水泥建材,/home/peanut/stock_key_info/all_stocks_20260606/能源/水泥建材/万年青.csv
000790,华神科技,中药Ⅱ,中药,/home/peanut/stock_key_info/all_stocks_20260606/医药/中药/华神科技.csv
000791,甘肃能源,电力,电力行业,/home/peanut/stock_key_info/all_stocks_20260606/电力行业/甘肃能源.csv
000792,盐湖股份,农化制品,农药兽药,/home/peanut/stock_key_info/all_stocks_20260606/化工行业/农药兽药/盐湖股份.csv
000795,英洛华,金属新材料,小金属,/home/peanut/stock_key_info/all_stocks_20260606/能源/小金属/英洛华.csv
000796,凯撒旅业,旅游及景区,旅游酒店,/home/peanut/stock_key_info/all_stocks_20260606/衣食住行/旅游酒店/凯撒旅业.csv
000797,中国武夷,房地产开发,房地产开发,/home/peanut/stock_key_info/all_stocks_20260606/旧基建/房地产开发/中国武夷.csv
000801,四川九洲,黑色家电,家电行业,/home/peanut/stock_key_info/all_stocks_20260606/衣食住行/家电行业/四川九洲.csv
000798,中水渔业,渔业,农牧饲渔,/home/peanut/stock_key_info/all_stocks_20260606/衣食住行/农牧饲渔/中水渔业.csv
000799,酒鬼酒,白酒Ⅱ,酿酒行业,/home/peanut/stock_key_info/all_stocks_20260606/旧基建/酿酒行业/酒鬼酒.csv
000800,一汽解放,商用车,汽车整车,/home/peanut/stock_key_info/all_stocks_20260606/工业制造/汽车整车/一汽解放.csv
000802,北京文化,影视院线,文化传媒,/home/peanut/stock_key_info/all_stocks_20260606/衣食住行/文化传媒/北京文化.csv
000803,山高环能,电力,电力行业,/home/peanut/stock_key_info/all_stocks_20260606/电力行业/山高环能.csv
000807,云铝股份,工业金属,有色金属,/home/peanut/stock_key_info/all_stocks_20260606/能源/有色金属/云铝股份.csv
000809,和展能源,风电设备,风电设备,/home/peanut/stock_key_info/all_stocks_20260606/能源/风电设备/和展能源.csv
000810,创维数字,黑色家电,家电行业,/home/peanut/stock_key_info/all_stocks_20260606/衣食住行/家电行业/创维数字.csv
000811,冰轮环境,通用设备,通用设备,/home/peanut/stock_key_info/all_stocks_20260606/TMT/通用设备/冰轮环境.csv
000812,陕西金叶,包装印刷,造纸印刷,/home/peanut/stock_key_info/all_stocks_20260606/旧基建/造纸印刷/陕西金叶.csv
000813,德展健康,化学制药,化学制药,/home/peanut/stock_key_info/all_stocks_20260606/医药/化学制药/德展健康.csv
000815,美利云,IT服务Ⅱ,软件开发,/home/peanut/stock_key_info/all_stocks_20260606/TMT/软件开发/美利云.csv
000816,智慧农业,汽车零部件,汽车零部件,/home/peanut/stock_key_info/all_stocks_20260606/工业制造/汽车零部件/智慧农业.csv
000818,航锦科技,化学原料,化学原料,/home/peanut/stock_key_info/all_stocks_20260606/化工行业/化学原料/航锦科技.csv
000819,岳阳兴长,炼化及贸易,石油行业,/home/peanut/stock_key_info/all_stocks_20260606/能源/石油行业/岳阳兴长.csv
000822,山东海化,化学原料,化学原料,/home/peanut/stock_key_info/all_stocks_20260606/化工行业/化学原料/山东海化.csv
000823,超声电子,元件,电子元件,/home/peanut/stock_key_info/all_stocks_20260606/TMT/电子元件/超声电子.csv
000825,太钢不锈,特钢Ⅱ,钢铁行业,/home/peanut/stock_key_info/all_stocks_20260606/能源/钢铁行业/太钢不锈.csv
000828,东莞控股,铁路公路,铁路公路,/home/peanut/stock_key_info/all_stocks_20260606/旧基建/铁路公路/东莞控股.csv
000829,天音控股,专业连锁Ⅱ,商业百货,/home/peanut/stock_key_info/all_stocks_20260606/衣食住行/商业百货/天音控股.csv
000830,鲁西化工,化学原料,化学原料,/home/peanut/stock_key_info/all_stocks_20260606/化工行业/化学原料/鲁西化工.csv
000831,中国稀土,小金属,小金属,/home/peanut/stock_key_info/all_stocks_20260606/能源/小金属/中国稀土.csv
000833,粤桂股份,综合Ⅱ,综合行业,/home/peanut/stock_key_info/all_stocks_20260606/综合行业/粤桂股份.csv
000837,秦川机床,通用设备,通用设备,/home/peanut/stock_key_info/all_stocks_20260606/TMT/通用设备/秦川机床.csv
000839,国安股份,通信服务,通信服务,/home/peanut/stock_key_info/all_stocks_20260606/TMT/通信服务/国安股份.csv
000848,承德露露,饮料乳品,食品饮料,/home/peanut/stock_key_info/all_stocks_20260606/衣食住行/食品饮料/承德露露.csv
000850,华茂股份,纺织制造,纺织服装,/home/peanut/stock_key_info/all_stocks_20260606/衣食住行/纺织服装/华茂股份.csv
000852,石化机械,专用设备,专用设备,/home/peanut/stock_key_info/all_stocks_20260606/工业制造/专用设备/石化机械.csv
000856,冀东装备,专用设备,专用设备,/home/peanut/stock_key_info/all_stocks_20260606/工业制造/专用设备/冀东装备.csv
000858,五粮液,白酒Ⅱ,酿酒行业,/home/peanut/stock_key_info/all_stocks_20260606/旧基建/酿酒行业/五粮液.csv
000859,国风新材,塑料,塑料制品,/home/peanut/stock_key_info/all_stocks_20260606/化工行业/塑料制品/国风新材.csv
000860,顺鑫农业,白酒Ⅱ,酿酒行业,/home/peanut/stock_key_info/all_stocks_20260606/旧基建/酿酒行业/顺鑫农业.csv
000862,银星能源,电力,电力行业,/home/peanut/stock_key_info/all_stocks_20260606/电力行业/银星能源.csv
000863,三湘印象,房地产开发,房地产开发,/home/peanut/stock_key_info/all_stocks_20260606/旧基建/房地产开发/三湘印象.csv
000868,安凯客车,商用车,汽车整车,/home/peanut/stock_key_info/all_stocks_20260606/工业制造/汽车整车/安凯客车.csv
000869,张裕Ａ,非白酒,酿酒行业,/home/peanut/stock_key_info/all_stocks_20260606/旧基建/酿酒行业/张裕Ａ.csv
000875,电投绿能,电力,电力行业,/home/peanut/stock_key_info/all_stocks_20260606/电力行业/电投绿能.csv
000876,新希望,养殖业,农牧饲渔,/home/peanut/stock_key_info/all_stocks_20260606/衣食住行/农牧饲渔/新希望.csv
000877,天山股份,水泥,水泥建材,/home/peanut/stock_key_info/all_stocks_20260606/能源/水泥建材/天山股份.csv
000878,云南铜业,工业金属,有色金属,/home/peanut/stock_key_info/all_stocks_20260606/能源/有色金属/云南铜业.csv
000880,潍柴重机,汽车零部件,汽车零部件,/home/peanut/stock_key_info/all_stocks_20260606/工业制造/汽车零部件/潍柴重机.csv
000881,中广核技,化学制品,化学制品,/home/peanut/stock_key_info/all_stocks_20260606/化工行业/化学制品/中广核技.csv
000882,华联股份,一般零售,商业百货,/home/peanut/stock_key_info/all_stocks_20260606/衣食住行/商业百货/华联股份.csv
000883,湖北能源,电力,电力行业,/home/peanut/stock_key_info/all_stocks_20260606/电力行业/湖北能源.csv
000885,城发环境,环境治理,环保行业,/home/peanut/stock_key_info/all_stocks_20260606/衣食住行/环保行业/城发环境.csv
000886,海南高速,铁路公路,铁路公路,/home/peanut/stock_key_info/all_stocks_20260606/旧基建/铁路公路/海南高速.csv
000887,中鼎股份,汽车零部件,汽车零部件,/home/peanut/stock_key_info/all_stocks_20260606/工业制造/汽车零部件/中鼎股份.csv
000888,峨眉山Ａ,旅游及景区,旅游酒店,/home/peanut/stock_key_info/all_stocks_20260606/衣食住行/旅游酒店/峨眉山Ａ.csv
000889,中嘉博创,通信服务,通信服务,/home/peanut/stock_key_info/all_stocks_20260606/TMT/通信服务/中嘉博创.csv
000890,法尔胜,环保设备Ⅱ,环保行业,/home/peanut/stock_key_info/all_stocks_20260606/衣食住行/环保行业/法尔胜.csv
000892,欢瑞世纪,影视院线,文化传媒,/home/peanut/stock_key_info/all_stocks_20260606/衣食住行/文化传媒/欢瑞世纪.csv
000893,亚钾国际,农化制品,农药兽药,/home/peanut/stock_key_info/all_stocks_20260606/化工行业/农药兽药/亚钾国际.csv
000895,双汇发展,食品加工,食品饮料,/home/peanut/stock_key_info/all_stocks_20260606/衣食住行/食品饮料/双汇发展.csv
000897,津滨发展,房地产开发,房地产开发,/home/peanut/stock_key_info/all_stocks_20260606/旧基建/房地产开发/津滨发展.csv
000898,鞍钢股份,普钢,钢铁行业,/home/peanut/stock_key_info/all_stocks_20260606/能源/钢铁行业/鞍钢股份.csv
000899,赣能股份,电力,电力行业,/home/peanut/stock_key_info/all_stocks_20260606/电力行业/赣能股份.csv
000900,现代投资,铁路公路,铁路公路,/home/peanut/stock_key_info/all_stocks_20260606/旧基建/铁路公路/现代投资.csv
000901,航天科技,汽车零部件,汽车零部件,/home/peanut/stock_key_info/all_stocks_20260606/工业制造/汽车零部件/航天科技.csv
000902,新洋丰,农化制品,农药兽药,/home/peanut/stock_key_info/all_stocks_20260606/化工行业/农药兽药/新洋丰.csv
000905,厦门港务,航运港口,航运港口,/home/peanut/stock_key_info/all_stocks_20260606/航运物流/航运港口/厦门港务.csv
000906,浙商中拓,物流,物流行业,/home/peanut/stock_key_info/all_stocks_20260606/航运物流/物流行业/浙商中拓.csv
000910,大亚圣象,家居用品,家用轻工,/home/peanut/stock_key_info/all_stocks_20260606/衣食住行/家用轻工/大亚圣象.csv
000912,泸天化,农化制品,农药兽药,/home/peanut/stock_key_info/all_stocks_20260606/化工行业/农药兽药/泸天化.csv
000913,钱江摩托,摩托车及其他,汽车整车,/home/peanut/stock_key_info/all_stocks_20260606/工业制造/汽车整车/钱江摩托.csv
000915,华特达因,化学制药,化学制药,/home/peanut/stock_key_info/all_stocks_20260606/医药/化学制药/华特达因.csv
000917,电广传媒,电视广播Ⅱ,文化传媒,/home/peanut/stock_key_info/all_stocks_20260606/衣食住行/文化传媒/电广传媒.csv
000919,金陵药业,化学制药,化学制药,/home/peanut/stock_key_info/all_stocks_20260606/医药/化学制药/金陵药业.csv
000920,沃顿科技,塑料,塑料制品,/home/peanut/stock_key_info/all_stocks_20260606/化工行业/塑料制品/沃顿科技.csv
000921,海信家电,白色家电,家电行业,/home/peanut/stock_key_info/all_stocks_20260606/衣食住行/家电行业/海信家电.csv
000922,佳电股份,电机Ⅱ,电机,/home/peanut/stock_key_info/all_stocks_20260606/工业制造/电机/佳电股份.csv
000923,河钢资源,冶钢原料,钢铁行业,/home/peanut/stock_key_info/all_stocks_20260606/能源/钢铁行业/河钢资源.csv
000925,众合科技,轨交设备Ⅱ,交运设备,/home/peanut/stock_key_info/all_stocks_20260606/工业制造/交运设备/众合科技.csv
000926,福星股份,房地产开发,房地产开发,/home/peanut/stock_key_info/all_stocks_20260606/旧基建/房地产开发/福星股份.csv
000927,中国铁物,轨交设备Ⅱ,交运设备,/home/peanut/stock_key_info/all_stocks_20260606/工业制造/交运设备/中国铁物.csv
000928,中钢国际,专业工程,工程建设,/home/peanut/stock_key_info/all_stocks_20260606/旧基建/工程建设/中钢国际.csv
000930,中粮科技,农产品加工,农牧饲渔,/home/peanut/stock_key_info/all_stocks_20260606/衣食住行/农牧饲渔/中粮科技.csv
000931,中关村,化学制药,化学制药,/home/peanut/stock_key_info/all_stocks_20260606/医药/化学制药/中关村.csv
000932,华菱钢铁,普钢,钢铁行业,/home/peanut/stock_key_info/all_stocks_20260606/能源/钢铁行业/华菱钢铁.csv
000933,神火股份,工业金属,有色金属,/home/peanut/stock_key_info/all_stocks_20260606/能源/有色金属/神火股份.csv
000935,四川双马,多元金融,多元金融,/home/peanut/stock_key_info/all_stocks_20260606/金融/多元金融/四川双马.csv
000936,华西股份,化学纤维,化纤行业,/home/peanut/stock_key_info/all_stocks_20260606/化工行业/化纤行业/华西股份.csv
000937,冀中能源,煤炭开采,煤炭行业,/home/peanut/stock_key_info/all_stocks_20260606/能源/煤炭行业/冀中能源.csv
000938,紫光股份,IT服务Ⅱ,软件开发,/home/peanut/stock_key_info/all_stocks_20260606/TMT/软件开发/紫光股份.csv
000948,南天信息,软件开发,软件开发,/home/peanut/stock_key_info/all_stocks_20260606/TMT/软件开发/南天信息.csv
000949,新乡化纤,化学纤维,化纤行业,/home/peanut/stock_key_info/all_stocks_20260606/化工行业/化纤行业/新乡化纤.csv
000950,重药控股,医药商业,医药商业,/home/peanut/stock_key_info/all_stocks_20260606/医药/医药商业/重药控股.csv
000951,中国重汽,商用车,汽车整车,/home/peanut/stock_key_info/all_stocks_20260606/工业制造/汽车整车/中国重汽.csv
000952,广济药业,化学制药,化学制药,/home/peanut/stock_key_info/all_stocks_20260606/医药/化学制药/广济药业.csv
000953,中哲精化,化学制药,化学制药,/home/peanut/stock_key_info/all_stocks_20260606/医药/化学制药/中哲精化.csv
000955,欣龙控股,纺织制造,纺织服装,/home/peanut/stock_key_info/all_stocks_20260606/衣食住行/纺织服装/欣龙控股.csv
000957,中通客车,商用车,汽车整车,/home/peanut/stock_key_info/all_stocks_20260606/工业制造/汽车整车/中通客车.csv
000958,电投产融,电力,电力行业,/home/peanut/stock_key_info/all_stocks_20260606/电力行业/电投产融.csv
000959,首钢股份,普钢,钢铁行业,/home/peanut/stock_key_info/all_stocks_20260606/能源/钢铁行业/首钢股份.csv
000960,锡业股份,小金属,小金属,/home/peanut/stock_key_info/all_stocks_20260606/能源/小金属/锡业股份.csv
000962,东方钽业,小金属,小金属,/home/peanut/stock_key_info/all_stocks_20260606/能源/小金属/东方钽业.csv
000963,华东医药,化学制药,化学制药,/home/peanut/stock_key_info/all_stocks_20260606/医药/化学制药/华东医药.csv
000965,天保基建,房地产开发,房地产开发,/home/peanut/stock_key_info/all_stocks_20260606/旧基建/房地产开发/天保基建.csv
000966,长源电力,电力,电力行业,/home/peanut/stock_key_info/all_stocks_20260606/电力行业/长源电力.csv
000967,盈峰环境,环保设备Ⅱ,环保行业,/home/peanut/stock_key_info/all_stocks_20260606/衣食住行/环保行业/盈峰环境.csv
000968,蓝焰控股,油气开采Ⅱ,石油行业,/home/peanut/stock_key_info/all_stocks_20260606/能源/石油行业/蓝焰控股.csv
000969,安泰科技,金属新材料,小金属,/home/peanut/stock_key_info/all_stocks_20260606/能源/小金属/安泰科技.csv
000970,中科三环,金属新材料,小金属,/home/peanut/stock_key_info/all_stocks_20260606/能源/小金属/中科三环.csv
000973,佛塑科技,塑料,塑料制品,/home/peanut/stock_key_info/all_stocks_20260606/化工行业/塑料制品/佛塑科技.csv
000975,山金国际,贵金属,贵金属,/home/peanut/stock_key_info/all_stocks_20260606/能源/贵金属/山金国际.csv
000977,浪潮信息,计算机设备,计算机设备,/home/peanut/stock_key_info/all_stocks_20260606/TMT/计算机设备/浪潮信息.csv
000978,桂林旅游,旅游及景区,旅游酒店,/home/peanut/stock_key_info/all_stocks_20260606/衣食住行/旅游酒店/桂林旅游.csv
000980,众泰汽车,汽车零部件,汽车零部件,/home/peanut/stock_key_info/all_stocks_20260606/工业制造/汽车零部件/众泰汽车.csv
000981,山子高科,汽车零部件,汽车零部件,/home/peanut/stock_key_info/all_stocks_20260606/工业制造/汽车零部件/山子高科.csv
000985,大庆华科,炼化及贸易,石油行业,/home/peanut/stock_key_info/all_stocks_20260606/能源/石油行业/大庆华科.csv
000983,山西焦煤,煤炭开采,煤炭行业,/home/peanut/stock_key_info/all_stocks_20260606/能源/煤炭行业/山西焦煤.csv
000987,越秀资本,多元金融,多元金融,/home/peanut/stock_key_info/all_stocks_20260606/金融/多元金融/越秀资本.csv
000988,华工科技,自动化设备,专用设备,/home/peanut/stock_key_info/all_stocks_20260606/工业制造/专用设备/华工科技.csv
000989,九芝堂,中药Ⅱ,中药,/home/peanut/stock_key_info/all_stocks_20260606/医药/中药/九芝堂.csv
000990,诚志股份,化学原料,化学原料,/home/peanut/stock_key_info/all_stocks_20260606/化工行业/化学原料/诚志股份.csv
000993,闽东电力,电力,电力行业,/home/peanut/stock_key_info/all_stocks_20260606/电力行业/闽东电力.csv
000995,皇台酒业,白酒Ⅱ,酿酒行业,/home/peanut/stock_key_info/all_stocks_20260606/旧基建/酿酒行业/皇台酒业.csv
000997,新大陆,计算机设备,计算机设备,/home/peanut/stock_key_info/all_stocks_20260606/TMT/计算机设备/新大陆.csv
000998,隆平高科,种植业,农牧饲渔,/home/peanut/stock_key_info/all_stocks_20260606/衣食住行/农牧饲渔/隆平高科.csv
000999,华润三九,中药Ⅱ,中药,/home/peanut/stock_key_info/all_stocks_20260606/医药/中药/华润三九.csv
001201,东瑞股份,养殖业,农牧饲渔,/home/peanut/stock_key_info/all_stocks_20260606/衣食住行/农牧饲渔/东瑞股份.csv
001203,大中矿业,冶钢原料,钢铁行业,/home/peanut/stock_key_info/all_stocks_20260606/能源/钢铁行业/大中矿业.csv
001202,炬申股份,物流,物流行业,/home/peanut/stock_key_info/all_stocks_20260606/航运物流/物流行业/炬申股份.csv
001205,盛航股份,航运港口,航运港口,/home/peanut/stock_key_info/all_stocks_20260606/航运物流/航运港口/盛航股份.csv
001206,依依股份,个护用品,美容护理,/home/peanut/stock_key_info/all_stocks_20260606/衣食住行/美容护理/依依股份.csv
001207,联科科技,橡胶,橡胶制品,/home/peanut/stock_key_info/all_stocks_20260606/能源/橡胶制品/联科科技.csv
001208,华菱线缆,电网设备,电网设备,/home/peanut/stock_key_info/all_stocks_20260606/能源/电网设备/华菱线缆.csv
001209,洪兴股份,服装家纺,纺织服装,/home/peanut/stock_key_info/all_stocks_20260606/衣食住行/纺织服装/洪兴股份.csv
001210,金房能源,电力,电力行业,/home/peanut/stock_key_info/all_stocks_20260606/电力行业/金房能源.csv
001211,双枪科技,家居用品,家用轻工,/home/peanut/stock_key_info/all_stocks_20260606/衣食住行/家用轻工/双枪科技.csv
001212,中旗新材,装修建材,装修建材,/home/peanut/stock_key_info/all_stocks_20260606/旧基建/装修建材/中旗新材.csv
001213,中铁特货,铁路公路,铁路公路,/home/peanut/stock_key_info/all_stocks_20260606/旧基建/铁路公路/中铁特货.csv
001215,千味央厨,食品加工,食品饮料,/home/peanut/stock_key_info/all_stocks_20260606/衣食住行/食品饮料/千味央厨.csv
001216,华瓷股份,家居用品,家用轻工,/home/peanut/stock_key_info/all_stocks_20260606/衣食住行/家用轻工/华瓷股份.csv
001217,华尔泰,化学原料,化学原料,/home/peanut/stock_key_info/all_stocks_20260606/化工行业/化学原料/华尔泰.csv
001218,丽臣实业,化学制品,化学制品,/home/peanut/stock_key_info/all_stocks_20260606/化工行业/化学制品/丽臣实业.csv
001219,青岛食品,休闲食品,食品饮料,/home/peanut/stock_key_info/all_stocks_20260606/衣食住行/食品饮料/青岛食品.csv
001221,悍高集团,家居用品,家用轻工,/home/peanut/stock_key_info/all_stocks_20260606/衣食住行/家用轻工/悍高集团.csv
001220,世盟股份,物流,物流行业,/home/peanut/stock_key_info/all_stocks_20260606/航运物流/物流行业/世盟股份.csv
001222,源飞宠物,文娱用品,家用轻工,/home/peanut/stock_key_info/all_stocks_20260606/衣食住行/家用轻工/源飞宠物.csv
001223,欧克科技,自动化设备,专用设备,/home/peanut/stock_key_info/all_stocks_20260606/工业制造/专用设备/欧克科技.csv
001225,和泰机电,专用设备,专用设备,/home/peanut/stock_key_info/all_stocks_20260606/工业制造/专用设备/和泰机电.csv
001226,拓山重工,工程机械,工程机械,/home/peanut/stock_key_info/all_stocks_20260606/旧基建/工程机械/拓山重工.csv
001227,兰州银行,银行Ⅱ,银行,/home/peanut/stock_key_info/all_stocks_20260606/金融/银行/兰州银行.csv
001228,永泰运,物流,物流行业,/home/peanut/stock_key_info/all_stocks_20260606/航运物流/物流行业/永泰运.csv
001229,魅视科技,计算机设备,计算机设备,/home/peanut/stock_key_info/all_stocks_20260606/TMT/计算机设备/魅视科技.csv
001230,劲旅环境,环境治理,环保行业,/home/peanut/stock_key_info/all_stocks_20260606/衣食住行/环保行业/劲旅环境.csv
001231,农心科技,农化制品,农药兽药,/home/peanut/stock_key_info/all_stocks_20260606/化工行业/农药兽药/农心科技.csv
001233,海安集团,汽车零部件,汽车零部件,/home/peanut/stock_key_info/all_stocks_20260606/工业制造/汽车零部件/海安集团.csv
001234,泰慕士,服装家纺,纺织服装,/home/peanut/stock_key_info/all_stocks_20260606/衣食住行/纺织服装/泰慕士.csv
001236,弘业期货,多元金融,多元金融,/home/peanut/stock_key_info/all_stocks_20260606/金融/多元金融/弘业期货.csv
001238,浙江正特,文娱用品,家用轻工,/home/peanut/stock_key_info/all_stocks_20260606/衣食住行/家用轻工/浙江正特.csv
001237,惠康科技,通用设备,通用设备,/home/peanut/stock_key_info/all_stocks_20260606/TMT/通用设备/惠康科技.csv
001255,博菲电气,塑料,塑料制品,/home/peanut/stock_key_info/all_stocks_20260606/化工行业/塑料制品/博菲电气.csv
001239,永达股份,工程机械,工程机械,/home/peanut/stock_key_info/all_stocks_20260606/旧基建/工程机械/永达股份.csv
001256,炜冈科技,专用设备,专用设备,/home/peanut/stock_key_info/all_stocks_20260606/工业制造/专用设备/炜冈科技.csv
001257,盛龙股份,小金属,小金属,/home/peanut/stock_key_info/all_stocks_20260606/能源/小金属/盛龙股份.csv
001258,立新能源,电力,电力行业,/home/peanut/stock_key_info/all_stocks_20260606/电力行业/立新能源.csv
001259,利仁科技,小家电,家电行业,/home/peanut/stock_key_info/all_stocks_20260606/衣食住行/家电行业/利仁科技.csv
001260,坤泰股份,汽车零部件,汽车零部件,/home/peanut/stock_key_info/all_stocks_20260606/工业制造/汽车零部件/坤泰股份.csv
001266,宏英智能,自动化设备,专用设备,/home/peanut/stock_key_info/all_stocks_20260606/工业制造/专用设备/宏英智能.csv
001267,汇绿生态,通信设备,通信设备,/home/peanut/stock_key_info/all_stocks_20260606/TMT/通信设备/汇绿生态.csv
001268,联合精密,家电零部件Ⅱ,家电行业,/home/peanut/stock_key_info/all_stocks_20260606/衣食住行/家电行业/联合精密.csv
001269,欧晶科技,光伏设备,光伏设备,/home/peanut/stock_key_info/all_stocks_20260606/能源/光伏设备/欧晶科技.csv
001270,铖昌科技,军工电子Ⅱ,航天航空,/home/peanut/stock_key_info/all_stocks_20260606/航天航空/铖昌科技.csv
001277,速达股份,专用设备,专用设备,/home/peanut/stock_key_info/all_stocks_20260606/工业制造/专用设备/速达股份.csv
001278,一彬科技,汽车零部件,汽车零部件,/home/peanut/stock_key_info/all_stocks_20260606/工业制造/汽车零部件/一彬科技.csv
001279,强邦新材,包装印刷,造纸印刷,/home/peanut/stock_key_info/all_stocks_20260606/旧基建/造纸印刷/强邦新材.csv
001280,中国铀业,小金属,小金属,/home/peanut/stock_key_info/all_stocks_20260606/能源/小金属/中国铀业.csv
001282,三联锻造,汽车零部件,汽车零部件,/home/peanut/stock_key_info/all_stocks_20260606/工业制造/汽车零部件/三联锻造.csv
001283,豪鹏科技,电池,电池,/home/peanut/stock_key_info/all_stocks_20260606/能源/电池/豪鹏科技.csv
001285,瑞立科密,汽车零部件,汽车零部件,/home/peanut/stock_key_info/all_stocks_20260606/工业制造/汽车零部件/瑞立科密.csv
001286,陕西能源,电力,电力行业,/home/peanut/stock_key_info/all_stocks_20260606/电力行业/陕西能源.csv
001287,中电港,其他电子Ⅱ,消费电子,/home/peanut/stock_key_info/all_stocks_20260606/工业制造/消费电子/中电港.csv
001288,运机集团,专用设备,专用设备,/home/peanut/stock_key_info/all_stocks_20260606/工业制造/专用设备/运机集团.csv
001289,龙源电力,电力,电力行业,/home/peanut/stock_key_info/all_stocks_20260606/电力行业/龙源电力.csv
001296,长江材料,非金属材料Ⅱ,非金属材料,/home/peanut/stock_key_info/all_stocks_20260606/化工行业/非金属材料/长江材料.csv
001298,好上好,其他电子Ⅱ,消费电子,/home/peanut/stock_key_info/all_stocks_20260606/工业制造/消费电子/好上好.csv
001299,美能能源,燃气Ⅱ,燃气,/home/peanut/stock_key_info/all_stocks_20260606/能源/燃气/美能能源.csv
001300,三柏硕,文娱用品,家用轻工,/home/peanut/stock_key_info/all_stocks_20260606/衣食住行/家用轻工/三柏硕.csv
001301,尚太科技,电池,电池,/home/peanut/stock_key_info/all_stocks_20260606/能源/电池/尚太科技.csv
001306,夏厦精密,通用设备,通用设备,/home/peanut/stock_key_info/all_stocks_20260606/TMT/通用设备/夏厦精密.csv
001308,康冠科技,光学光电子,光学光电子,/home/peanut/stock_key_info/all_stocks_20260606/工业制造/光学光电子/康冠科技.csv
001309,德明利,半导体,半导体,/home/peanut/stock_key_info/all_stocks_20260606/TMT/半导体/德明利.csv
001311,多利科技,汽车零部件,汽车零部件,/home/peanut/stock_key_info/all_stocks_20260606/工业制造/汽车零部件/多利科技.csv
001313,粤海饲料,饲料,农牧饲渔,/home/peanut/stock_key_info/all_stocks_20260606/衣食住行/农牧饲渔/粤海饲料.csv
001312,福恩股份,纺织制造,纺织服装,/home/peanut/stock_key_info/all_stocks_20260606/衣食住行/纺织服装/福恩股份.csv
001314,亿道信息,消费电子,消费电子,/home/peanut/stock_key_info/all_stocks_20260606/工业制造/消费电子/亿道信息.csv
001316,润贝航科,炼化及贸易,石油行业,/home/peanut/stock_key_info/all_stocks_20260606/能源/石油行业/润贝航科.csv
001317,三羊马,铁路公路,铁路公路,/home/peanut/stock_key_info/all_stocks_20260606/旧基建/铁路公路/三羊马.csv
001318,阳光乳业,饮料乳品,食品饮料,/home/peanut/stock_key_info/all_stocks_20260606/衣食住行/食品饮料/阳光乳业.csv
001319,铭科精技,汽车零部件,汽车零部件,/home/peanut/stock_key_info/all_stocks_20260606/工业制造/汽车零部件/铭科精技.csv
001322,箭牌家居,家居用品,家用轻工,/home/peanut/stock_key_info/all_stocks_20260606/衣食住行/家用轻工/箭牌家居.csv
001323,慕思股份,家居用品,家用轻工,/home/peanut/stock_key_info/all_stocks_20260606/衣食住行/家用轻工/慕思股份.csv
001324,长青科技,轨交设备Ⅱ,交运设备,/home/peanut/stock_key_info/all_stocks_20260606/工业制造/交运设备/长青科技.csv
001325,元创股份,橡胶,橡胶制品,/home/peanut/stock_key_info/all_stocks_20260606/能源/橡胶制品/元创股份.csv
001326,联域股份,照明设备Ⅱ,光学光电子,/home/peanut/stock_key_info/all_stocks_20260606/工业制造/光学光电子/联域股份.csv
001328,登康口腔,个护用品,美容护理,/home/peanut/stock_key_info/all_stocks_20260606/衣食住行/美容护理/登康口腔.csv
001330,博纳影业,影视院线,文化传媒,/home/peanut/stock_key_info/all_stocks_20260606/衣食住行/文化传媒/博纳影业.csv
001331,胜通能源,燃气Ⅱ,燃气,/home/peanut/stock_key_info/all_stocks_20260606/能源/燃气/胜通能源.csv
001332,锡装股份,专用设备,专用设备,/home/peanut/stock_key_info/all_stocks_20260606/工业制造/专用设备/锡装股份.csv
001333,光华股份,塑料,塑料制品,/home/peanut/stock_key_info/all_stocks_20260606/化工行业/塑料制品/光华股份.csv
001335,信凯科技,化学制品,化学制品,/home/peanut/stock_key_info/all_stocks_20260606/化工行业/化学制品/信凯科技.csv
001336,楚环科技,环保设备Ⅱ,环保行业,/home/peanut/stock_key_info/all_stocks_20260606/衣食住行/环保行业/楚环科技.csv
001337,四川黄金,贵金属,贵金属,/home/peanut/stock_key_info/all_stocks_20260606/能源/贵金属/四川黄金.csv
001338,永顺泰,农产品加工,农牧饲渔,/home/peanut/stock_key_info/all_stocks_20260606/衣食住行/农牧饲渔/永顺泰.csv
001339,智微智能,计算机设备,计算机设备,/home/peanut/stock_key_info/all_stocks_20260606/TMT/计算机设备/智微智能.csv
001356,富岭股份,家居用品,家用轻工,/home/peanut/stock_key_info/all_stocks_20260606/衣食住行/家用轻工/富岭股份.csv
001358,兴欣新材,化学制品,化学制品,/home/peanut/stock_key_info/all_stocks_20260606/化工行业/化学制品/兴欣新材.csv
001359,平安电工,塑料,塑料制品,/home/peanut/stock_key_info/all_stocks_20260606/化工行业/塑料制品/平安电工.csv
001360,南矿集团,专用设备,专用设备,/home/peanut/stock_key_info/all_stocks_20260606/工业制造/专用设备/南矿集团.csv
001365,天海电子,汽车零部件,汽车零部件,/home/peanut/stock_key_info/all_stocks_20260606/工业制造/汽车零部件/天海电子.csv
001366,播恩集团,饲料,农牧饲渔,/home/peanut/stock_key_info/all_stocks_20260606/衣食住行/农牧饲渔/播恩集团.csv
001367,海森药业,化学制药,化学制药,/home/peanut/stock_key_info/all_stocks_20260606/医药/化学制药/海森药业.csv
001368,通达创智,文娱用品,家用轻工,/home/peanut/stock_key_info/all_stocks_20260606/衣食住行/家用轻工/通达创智.csv
001369,双欣材料,化学纤维,化纤行业,/home/peanut/stock_key_info/all_stocks_20260606/化工行业/化纤行业/双欣材料.csv
001373,翔腾新材,光学光电子,光学光电子,/home/peanut/stock_key_info/all_stocks_20260606/工业制造/光学光电子/翔腾新材.csv
001376,百通能源,电力,电力行业,/home/peanut/stock_key_info/all_stocks_20260606/电力行业/百通能源.csv
001378,德冠新材,塑料,塑料制品,/home/peanut/stock_key_info/all_stocks_20260606/化工行业/塑料制品/德冠新材.csv
001379,腾达科技,通用设备,通用设备,/home/peanut/stock_key_info/all_stocks_20260606/TMT/通用设备/腾达科技.csv
001380,华纬科技,汽车零部件,汽车零部件,/home/peanut/stock_key_info/all_stocks_20260606/工业制造/汽车零部件/华纬科技.csv
001382,新亚电缆,电网设备,电网设备,/home/peanut/stock_key_info/all_stocks_20260606/能源/电网设备/新亚电缆.csv
001386,马可波罗,家居用品,家用轻工,/home/peanut/stock_key_info/all_stocks_20260606/衣食住行/家用轻工/马可波罗.csv
001387,雪祺电气,白色家电,家电行业,/home/peanut/stock_key_info/all_stocks_20260606/衣食住行/家电行业/雪祺电气.csv
001388,信通电子,电网设备,电网设备,/home/peanut/stock_key_info/all_stocks_20260606/能源/电网设备/信通电子.csv
001389,广合科技,元件,电子元件,/home/peanut/stock_key_info/all_stocks_20260606/TMT/电子元件/广合科技.csv
001390,古麒绒材,纺织制造,纺织服装,/home/peanut/stock_key_info/all_stocks_20260606/衣食住行/纺织服装/古麒绒材.csv
001391,国货航,物流,物流行业,/home/peanut/stock_key_info/all_stocks_20260606/航运物流/物流行业/国货航.csv
001393,维通利,电网设备,电网设备,/home/peanut/stock_key_info/all_stocks_20260606/能源/电网设备/维通利.csv
001395,亚联机械,专用设备,专用设备,/home/peanut/stock_key_info/all_stocks_20260606/工业制造/专用设备/亚联机械.csv
001396,誉帆科技,基础建设,工程建设,/home/peanut/stock_key_info/all_stocks_20260606/旧基建/工程建设/誉帆科技.csv
001400,江顺科技,专用设备,专用设备,/home/peanut/stock_key_info/all_stocks_20260606/工业制造/专用设备/江顺科技.csv
001696,宗申动力,通用设备,通用设备,/home/peanut/stock_key_info/all_stocks_20260606/TMT/通用设备/宗申动力.csv
001872,招商港口,航运港口,航运港口,/home/peanut/stock_key_info/all_stocks_20260606/航运物流/航运港口/招商港口.csv
001896,豫能控股,电力,电力行业,/home/peanut/stock_key_info/all_stocks_20260606/电力行业/豫能控股.csv
001914,招商积余,房地产服务,房地产服务,/home/peanut/stock_key_info/all_stocks_20260606/旧基建/房地产服务/招商积余.csv
001979,招商蛇口,房地产开发,房地产开发,/home/peanut/stock_key_info/all_stocks_20260606/旧基建/房地产开发/招商蛇口.csv
001965,招商公路,铁路公路,铁路公路,/home/peanut/stock_key_info/all_stocks_20260606/旧基建/铁路公路/招商公路.csv
002001,新和成,化学制品,化学制品,/home/peanut/stock_key_info/all_stocks_20260606/化工行业/化学制品/新和成.csv
002003,伟星股份,纺织制造,纺织服装,/home/peanut/stock_key_info/all_stocks_20260606/衣食住行/纺织服装/伟星股份.csv
002006,精工科技,专用设备,专用设备,/home/peanut/stock_key_info/all_stocks_20260606/工业制造/专用设备/精工科技.csv
002004,华邦健康,化学制药,化学制药,/home/peanut/stock_key_info/all_stocks_20260606/医药/化学制药/华邦健康.csv
002007,华兰生物,生物制品,生物制品,/home/peanut/stock_key_info/all_stocks_20260606/医药/生物制品/华兰生物.csv
002008,大族激光,自动化设备,专用设备,/home/peanut/stock_key_info/all_stocks_20260606/工业制造/专用设备/大族激光.csv
002010,传化智联,物流,物流行业,/home/peanut/stock_key_info/all_stocks_20260606/航运物流/物流行业/传化智联.csv
002009,天奇股份,专用设备,专用设备,/home/peanut/stock_key_info/all_stocks_20260606/工业制造/专用设备/天奇股份.csv
002011,盾安环境,家电零部件Ⅱ,家电行业,/home/peanut/stock_key_info/all_stocks_20260606/衣食住行/家电行业/盾安环境.csv
002012,凯恩股份,造纸,造纸印刷,/home/peanut/stock_key_info/all_stocks_20260606/旧基建/造纸印刷/凯恩股份.csv
002014,永新股份,包装印刷,造纸印刷,/home/peanut/stock_key_info/all_stocks_20260606/旧基建/造纸印刷/永新股份.csv
002015,协鑫能科,电力,电力行业,/home/peanut/stock_key_info/all_stocks_20260606/电力行业/协鑫能科.csv
002016,世荣兆业,房地产开发,房地产开发,/home/peanut/stock_key_info/all_stocks_20260606/旧基建/房地产开发/世荣兆业.csv
002017,东信和平,通信设备,通信设备,/home/peanut/stock_key_info/all_stocks_20260606/TMT/通信设备/东信和平.csv
002019,亿帆医药,化学制药,化学制药,/home/peanut/stock_key_info/all_stocks_20260606/医药/化学制药/亿帆医药.csv
002020,京新药业,化学制药,化学制药,/home/peanut/stock_key_info/all_stocks_20260606/医药/化学制药/京新药业.csv
002021,中捷资源,专用设备,专用设备,/home/peanut/stock_key_info/all_stocks_20260606/工业制造/专用设备/中捷资源.csv
002022,科华生物,医疗器械,医疗器械,/home/peanut/stock_key_info/all_stocks_20260606/医药/医疗器械/科华生物.csv
002023,海特高新,航空装备Ⅱ,航天航空,/home/peanut/stock_key_info/all_stocks_20260606/航天航空/海特高新.csv
002025,航天电器,军工电子Ⅱ,航天航空,/home/peanut/stock_key_info/all_stocks_20260606/航天航空/航天电器.csv
002026,山东威达,通用设备,通用设备,/home/peanut/stock_key_info/all_stocks_20260606/TMT/通用设备/山东威达.csv
002027,分众传媒,广告营销,文化传媒,/home/peanut/stock_key_info/all_stocks_20260606/衣食住行/文化传媒/分众传媒.csv
002030,达安基因,医疗器械,医疗器械,/home/peanut/stock_key_info/all_stocks_20260606/医药/医疗器械/达安基因.csv
002028,思源电气,电网设备,电网设备,/home/peanut/stock_key_info/all_stocks_20260606/能源/电网设备/思源电气.csv
002029,七匹狼,服装家纺,纺织服装,/home/peanut/stock_key_info/all_stocks_20260606/衣食住行/纺织服装/七匹狼.csv
002031,巨轮智能,专用设备,专用设备,/home/peanut/stock_key_info/all_stocks_20260606/工业制造/专用设备/巨轮智能.csv
002032,苏泊尔,小家电,家电行业,/home/peanut/stock_key_info/all_stocks_20260606/衣食住行/家电行业/苏泊尔.csv
002033,丽江股份,旅游及景区,旅游酒店,/home/peanut/stock_key_info/all_stocks_20260606/衣食住行/旅游酒店/丽江股份.csv
002034,旺能环境,环境治理,环保行业,/home/peanut/stock_key_info/all_stocks_20260606/衣食住行/环保行业/旺能环境.csv
002035,华帝股份,厨卫电器,家电行业,/home/peanut/stock_key_info/all_stocks_20260606/衣食住行/家电行业/华帝股份.csv
002036,联创电子,光学光电子,光学光电子,/home/peanut/stock_key_info/all_stocks_20260606/工业制造/光学光电子/联创电子.csv
002037,保利联合,化学制品,化学制品,/home/peanut/stock_key_info/all_stocks_20260606/化工行业/化学制品/保利联合.csv
002038,双鹭药业,化学制药,化学制药,/home/peanut/stock_key_info/all_stocks_20260606/医药/化学制药/双鹭药业.csv
002039,黔源电力,电力,电力行业,/home/peanut/stock_key_info/all_stocks_20260606/电力行业/黔源电力.csv
002040,南京港,航运港口,航运港口,/home/peanut/stock_key_info/all_stocks_20260606/航运物流/航运港口/南京港.csv
002041,登海种业,种植业,农牧饲渔,/home/peanut/stock_key_info/all_stocks_20260606/衣食住行/农牧饲渔/登海种业.csv
002042,华孚时尚,纺织制造,纺织服装,/home/peanut/stock_key_info/all_stocks_20260606/衣食住行/纺织服装/华孚时尚.csv
002043,兔宝宝,装修建材,装修建材,/home/peanut/stock_key_info/all_stocks_20260606/旧基建/装修建材/兔宝宝.csv
002044,美年健康,医疗服务,医疗服务,/home/peanut/stock_key_info/all_stocks_20260606/医药/医疗服务/美年健康.csv
002045,国光电器,消费电子,消费电子,/home/peanut/stock_key_info/all_stocks_20260606/工业制造/消费电子/国光电器.csv
002046,国机精工,通用设备,通用设备,/home/peanut/stock_key_info/all_stocks_20260606/TMT/通用设备/国机精工.csv
002047,宝鹰股份,装修装饰Ⅱ,装修装饰,/home/peanut/stock_key_info/all_stocks_20260606/旧基建/装修装饰/宝鹰股份.csv
002048,宁波华翔,汽车零部件,汽车零部件,/home/peanut/stock_key_info/all_stocks_20260606/工业制造/汽车零部件/宁波华翔.csv
002049,紫光国微,半导体,半导体,/home/peanut/stock_key_info/all_stocks_20260606/TMT/半导体/紫光国微.csv
002050,三花智控,家电零部件Ⅱ,家电行业,/home/peanut/stock_key_info/all_stocks_20260606/衣食住行/家电行业/三花智控.csv
002051,中工国际,专业工程,工程建设,/home/peanut/stock_key_info/all_stocks_20260606/旧基建/工程建设/中工国际.csv
002052,同洲电子,黑色家电,家电行业,/home/peanut/stock_key_info/all_stocks_20260606/衣食住行/家电行业/同洲电子.csv
002053,云南能投,电力,电力行业,/home/peanut/stock_key_info/all_stocks_20260606/电力行业/云南能投.csv
002054,德美化工,化学制品,化学制品,/home/peanut/stock_key_info/all_stocks_20260606/化工行业/化学制品/德美化工.csv
002056,横店东磁,光伏设备,光伏设备,/home/peanut/stock_key_info/all_stocks_20260606/能源/光伏设备/横店东磁.csv
002057,中钢天源,专业服务,专业服务,/home/peanut/stock_key_info/all_stocks_20260606/工业制造/专业服务/中钢天源.csv
002060,广东建工,电力,电力行业,/home/peanut/stock_key_info/all_stocks_20260606/电力行业/广东建工.csv
002059,云南旅游,旅游及景区,旅游酒店,/home/peanut/stock_key_info/all_stocks_20260606/衣食住行/旅游酒店/云南旅游.csv
002061,浙江交科,基础建设,工程建设,/home/peanut/stock_key_info/all_stocks_20260606/旧基建/工程建设/浙江交科.csv
002062,宏润建设,基础建设,工程建设,/home/peanut/stock_key_info/all_stocks_20260606/旧基建/工程建设/宏润建设.csv
002064,华峰化学,化学纤维,化纤行业,/home/peanut/stock_key_info/all_stocks_20260606/化工行业/化纤行业/华峰化学.csv
002063,远光软件,软件开发,软件开发,/home/peanut/stock_key_info/all_stocks_20260606/TMT/软件开发/远光软件.csv
002065,东华软件,IT服务Ⅱ,软件开发,/home/peanut/stock_key_info/all_stocks_20260606/TMT/软件开发/东华软件.csv
002066,瑞泰科技,装修建材,装修建材,/home/peanut/stock_key_info/all_stocks_20260606/旧基建/装修建材/瑞泰科技.csv
002067,景兴纸业,造纸,造纸印刷,/home/peanut/stock_key_info/all_stocks_20260606/旧基建/造纸印刷/景兴纸业.csv
002068,黑猫股份,橡胶,橡胶制品,/home/peanut/stock_key_info/all_stocks_20260606/能源/橡胶制品/黑猫股份.csv
002069,獐子岛,渔业,农牧饲渔,/home/peanut/stock_key_info/all_stocks_20260606/衣食住行/农牧饲渔/獐子岛.csv
002072,凯瑞德,贸易Ⅱ,贸易行业,/home/peanut/stock_key_info/all_stocks_20260606/衣食住行/贸易行业/凯瑞德.csv
002073,软控股份,专用设备,专用设备,/home/peanut/stock_key_info/all_stocks_20260606/工业制造/专用设备/软控股份.csv
002074,国轩高科,电池,电池,/home/peanut/stock_key_info/all_stocks_20260606/能源/电池/国轩高科.csv
002075,沙钢股份,特钢Ⅱ,钢铁行业,/home/peanut/stock_key_info/all_stocks_20260606/能源/钢铁行业/沙钢股份.csv
002077,大港股份,半导体,半导体,/home/peanut/stock_key_info/all_stocks_20260606/TMT/半导体/大港股份.csv
002079,苏州固锝,电池,电池,/home/peanut/stock_key_info/all_stocks_20260606/能源/电池/苏州固锝.csv
002078,太阳纸业,造纸,造纸印刷,/home/peanut/stock_key_info/all_stocks_20260606/旧基建/造纸印刷/太阳纸业.csv
002080,中材科技,玻璃玻纤,玻璃玻纤,/home/peanut/stock_key_info/all_stocks_20260606/能源/玻璃玻纤/中材科技.csv
002081,金螳螂,装修装饰Ⅱ,装修装饰,/home/peanut/stock_key_info/all_stocks_20260606/旧基建/装修装饰/金螳螂.csv
002083,孚日股份,纺织制造,纺织服装,/home/peanut/stock_key_info/all_stocks_20260606/衣食住行/纺织服装/孚日股份.csv
002084,海鸥住工,家居用品,家用轻工,/home/peanut/stock_key_info/all_stocks_20260606/衣食住行/家用轻工/海鸥住工.csv
002085,万丰奥威,汽车零部件,汽车零部件,/home/peanut/stock_key_info/all_stocks_20260606/工业制造/汽车零部件/万丰奥威.csv
002086,东方海洋,医疗器械,医疗器械,/home/peanut/stock_key_info/all_stocks_20260606/医药/医疗器械/东方海洋.csv
002088,鲁阳节能,装修建材,装修建材,/home/peanut/stock_key_info/all_stocks_20260606/旧基建/装修建材/鲁阳节能.csv
002090,金智科技,电网设备,电网设备,/home/peanut/stock_key_info/all_stocks_20260606/能源/电网设备/金智科技.csv
002091,江苏国泰,贸易Ⅱ,贸易行业,/home/peanut/stock_key_info/all_stocks_20260606/衣食住行/贸易行业/江苏国泰.csv
002092,中泰化学,化学原料,化学原料,/home/peanut/stock_key_info/all_stocks_20260606/化工行业/化学原料/中泰化学.csv
002093,国脉科技,教育,教育,/home/peanut/stock_key_info/all_stocks_20260606/衣食住行/教育/国脉科技.csv
002094,青岛金王,家居用品,家用轻工,/home/peanut/stock_key_info/all_stocks_20260606/衣食住行/家用轻工/青岛金王.csv
002095,生意宝,数字媒体,文化传媒,/home/peanut/stock_key_info/all_stocks_20260606/衣食住行/文化传媒/生意宝.csv
002096,易普力,化学制品,化学制品,/home/peanut/stock_key_info/all_stocks_20260606/化工行业/化学制品/易普力.csv
002097,山河智能,工程机械,工程机械,/home/peanut/stock_key_info/all_stocks_20260606/旧基建/工程机械/山河智能.csv
002098,浔兴股份,纺织制造,纺织服装,/home/peanut/stock_key_info/all_stocks_20260606/衣食住行/纺织服装/浔兴股份.csv
002099,海翔药业,化学制药,化学制药,/home/peanut/stock_key_info/all_stocks_20260606/医药/化学制药/海翔药业.csv
002100,天康生物,饲料,农牧饲渔,/home/peanut/stock_key_info/all_stocks_20260606/衣食住行/农牧饲渔/天康生物.csv
002101,广东鸿图,汽车零部件,汽车零部件,/home/peanut/stock_key_info/all_stocks_20260606/工业制造/汽车零部件/广东鸿图.csv
002103,广博股份,文娱用品,家用轻工,/home/peanut/stock_key_info/all_stocks_20260606/衣食住行/家用轻工/广博股份.csv
002104,恒宝股份,通信设备,通信设备,/home/peanut/stock_key_info/all_stocks_20260606/TMT/通信设备/恒宝股份.csv
002105,信隆健康,摩托车及其他,汽车整车,/home/peanut/stock_key_info/all_stocks_20260606/工业制造/汽车整车/信隆健康.csv
002106,莱宝高科,光学光电子,光学光电子,/home/peanut/stock_key_info/all_stocks_20260606/工业制造/光学光电子/莱宝高科.csv
002107,沃华医药,中药Ⅱ,中药,/home/peanut/stock_key_info/all_stocks_20260606/医药/中药/沃华医药.csv
002108,沧州明珠,塑料,塑料制品,/home/peanut/stock_key_info/all_stocks_20260606/化工行业/塑料制品/沧州明珠.csv
002110,三钢闽光,普钢,钢铁行业,/home/peanut/stock_key_info/all_stocks_20260606/能源/钢铁行业/三钢闽光.csv
002111,威海广泰,航空装备Ⅱ,航天航空,/home/peanut/stock_key_info/all_stocks_20260606/航天航空/威海广泰.csv
002112,三变科技,电网设备,电网设备,/home/peanut/stock_key_info/all_stocks_20260606/能源/电网设备/三变科技.csv
002114,罗平锌电,工业金属,有色金属,/home/peanut/stock_key_info/all_stocks_20260606/能源/有色金属/罗平锌电.csv
002115,三维通信,通信服务,通信服务,/home/peanut/stock_key_info/all_stocks_20260606/TMT/通信服务/三维通信.csv
002116,中国海诚,专业工程,工程建设,/home/peanut/stock_key_info/all_stocks_20260606/旧基建/工程建设/中国海诚.csv
002117,东港股份,包装印刷,造纸印刷,/home/peanut/stock_key_info/all_stocks_20260606/旧基建/造纸印刷/东港股份.csv
002119,康强电子,半导体,半导体,/home/peanut/stock_key_info/all_stocks_20260606/TMT/半导体/康强电子.csv
002120,韵达股份,物流,物流行业,/home/peanut/stock_key_info/all_stocks_20260606/航运物流/物流行业/韵达股份.csv
002121,科陆电子,电网设备,电网设备,/home/peanut/stock_key_info/all_stocks_20260606/能源/电网设备/科陆电子.csv
002123,梦网科技,通信服务,通信服务,/home/peanut/stock_key_info/all_stocks_20260606/TMT/通信服务/梦网科技.csv
002124,天邦食品,养殖业,农牧饲渔,/home/peanut/stock_key_info/all_stocks_20260606/衣食住行/农牧饲渔/天邦食品.csv
002125,湘潭电化,电池,电池,/home/peanut/stock_key_info/all_stocks_20260606/能源/电池/湘潭电化.csv
002127,南极电商,互联网电商,互联网服务,/home/peanut/stock_key_info/all_stocks_20260606/TMT/互联网服务/南极电商.csv
002126,银轮股份,汽车零部件,汽车零部件,/home/peanut/stock_key_info/all_stocks_20260606/工业制造/汽车零部件/银轮股份.csv
002128,电投能源,煤炭开采,煤炭行业,/home/peanut/stock_key_info/all_stocks_20260606/能源/煤炭行业/电投能源.csv
002129,TCL中环,光伏设备,光伏设备,/home/peanut/stock_key_info/all_stocks_20260606/能源/光伏设备/TCL中环.csv
002130,沃尔核材,其他电子Ⅱ,消费电子,/home/peanut/stock_key_info/all_stocks_20260606/工业制造/消费电子/沃尔核材.csv
002131,利欧股份,通用设备,通用设备,/home/peanut/stock_key_info/all_stocks_20260606/TMT/通用设备/利欧股份.csv
002132,恒星科技,通用设备,通用设备,/home/peanut/stock_key_info/all_stocks_20260606/TMT/通用设备/恒星科技.csv
002133,广宇集团,房地产开发,房地产开发,/home/peanut/stock_key_info/all_stocks_20260606/旧基建/房地产开发/广宇集团.csv
002134,天津普林,元件,电子元件,/home/peanut/stock_key_info/all_stocks_20260606/TMT/电子元件/天津普林.csv
002135,东南网架,专业工程,工程建设,/home/peanut/stock_key_info/all_stocks_20260606/旧基建/工程建设/东南网架.csv
002136,安纳达,化学原料,化学原料,/home/peanut/stock_key_info/all_stocks_20260606/化工行业/化学原料/安纳达.csv
002137,实益达,光学光电子,光学光电子,/home/peanut/stock_key_info/all_stocks_20260606/工业制造/光学光电子/实益达.csv
002138,顺络电子,元件,电子元件,/home/peanut/stock_key_info/all_stocks_20260606/TMT/电子元件/顺络电子.csv
002139,拓邦股份,消费电子,消费电子,/home/peanut/stock_key_info/all_stocks_20260606/工业制造/消费电子/拓邦股份.csv
002140,东华科技,专业工程,工程建设,/home/peanut/stock_key_info/all_stocks_20260606/旧基建/工程建设/东华科技.csv
002141,贤丰控股,动物保健Ⅱ,农药兽药,/home/peanut/stock_key_info/all_stocks_20260606/化工行业/农药兽药/贤丰控股.csv
002142,宁波银行,银行Ⅱ,银行,/home/peanut/stock_key_info/all_stocks_20260606/金融/银行/宁波银行.csv
002144,宏达高科,纺织制造,纺织服装,/home/peanut/stock_key_info/all_stocks_20260606/衣食住行/纺织服装/宏达高科.csv
002145,钛能化学,化学原料,化学原料,/home/peanut/stock_key_info/all_stocks_20260606/化工行业/化学原料/钛能化学.csv
002146,荣盛发展,房地产开发,房地产开发,/home/peanut/stock_key_info/all_stocks_20260606/旧基建/房地产开发/荣盛发展.csv
002148,北纬科技,通信服务,通信服务,/home/peanut/stock_key_info/all_stocks_20260606/TMT/通信服务/北纬科技.csv
002149,西部材料,小金属,小金属,/home/peanut/stock_key_info/all_stocks_20260606/能源/小金属/西部材料.csv
002150,正泰电源,通用设备,通用设备,/home/peanut/stock_key_info/all_stocks_20260606/TMT/通用设备/正泰电源.csv
002151,北斗星通,军工电子Ⅱ,航天航空,/home/peanut/stock_key_info/all_stocks_20260606/航天航空/北斗星通.csv
002152,广电运通,计算机设备,计算机设备,/home/peanut/stock_key_info/all_stocks_20260606/TMT/计算机设备/广电运通.csv
002153,石基信息,软件开发,软件开发,/home/peanut/stock_key_info/all_stocks_20260606/TMT/软件开发/石基信息.csv
002154,报喜鸟,服装家纺,纺织服装,/home/peanut/stock_key_info/all_stocks_20260606/衣食住行/纺织服装/报喜鸟.csv
002155,湖南黄金,贵金属,贵金属,/home/peanut/stock_key_info/all_stocks_20260606/能源/贵金属/湖南黄金.csv
002156,通富微电,半导体,半导体,/home/peanut/stock_key_info/all_stocks_20260606/TMT/半导体/通富微电.csv
002157,正邦科技,养殖业,农牧饲渔,/home/peanut/stock_key_info/all_stocks_20260606/衣食住行/农牧饲渔/正邦科技.csv
002158,汉钟精机,通用设备,通用设备,/home/peanut/stock_key_info/all_stocks_20260606/TMT/通用设备/汉钟精机.csv
002159,三特索道,旅游及景区,旅游酒店,/home/peanut/stock_key_info/all_stocks_20260606/衣食住行/旅游酒店/三特索道.csv
002160,常铝股份,工业金属,有色金属,/home/peanut/stock_key_info/all_stocks_20260606/能源/有色金属/常铝股份.csv
002161,远望谷,其他电子Ⅱ,消费电子,/home/peanut/stock_key_info/all_stocks_20260606/工业制造/消费电子/远望谷.csv
002162,悦心健康,家居用品,家用轻工,/home/peanut/stock_key_info/all_stocks_20260606/衣食住行/家用轻工/悦心健康.csv
002163,海南发展,装修装饰Ⅱ,装修装饰,/home/peanut/stock_key_info/all_stocks_20260606/旧基建/装修装饰/海南发展.csv
002164,宁波东力,通用设备,通用设备,/home/peanut/stock_key_info/all_stocks_20260606/TMT/通用设备/宁波东力.csv
002165,红宝丽,化学制品,化学制品,/home/peanut/stock_key_info/all_stocks_20260606/化工行业/化学制品/红宝丽.csv
002166,莱茵生物,化学制品,化学制品,/home/peanut/stock_key_info/all_stocks_20260606/化工行业/化学制品/莱茵生物.csv
002167,东方锆业,小金属,小金属,/home/peanut/stock_key_info/all_stocks_20260606/能源/小金属/东方锆业.csv
002169,智光电气,电网设备,电网设备,/home/peanut/stock_key_info/all_stocks_20260606/能源/电网设备/智光电气.csv
002170,芭田股份,农化制品,农药兽药,/home/peanut/stock_key_info/all_stocks_20260606/化工行业/农药兽药/芭田股份.csv
002173,创新医疗,医疗服务,医疗服务,/home/peanut/stock_key_info/all_stocks_20260606/医药/医疗服务/创新医疗.csv
002172,澳洋健康,医疗服务,医疗服务,/home/peanut/stock_key_info/all_stocks_20260606/医药/医疗服务/澳洋健康.csv
002171,楚江新材,工业金属,有色金属,/home/peanut/stock_key_info/all_stocks_20260606/能源/有色金属/楚江新材.csv
002174,游族网络,游戏Ⅱ,游戏,/home/peanut/stock_key_info/all_stocks_20260606/衣食住行/游戏/游族网络.csv
002176,江特电机,电机Ⅱ,电机,/home/peanut/stock_key_info/all_stocks_20260606/工业制造/电机/江特电机.csv
002177,御银股份,计算机设备,计算机设备,/home/peanut/stock_key_info/all_stocks_20260606/TMT/计算机设备/御银股份.csv
002178,延华智能,软件开发,软件开发,/home/peanut/stock_key_info/all_stocks_20260606/TMT/软件开发/延华智能.csv
002179,中航光电,军工电子Ⅱ,航天航空,/home/peanut/stock_key_info/all_stocks_20260606/航天航空/中航光电.csv
002180,奔图科技,计算机设备,计算机设备,/home/peanut/stock_key_info/all_stocks_20260606/TMT/计算机设备/奔图科技.csv
002181,粤传媒,出版,文化传媒,/home/peanut/stock_key_info/all_stocks_20260606/衣食住行/文化传媒/粤传媒.csv
002182,宝武镁业,小金属,小金属,/home/peanut/stock_key_info/all_stocks_20260606/能源/小金属/宝武镁业.csv
002183,怡亚通,贸易Ⅱ,贸易行业,/home/peanut/stock_key_info/all_stocks_20260606/衣食住行/贸易行业/怡亚通.csv
002184,海得控制,自动化设备,专用设备,/home/peanut/stock_key_info/all_stocks_20260606/工业制造/专用设备/海得控制.csv
002185,华天科技,半导体,半导体,/home/peanut/stock_key_info/all_stocks_20260606/TMT/半导体/华天科技.csv
002186,全聚德,酒店餐饮,旅游酒店,/home/peanut/stock_key_info/all_stocks_20260606/衣食住行/旅游酒店/全聚德.csv
002187,广百股份,一般零售,商业百货,/home/peanut/stock_key_info/all_stocks_20260606/衣食住行/商业百货/广百股份.csv
002188,中天服务,房地产服务,房地产服务,/home/peanut/stock_key_info/all_stocks_20260606/旧基建/房地产服务/中天服务.csv
002189,中光学,军工电子Ⅱ,航天航空,/home/peanut/stock_key_info/all_stocks_20260606/航天航空/中光学.csv
002190,成飞集成,汽车零部件,汽车零部件,/home/peanut/stock_key_info/all_stocks_20260606/工业制造/汽车零部件/成飞集成.csv
002191,劲嘉股份,包装印刷,造纸印刷,/home/peanut/stock_key_info/all_stocks_20260606/旧基建/造纸印刷/劲嘉股份.csv
002192,融捷股份,能源金属,能源金属,/home/peanut/stock_key_info/all_stocks_20260606/能源/能源金属/融捷股份.csv
002194,武汉凡谷,通信设备,通信设备,/home/peanut/stock_key_info/all_stocks_20260606/TMT/通信设备/武汉凡谷.csv
002195,岩山科技,IT服务Ⅱ,软件开发,/home/peanut/stock_key_info/all_stocks_20260606/TMT/软件开发/岩山科技.csv
002196,方正电机,电机Ⅱ,电机,/home/peanut/stock_key_info/all_stocks_20260606/工业制造/电机/方正电机.csv
002197,证通电子,计算机设备,计算机设备,/home/peanut/stock_key_info/all_stocks_20260606/TMT/计算机设备/证通电子.csv
002200,交投生态,基础建设,工程建设,/home/peanut/stock_key_info/all_stocks_20260606/旧基建/工程建设/交投生态.csv
002201,九鼎新材,玻璃玻纤,玻璃玻纤,/home/peanut/stock_key_info/all_stocks_20260606/能源/玻璃玻纤/九鼎新材.csv
002202,金风科技,风电设备,风电设备,/home/peanut/stock_key_info/all_stocks_20260606/能源/风电设备/金风科技.csv
002203,海亮股份,工业金属,有色金属,/home/peanut/stock_key_info/all_stocks_20260606/能源/有色金属/海亮股份.csv
002204,大连重工,专用设备,专用设备,/home/peanut/stock_key_info/all_stocks_20260606/工业制造/专用设备/大连重工.csv
002205,国统股份,水泥,水泥建材,/home/peanut/stock_key_info/all_stocks_20260606/能源/水泥建材/国统股份.csv
002206,海利得,化学纤维,化纤行业,/home/peanut/stock_key_info/all_stocks_20260606/化工行业/化纤行业/海利得.csv
002208,合肥城建,房地产开发,房地产开发,/home/peanut/stock_key_info/all_stocks_20260606/旧基建/房地产开发/合肥城建.csv
002209,达意隆,专用设备,专用设备,/home/peanut/stock_key_info/all_stocks_20260606/工业制造/专用设备/达意隆.csv
002210,飞马国际,环境治理,环保行业,/home/peanut/stock_key_info/all_stocks_20260606/衣食住行/环保行业/飞马国际.csv
002212,天融信,软件开发,软件开发,/home/peanut/stock_key_info/all_stocks_20260606/TMT/软件开发/天融信.csv
002213,大为股份,半导体,半导体,/home/peanut/stock_key_info/all_stocks_20260606/TMT/半导体/大为股份.csv
002215,诺普信,农化制品,农药兽药,/home/peanut/stock_key_info/all_stocks_20260606/化工行业/农药兽药/诺普信.csv
002216,三全食品,食品加工,食品饮料,/home/peanut/stock_key_info/all_stocks_20260606/衣食住行/食品饮料/三全食品.csv
002217,合力泰,光学光电子,光学光电子,/home/peanut/stock_key_info/all_stocks_20260606/工业制造/光学光电子/合力泰.csv
002218,拓日新能,电力,电力行业,/home/peanut/stock_key_info/all_stocks_20260606/电力行业/拓日新能.csv
002219,新里程,医疗服务,医疗服务,/home/peanut/stock_key_info/all_stocks_20260606/医药/医疗服务/新里程.csv
002221,东华能源,炼化及贸易,石油行业,/home/peanut/stock_key_info/all_stocks_20260606/能源/石油行业/东华能源.csv
002222,福晶科技,光学光电子,光学光电子,/home/peanut/stock_key_info/all_stocks_20260606/工业制造/光学光电子/福晶科技.csv
002223,鱼跃医疗,医疗器械,医疗器械,/home/peanut/stock_key_info/all_stocks_20260606/医药/医疗器械/鱼跃医疗.csv
002224,三力士,橡胶,橡胶制品,/home/peanut/stock_key_info/all_stocks_20260606/能源/橡胶制品/三力士.csv
002225,濮耐股份,装修建材,装修建材,/home/peanut/stock_key_info/all_stocks_20260606/旧基建/装修建材/濮耐股份.csv
002226,江南化工,化学制品,化学制品,/home/peanut/stock_key_info/all_stocks_20260606/化工行业/化学制品/江南化工.csv
002228,合兴包装,包装印刷,造纸印刷,/home/peanut/stock_key_info/all_stocks_20260606/旧基建/造纸印刷/合兴包装.csv
002229,鸿博股份,包装印刷,造纸印刷,/home/peanut/stock_key_info/all_stocks_20260606/旧基建/造纸印刷/鸿博股份.csv
002230,科大讯飞,软件开发,软件开发,/home/peanut/stock_key_info/all_stocks_20260606/TMT/软件开发/科大讯飞.csv
002233,塔牌集团,水泥,水泥建材,/home/peanut/stock_key_info/all_stocks_20260606/能源/水泥建材/塔牌集团.csv
002232,启明信息,IT服务Ⅱ,软件开发,/home/peanut/stock_key_info/all_stocks_20260606/TMT/软件开发/启明信息.csv
002234,民和股份,养殖业,农牧饲渔,/home/peanut/stock_key_info/all_stocks_20260606/衣食住行/农牧饲渔/民和股份.csv
002235,安妮股份,造纸,造纸印刷,/home/peanut/stock_key_info/all_stocks_20260606/旧基建/造纸印刷/安妮股份.csv
002237,恒邦股份,贵金属,贵金属,/home/peanut/stock_key_info/all_stocks_20260606/能源/贵金属/恒邦股份.csv
002236,大华股份,计算机设备,计算机设备,/home/peanut/stock_key_info/all_stocks_20260606/TMT/计算机设备/大华股份.csv
002238,天威视讯,电视广播Ⅱ,文化传媒,/home/peanut/stock_key_info/all_stocks_20260606/衣食住行/文化传媒/天威视讯.csv
002239,奥特佳,汽车零部件,汽车零部件,/home/peanut/stock_key_info/all_stocks_20260606/工业制造/汽车零部件/奥特佳.csv
002240,盛新锂能,能源金属,能源金属,/home/peanut/stock_key_info/all_stocks_20260606/能源/能源金属/盛新锂能.csv
002241,歌尔股份,消费电子,消费电子,/home/peanut/stock_key_info/all_stocks_20260606/工业制造/消费电子/歌尔股份.csv
002242,九阳股份,小家电,家电行业,/home/peanut/stock_key_info/all_stocks_20260606/衣食住行/家电行业/九阳股份.csv
002243,力合科创,化妆品,美容护理,/home/peanut/stock_key_info/all_stocks_20260606/衣食住行/美容护理/力合科创.csv
002245,蔚蓝锂芯,电池,电池,/home/peanut/stock_key_info/all_stocks_20260606/能源/电池/蔚蓝锂芯.csv
002244,滨江集团,房地产开发,房地产开发,/home/peanut/stock_key_info/all_stocks_20260606/旧基建/房地产开发/滨江集团.csv
002246,北化股份,化学制品,化学制品,/home/peanut/stock_key_info/all_stocks_20260606/化工行业/化学制品/北化股份.csv
002247,聚力文化,装修建材,装修建材,/home/peanut/stock_key_info/all_stocks_20260606/旧基建/装修建材/聚力文化.csv
002249,大洋电机,电机Ⅱ,电机,/home/peanut/stock_key_info/all_stocks_20260606/工业制造/电机/大洋电机.csv
002248,华东数控,通用设备,通用设备,/home/peanut/stock_key_info/all_stocks_20260606/TMT/通用设备/华东数控.csv
002250,联化科技,农化制品,农药兽药,/home/peanut/stock_key_info/all_stocks_20260606/化工行业/农药兽药/联化科技.csv
002251,步步高,一般零售,商业百货,/home/peanut/stock_key_info/all_stocks_20260606/衣食住行/商业百货/步步高.csv
002252,上海莱士,生物制品,生物制品,/home/peanut/stock_key_info/all_stocks_20260606/医药/生物制品/上海莱士.csv
002254,泰和新材,化学纤维,化纤行业,/home/peanut/stock_key_info/all_stocks_20260606/化工行业/化纤行业/泰和新材.csv
002255,海陆重工,其他电源设备Ⅱ,电源设备,/home/peanut/stock_key_info/all_stocks_20260606/能源/电源设备/海陆重工.csv
002256,兆新股份,电力,电力行业,/home/peanut/stock_key_info/all_stocks_20260606/电力行业/兆新股份.csv
002258,利尔化学,农化制品,农药兽药,/home/peanut/stock_key_info/all_stocks_20260606/化工行业/农药兽药/利尔化学.csv
002259,升达林业,燃气Ⅱ,燃气,/home/peanut/stock_key_info/all_stocks_20260606/能源/燃气/升达林业.csv
002261,拓维信息,软件开发,软件开发,/home/peanut/stock_key_info/all_stocks_20260606/TMT/软件开发/拓维信息.csv
002262,恩华药业,化学制药,化学制药,/home/peanut/stock_key_info/all_stocks_20260606/医药/化学制药/恩华药业.csv
002263,大东南,塑料,塑料制品,/home/peanut/stock_key_info/all_stocks_20260606/化工行业/塑料制品/大东南.csv
002264,新华都,广告营销,文化传媒,/home/peanut/stock_key_info/all_stocks_20260606/衣食住行/文化传媒/新华都.csv
002265,建设工业,汽车零部件,汽车零部件,/home/peanut/stock_key_info/all_stocks_20260606/工业制造/汽车零部件/建设工业.csv
002266,浙富控股,环境治理,环保行业,/home/peanut/stock_key_info/all_stocks_20260606/衣食住行/环保行业/浙富控股.csv
002267,陕天然气,燃气Ⅱ,燃气,/home/peanut/stock_key_info/all_stocks_20260606/能源/燃气/陕天然气.csv
002268,电科网安,计算机设备,计算机设备,/home/peanut/stock_key_info/all_stocks_20260606/TMT/计算机设备/电科网安.csv
002269,美邦服饰,服装家纺,纺织服装,/home/peanut/stock_key_info/all_stocks_20260606/衣食住行/纺织服装/美邦服饰.csv
002270,华明装备,电网设备,电网设备,/home/peanut/stock_key_info/all_stocks_20260606/能源/电网设备/华明装备.csv
002271,东方雨虹,装修建材,装修建材,/home/peanut/stock_key_info/all_stocks_20260606/旧基建/装修建材/东方雨虹.csv
002272,川润股份,通用设备,通用设备,/home/peanut/stock_key_info/all_stocks_20260606/TMT/通用设备/川润股份.csv
002273,水晶光电,光学光电子,光学光电子,/home/peanut/stock_key_info/all_stocks_20260606/工业制造/光学光电子/水晶光电.csv
002274,华昌化工,化学原料,化学原料,/home/peanut/stock_key_info/all_stocks_20260606/化工行业/化学原料/华昌化工.csv
002275,桂林三金,中药Ⅱ,中药,/home/peanut/stock_key_info/all_stocks_20260606/医药/中药/桂林三金.csv
002276,万马股份,电网设备,电网设备,/home/peanut/stock_key_info/all_stocks_20260606/能源/电网设备/万马股份.csv
002277,友阿股份,一般零售,商业百货,/home/peanut/stock_key_info/all_stocks_20260606/衣食住行/商业百货/友阿股份.csv
002278,神开股份,专用设备,专用设备,/home/peanut/stock_key_info/all_stocks_20260606/工业制造/专用设备/神开股份.csv
002279,久其软件,软件开发,软件开发,/home/peanut/stock_key_info/all_stocks_20260606/TMT/软件开发/久其软件.csv
002282,博深股份,通用设备,通用设备,/home/peanut/stock_key_info/all_stocks_20260606/TMT/通用设备/博深股份.csv
002281,光迅科技,通信设备,通信设备,/home/peanut/stock_key_info/all_stocks_20260606/TMT/通信设备/光迅科技.csv
002283,天润工业,汽车零部件,汽车零部件,/home/peanut/stock_key_info/all_stocks_20260606/工业制造/汽车零部件/天润工业.csv
002284,亚太股份,汽车零部件,汽车零部件,/home/peanut/stock_key_info/all_stocks_20260606/工业制造/汽车零部件/亚太股份.csv
002286,保龄宝,农产品加工,农牧饲渔,/home/peanut/stock_key_info/all_stocks_20260606/衣食住行/农牧饲渔/保龄宝.csv
002285,世联行,房地产服务,房地产服务,/home/peanut/stock_key_info/all_stocks_20260606/旧基建/房地产服务/世联行.csv
002287,奇正藏药,中药Ⅱ,中药,/home/peanut/stock_key_info/all_stocks_20260606/医药/中药/奇正藏药.csv
002290,禾盛新材,家电零部件Ⅱ,家电行业,/home/peanut/stock_key_info/all_stocks_20260606/衣食住行/家电行业/禾盛新材.csv
002292,奥飞娱乐,文娱用品,家用轻工,/home/peanut/stock_key_info/all_stocks_20260606/衣食住行/家用轻工/奥飞娱乐.csv
002293,罗莱生活,服装家纺,纺织服装,/home/peanut/stock_key_info/all_stocks_20260606/衣食住行/纺织服装/罗莱生活.csv
002294,信立泰,化学制药,化学制药,/home/peanut/stock_key_info/all_stocks_20260606/医药/化学制药/信立泰.csv
002295,精艺股份,工业金属,有色金属,/home/peanut/stock_key_info/all_stocks_20260606/能源/有色金属/精艺股份.csv
002296,辉煌科技,通信设备,通信设备,/home/peanut/stock_key_info/all_stocks_20260606/TMT/通信设备/辉煌科技.csv
002297,博云新材,航空装备Ⅱ,航天航空,/home/peanut/stock_key_info/all_stocks_20260606/航天航空/博云新材.csv
002298,中电鑫龙,电网设备,电网设备,/home/peanut/stock_key_info/all_stocks_20260606/能源/电网设备/中电鑫龙.csv
002299,圣农发展,养殖业,农牧饲渔,/home/peanut/stock_key_info/all_stocks_20260606/衣食住行/农牧饲渔/圣农发展.csv
002300,太阳电缆,电网设备,电网设备,/home/peanut/stock_key_info/all_stocks_20260606/能源/电网设备/太阳电缆.csv
002301,齐心集团,文娱用品,家用轻工,/home/peanut/stock_key_info/all_stocks_20260606/衣食住行/家用轻工/齐心集团.csv
002302,西部建设,水泥,水泥建材,/home/peanut/stock_key_info/all_stocks_20260606/能源/水泥建材/西部建设.csv
002303,美盈森,包装印刷,造纸印刷,/home/peanut/stock_key_info/all_stocks_20260606/旧基建/造纸印刷/美盈森.csv
002304,洋河股份,白酒Ⅱ,酿酒行业,/home/peanut/stock_key_info/all_stocks_20260606/旧基建/酿酒行业/洋河股份.csv
002307,北新路桥,基础建设,工程建设,/home/peanut/stock_key_info/all_stocks_20260606/旧基建/工程建设/北新路桥.csv
002309,中利集团,光伏设备,光伏设备,/home/peanut/stock_key_info/all_stocks_20260606/能源/光伏设备/中利集团.csv
002310,东方新能,电力,电力行业,/home/peanut/stock_key_info/all_stocks_20260606/电力行业/东方新能.csv
002311,海大集团,饲料,农牧饲渔,/home/peanut/stock_key_info/all_stocks_20260606/衣食住行/农牧饲渔/海大集团.csv
002291,遥望科技,广告营销,文化传媒,/home/peanut/stock_key_info/all_stocks_20260606/衣食住行/文化传媒/遥望科技.csv
002312,川发龙蟒,农化制品,农药兽药,/home/peanut/stock_key_info/all_stocks_20260606/化工行业/农药兽药/川发龙蟒.csv
002313,日海智能,通信设备,通信设备,/home/peanut/stock_key_info/all_stocks_20260606/TMT/通信设备/日海智能.csv
002314,南山控股,房地产开发,房地产开发,/home/peanut/stock_key_info/all_stocks_20260606/旧基建/房地产开发/南山控股.csv
002315,焦点科技,互联网电商,互联网服务,/home/peanut/stock_key_info/all_stocks_20260606/TMT/互联网服务/焦点科技.csv
002316,亚联发展,通信服务,通信服务,/home/peanut/stock_key_info/all_stocks_20260606/TMT/通信服务/亚联发展.csv
002317,众生药业,中药Ⅱ,中药,/home/peanut/stock_key_info/all_stocks_20260606/医药/中药/众生药业.csv
002318,久立特材,特钢Ⅱ,钢铁行业,/home/peanut/stock_key_info/all_stocks_20260606/能源/钢铁行业/久立特材.csv
002319,乐通股份,化学制品,化学制品,/home/peanut/stock_key_info/all_stocks_20260606/化工行业/化学制品/乐通股份.csv
002320,海峡股份,航运港口,航运港口,/home/peanut/stock_key_info/all_stocks_20260606/航运物流/航运港口/海峡股份.csv
002321,华英农业,养殖业,农牧饲渔,/home/peanut/stock_key_info/all_stocks_20260606/衣食住行/农牧饲渔/华英农业.csv
002322,理工能科,软件开发,软件开发,/home/peanut/stock_key_info/all_stocks_20260606/TMT/软件开发/理工能科.csv
002324,普利特,塑料,塑料制品,/home/peanut/stock_key_info/all_stocks_20260606/化工行业/塑料制品/普利特.csv
002326,永太科技,化学制品,化学制品,/home/peanut/stock_key_info/all_stocks_20260606/化工行业/化学制品/永太科技.csv
002327,富安娜,服装家纺,纺织服装,/home/peanut/stock_key_info/all_stocks_20260606/衣食住行/纺织服装/富安娜.csv
002328,新朋股份,汽车零部件,汽车零部件,/home/peanut/stock_key_info/all_stocks_20260606/工业制造/汽车零部件/新朋股份.csv
002329,皇氏集团,饮料乳品,食品饮料,/home/peanut/stock_key_info/all_stocks_20260606/衣食住行/食品饮料/皇氏集团.csv
002330,得利斯,食品加工,食品饮料,/home/peanut/stock_key_info/all_stocks_20260606/衣食住行/食品饮料/得利斯.csv
002331,皖通科技,IT服务Ⅱ,软件开发,/home/peanut/stock_key_info/all_stocks_20260606/TMT/软件开发/皖通科技.csv
002332,仙琚制药,化学制药,化学制药,/home/peanut/stock_key_info/all_stocks_20260606/医药/化学制药/仙琚制药.csv
002333,罗普斯金,装修建材,装修建材,/home/peanut/stock_key_info/all_stocks_20260606/旧基建/装修建材/罗普斯金.csv
002334,英威腾,自动化设备,专用设备,/home/peanut/stock_key_info/all_stocks_20260606/工业制造/专用设备/英威腾.csv
002335,科华数据,其他电源设备Ⅱ,电源设备,/home/peanut/stock_key_info/all_stocks_20260606/能源/电源设备/科华数据.csv
002337,赛象科技,专用设备,专用设备,/home/peanut/stock_key_info/all_stocks_20260606/工业制造/专用设备/赛象科技.csv
002338,奥普光电,军工电子Ⅱ,航天航空,/home/peanut/stock_key_info/all_stocks_20260606/航天航空/奥普光电.csv
002339,积成电子,电网设备,电网设备,/home/peanut/stock_key_info/all_stocks_20260606/能源/电网设备/积成电子.csv
002340,格林美,电池,电池,/home/peanut/stock_key_info/all_stocks_20260606/能源/电池/格林美.csv
002342,巨力索具,通用设备,通用设备,/home/peanut/stock_key_info/all_stocks_20260606/TMT/通用设备/巨力索具.csv
002343,慈文传媒,影视院线,文化传媒,/home/peanut/stock_key_info/all_stocks_20260606/衣食住行/文化传媒/慈文传媒.csv
002344,海宁皮城,一般零售,商业百货,/home/peanut/stock_key_info/all_stocks_20260606/衣食住行/商业百货/海宁皮城.csv
002345,潮宏基,饰品,珠宝首饰,/home/peanut/stock_key_info/all_stocks_20260606/衣食住行/珠宝首饰/潮宏基.csv
002346,柘中股份,电网设备,电网设备,/home/peanut/stock_key_info/all_stocks_20260606/能源/电网设备/柘中股份.csv
002347,泰尔股份,通用设备,通用设备,/home/peanut/stock_key_info/all_stocks_20260606/TMT/通用设备/泰尔股份.csv
002348,高乐股份,文娱用品,家用轻工,/home/peanut/stock_key_info/all_stocks_20260606/衣食住行/家用轻工/高乐股份.csv
002349,精华制药,中药Ⅱ,中药,/home/peanut/stock_key_info/all_stocks_20260606/医药/中药/精华制药.csv
002350,北京科锐,电网设备,电网设备,/home/peanut/stock_key_info/all_stocks_20260606/能源/电网设备/北京科锐.csv
002351,漫步者,消费电子,消费电子,/home/peanut/stock_key_info/all_stocks_20260606/工业制造/消费电子/漫步者.csv
002352,顺丰控股,物流,物流行业,/home/peanut/stock_key_info/all_stocks_20260606/航运物流/物流行业/顺丰控股.csv
002353,杰瑞股份,专用设备,专用设备,/home/peanut/stock_key_info/all_stocks_20260606/工业制造/专用设备/杰瑞股份.csv
002354,天娱数科,广告营销,文化传媒,/home/peanut/stock_key_info/all_stocks_20260606/衣食住行/文化传媒/天娱数科.csv
002355,兴民智通,汽车零部件,汽车零部件,/home/peanut/stock_key_info/all_stocks_20260606/工业制造/汽车零部件/兴民智通.csv
002356,赫美集团,一般零售,商业百货,/home/peanut/stock_key_info/all_stocks_20260606/衣食住行/商业百货/赫美集团.csv
002357,富临运业,铁路公路,铁路公路,/home/peanut/stock_key_info/all_stocks_20260606/旧基建/铁路公路/富临运业.csv
002358,森源电气,电网设备,电网设备,/home/peanut/stock_key_info/all_stocks_20260606/能源/电网设备/森源电气.csv
002361,神剑股份,塑料,塑料制品,/home/peanut/stock_key_info/all_stocks_20260606/化工行业/塑料制品/神剑股份.csv
002362,汉王科技,软件开发,软件开发,/home/peanut/stock_key_info/all_stocks_20260606/TMT/软件开发/汉王科技.csv
002363,隆基机械,汽车零部件,汽车零部件,/home/peanut/stock_key_info/all_stocks_20260606/工业制造/汽车零部件/隆基机械.csv
002364,中恒电气,其他电源设备Ⅱ,电源设备,/home/peanut/stock_key_info/all_stocks_20260606/能源/电源设备/中恒电气.csv
002365,永安药业,化学制药,化学制药,/home/peanut/stock_key_info/all_stocks_20260606/医药/化学制药/永安药业.csv
002366,融发核电,其他电源设备Ⅱ,电源设备,/home/peanut/stock_key_info/all_stocks_20260606/能源/电源设备/融发核电.csv
002367,康力电梯,专用设备,专用设备,/home/peanut/stock_key_info/all_stocks_20260606/工业制造/专用设备/康力电梯.csv
002368,太极股份,IT服务Ⅱ,软件开发,/home/peanut/stock_key_info/all_stocks_20260606/TMT/软件开发/太极股份.csv
002369,卓翼科技,消费电子,消费电子,/home/peanut/stock_key_info/all_stocks_20260606/工业制造/消费电子/卓翼科技.csv
002370,亚太药业,化学制药,化学制药,/home/peanut/stock_key_info/all_stocks_20260606/医药/化学制药/亚太药业.csv
002371,北方华创,半导体,半导体,/home/peanut/stock_key_info/all_stocks_20260606/TMT/半导体/北方华创.csv
002372,伟星新材,装修建材,装修建材,/home/peanut/stock_key_info/all_stocks_20260606/旧基建/装修建材/伟星新材.csv
002373,千方科技,IT服务Ⅱ,软件开发,/home/peanut/stock_key_info/all_stocks_20260606/TMT/软件开发/千方科技.csv
002374,中锐股份,包装印刷,造纸印刷,/home/peanut/stock_key_info/all_stocks_20260606/旧基建/造纸印刷/中锐股份.csv
002375,亚厦股份,装修装饰Ⅱ,装修装饰,/home/peanut/stock_key_info/all_stocks_20260606/旧基建/装修装饰/亚厦股份.csv
002376,新北洋,计算机设备,计算机设备,/home/peanut/stock_key_info/all_stocks_20260606/TMT/计算机设备/新北洋.csv
002377,国创高新,炼化及贸易,石油行业,/home/peanut/stock_key_info/all_stocks_20260606/能源/石油行业/国创高新.csv
002378,章源钨业,小金属,小金属,/home/peanut/stock_key_info/all_stocks_20260606/能源/小金属/章源钨业.csv
002379,宏桥控股,工业金属,有色金属,/home/peanut/stock_key_info/all_stocks_20260606/能源/有色金属/宏桥控股.csv
002380,科远智慧,IT服务Ⅱ,软件开发,/home/peanut/stock_key_info/all_stocks_20260606/TMT/软件开发/科远智慧.csv
002381,双箭股份,橡胶,橡胶制品,/home/peanut/stock_key_info/all_stocks_20260606/能源/橡胶制品/双箭股份.csv
002382,蓝帆医疗,医疗器械,医疗器械,/home/peanut/stock_key_info/all_stocks_20260606/医药/医疗器械/蓝帆医疗.csv
002383,合众思壮,军工电子Ⅱ,航天航空,/home/peanut/stock_key_info/all_stocks_20260606/航天航空/合众思壮.csv
002384,东山精密,元件,电子元件,/home/peanut/stock_key_info/all_stocks_20260606/TMT/电子元件/东山精密.csv
002385,大北农,饲料,农牧饲渔,/home/peanut/stock_key_info/all_stocks_20260606/衣食住行/农牧饲渔/大北农.csv
002386,天原股份,化学原料,化学原料,/home/peanut/stock_key_info/all_stocks_20260606/化工行业/化学原料/天原股份.csv
002387,维信诺,光学光电子,光学光电子,/home/peanut/stock_key_info/all_stocks_20260606/工业制造/光学光电子/维信诺.csv
002388,新亚制程,其他电子Ⅱ,消费电子,/home/peanut/stock_key_info/all_stocks_20260606/工业制造/消费电子/新亚制程.csv
002389,航天彩虹,航空装备Ⅱ,航天航空,/home/peanut/stock_key_info/all_stocks_20260606/航天航空/航天彩虹.csv
002390,信邦制药,医药商业,医药商业,/home/peanut/stock_key_info/all_stocks_20260606/医药/医药商业/信邦制药.csv
002391,长青股份,农化制品,农药兽药,/home/peanut/stock_key_info/all_stocks_20260606/化工行业/农药兽药/长青股份.csv
002392,北京利尔,装修建材,装修建材,/home/peanut/stock_key_info/all_stocks_20260606/旧基建/装修建材/北京利尔.csv
002393,力生制药,化学制药,化学制药,/home/peanut/stock_key_info/all_stocks_20260606/医药/化学制药/力生制药.csv
002394,联发股份,纺织制造,纺织服装,/home/peanut/stock_key_info/all_stocks_20260606/衣食住行/纺织服装/联发股份.csv
002395,双象股份,塑料,塑料制品,/home/peanut/stock_key_info/all_stocks_20260606/化工行业/塑料制品/双象股份.csv
002396,星网锐捷,通信设备,通信设备,/home/peanut/stock_key_info/all_stocks_20260606/TMT/通信设备/星网锐捷.csv
002397,梦洁股份,服装家纺,纺织服装,/home/peanut/stock_key_info/all_stocks_20260606/衣食住行/纺织服装/梦洁股份.csv
002398,垒知集团,水泥,水泥建材,/home/peanut/stock_key_info/all_stocks_20260606/能源/水泥建材/垒知集团.csv
002399,海普瑞,化学制药,化学制药,/home/peanut/stock_key_info/all_stocks_20260606/医药/化学制药/海普瑞.csv
002400,省广集团,广告营销,文化传媒,/home/peanut/stock_key_info/all_stocks_20260606/衣食住行/文化传媒/省广集团.csv
002401,中远海科,IT服务Ⅱ,软件开发,/home/peanut/stock_key_info/all_stocks_20260606/TMT/软件开发/中远海科.csv
002402,和而泰,家电零部件Ⅱ,家电行业,/home/peanut/stock_key_info/all_stocks_20260606/衣食住行/家电行业/和而泰.csv
002403,爱仕达,小家电,家电行业,/home/peanut/stock_key_info/all_stocks_20260606/衣食住行/家电行业/爱仕达.csv
002404,嘉欣丝绸,服装家纺,纺织服装,/home/peanut/stock_key_info/all_stocks_20260606/衣食住行/纺织服装/嘉欣丝绸.csv
002405,四维图新,软件开发,软件开发,/home/peanut/stock_key_info/all_stocks_20260606/TMT/软件开发/四维图新.csv
002406,远东传动,汽车零部件,汽车零部件,/home/peanut/stock_key_info/all_stocks_20260606/工业制造/汽车零部件/远东传动.csv
002407,多氟多,化学制品,化学制品,/home/peanut/stock_key_info/all_stocks_20260606/化工行业/化学制品/多氟多.csv
002408,齐翔腾达,炼化及贸易,石油行业,/home/peanut/stock_key_info/all_stocks_20260606/能源/石油行业/齐翔腾达.csv
002409,雅克科技,半导体,半导体,/home/peanut/stock_key_info/all_stocks_20260606/TMT/半导体/雅克科技.csv
002410,广联达,软件开发,软件开发,/home/peanut/stock_key_info/all_stocks_20260606/TMT/软件开发/广联达.csv
002412,汉森制药,中药Ⅱ,中药,/home/peanut/stock_key_info/all_stocks_20260606/医药/中药/汉森制药.csv
002413,雷科防务,军工电子Ⅱ,航天航空,/home/peanut/stock_key_info/all_stocks_20260606/航天航空/雷科防务.csv
002414,高德红外,军工电子Ⅱ,航天航空,/home/peanut/stock_key_info/all_stocks_20260606/航天航空/高德红外.csv
002415,海康威视,计算机设备,计算机设备,/home/peanut/stock_key_info/all_stocks_20260606/TMT/计算机设备/海康威视.csv
002416,爱施德,专业连锁Ⅱ,商业百货,/home/peanut/stock_key_info/all_stocks_20260606/衣食住行/商业百货/爱施德.csv
002418,康盛股份,家电零部件Ⅱ,家电行业,/home/peanut/stock_key_info/all_stocks_20260606/衣食住行/家电行业/康盛股份.csv
002419,天虹股份,一般零售,商业百货,/home/peanut/stock_key_info/all_stocks_20260606/衣食住行/商业百货/天虹股份.csv
002420,毅昌科技,家电零部件Ⅱ,家电行业,/home/peanut/stock_key_info/all_stocks_20260606/衣食住行/家电行业/毅昌科技.csv
002421,达实智能,IT服务Ⅱ,软件开发,/home/peanut/stock_key_info/all_stocks_20260606/TMT/软件开发/达实智能.csv
002422,科伦药业,化学制药,化学制药,/home/peanut/stock_key_info/all_stocks_20260606/医药/化学制药/科伦药业.csv
002423,中粮资本,多元金融,多元金融,/home/peanut/stock_key_info/all_stocks_20260606/金融/多元金融/中粮资本.csv
002425,凯撒文化,游戏Ⅱ,游戏,/home/peanut/stock_key_info/all_stocks_20260606/衣食住行/游戏/凯撒文化.csv
002426,胜利精密,消费电子,消费电子,/home/peanut/stock_key_info/all_stocks_20260606/工业制造/消费电子/胜利精密.csv
002427,尤夫股份,化学纤维,化纤行业,/home/peanut/stock_key_info/all_stocks_20260606/化工行业/化纤行业/尤夫股份.csv
002428,云南锗业,小金属,小金属,/home/peanut/stock_key_info/all_stocks_20260606/能源/小金属/云南锗业.csv
002429,兆驰股份,黑色家电,家电行业,/home/peanut/stock_key_info/all_stocks_20260606/衣食住行/家电行业/兆驰股份.csv
002430,杭氧股份,化学制品,化学制品,/home/peanut/stock_key_info/all_stocks_20260606/化工行业/化学制品/杭氧股份.csv
002432,九安医疗,医疗器械,医疗器械,/home/peanut/stock_key_info/all_stocks_20260606/医药/医疗器械/九安医疗.csv
002434,万里扬,汽车零部件,汽车零部件,/home/peanut/stock_key_info/all_stocks_20260606/工业制造/汽车零部件/万里扬.csv
002436,兴森科技,元件,电子元件,/home/peanut/stock_key_info/all_stocks_20260606/TMT/电子元件/兴森科技.csv
002437,誉衡药业,化学制药,化学制药,/home/peanut/stock_key_info/all_stocks_20260606/医药/化学制药/誉衡药业.csv
002438,江苏神通,通用设备,通用设备,/home/peanut/stock_key_info/all_stocks_20260606/TMT/通用设备/江苏神通.csv
002439,启明星辰,软件开发,软件开发,/home/peanut/stock_key_info/all_stocks_20260606/TMT/软件开发/启明星辰.csv
002440,闰土股份,化学制品,化学制品,/home/peanut/stock_key_info/all_stocks_20260606/化工行业/化学制品/闰土股份.csv
002441,众业达,电网设备,电网设备,/home/peanut/stock_key_info/all_stocks_20260606/能源/电网设备/众业达.csv
002442,龙星科技,橡胶,橡胶制品,/home/peanut/stock_key_info/all_stocks_20260606/能源/橡胶制品/龙星科技.csv
002443,金洲管道,特钢Ⅱ,钢铁行业,/home/peanut/stock_key_info/all_stocks_20260606/能源/钢铁行业/金洲管道.csv
002444,巨星科技,通用设备,通用设备,/home/peanut/stock_key_info/all_stocks_20260606/TMT/通用设备/巨星科技.csv
002445,中南文化,通用设备,通用设备,/home/peanut/stock_key_info/all_stocks_20260606/TMT/通用设备/中南文化.csv
002446,盛路通信,军工电子Ⅱ,航天航空,/home/peanut/stock_key_info/all_stocks_20260606/航天航空/盛路通信.csv
002448,中原内配,汽车零部件,汽车零部件,/home/peanut/stock_key_info/all_stocks_20260606/工业制造/汽车零部件/中原内配.csv
002449,国星光电,光学光电子,光学光电子,/home/peanut/stock_key_info/all_stocks_20260606/工业制造/光学光电子/国星光电.csv
002451,摩恩电气,电网设备,电网设备,/home/peanut/stock_key_info/all_stocks_20260606/能源/电网设备/摩恩电气.csv
002452,长高电气,电网设备,电网设备,/home/peanut/stock_key_info/all_stocks_20260606/能源/电网设备/长高电气.csv
002453,华软科技,化学制品,化学制品,/home/peanut/stock_key_info/all_stocks_20260606/化工行业/化学制品/华软科技.csv
002456,欧菲光,光学光电子,光学光电子,/home/peanut/stock_key_info/all_stocks_20260606/工业制造/光学光电子/欧菲光.csv
002454,松芝股份,汽车零部件,汽车零部件,/home/peanut/stock_key_info/all_stocks_20260606/工业制造/汽车零部件/松芝股份.csv
002457,青龙管业,装修建材,装修建材,/home/peanut/stock_key_info/all_stocks_20260606/旧基建/装修建材/青龙管业.csv
002455,百川股份,化学制品,化学制品,/home/peanut/stock_key_info/all_stocks_20260606/化工行业/化学制品/百川股份.csv
002458,益生股份,养殖业,农牧饲渔,/home/peanut/stock_key_info/all_stocks_20260606/衣食住行/农牧饲渔/益生股份.csv
002459,晶澳科技,光伏设备,光伏设备,/home/peanut/stock_key_info/all_stocks_20260606/能源/光伏设备/晶澳科技.csv
002460,赣锋锂业,能源金属,能源金属,/home/peanut/stock_key_info/all_stocks_20260606/能源/能源金属/赣锋锂业.csv
002461,珠江啤酒,非白酒,酿酒行业,/home/peanut/stock_key_info/all_stocks_20260606/旧基建/酿酒行业/珠江啤酒.csv
002462,嘉事堂,医药商业,医药商业,/home/peanut/stock_key_info/all_stocks_20260606/医药/医药商业/嘉事堂.csv
002463,沪电股份,元件,电子元件,/home/peanut/stock_key_info/all_stocks_20260606/TMT/电子元件/沪电股份.csv
002465,海格通信,军工电子Ⅱ,航天航空,/home/peanut/stock_key_info/all_stocks_20260606/航天航空/海格通信.csv
002466,天齐锂业,能源金属,能源金属,/home/peanut/stock_key_info/all_stocks_20260606/能源/能源金属/天齐锂业.csv
002467,二六三,通信服务,通信服务,/home/peanut/stock_key_info/all_stocks_20260606/TMT/通信服务/二六三.csv
002468,申通快递,物流,物流行业,/home/peanut/stock_key_info/all_stocks_20260606/航运物流/物流行业/申通快递.csv
002469,三维化学,化学原料,化学原料,/home/peanut/stock_key_info/all_stocks_20260606/化工行业/化学原料/三维化学.csv
002470,金正大,农化制品,农药兽药,/home/peanut/stock_key_info/all_stocks_20260606/化工行业/农药兽药/金正大.csv
002471,中超控股,电网设备,电网设备,/home/peanut/stock_key_info/all_stocks_20260606/能源/电网设备/中超控股.csv
002472,双环传动,汽车零部件,汽车零部件,/home/peanut/stock_key_info/all_stocks_20260606/工业制造/汽车零部件/双环传动.csv
002474,榕基软件,IT服务Ⅱ,软件开发,/home/peanut/stock_key_info/all_stocks_20260606/TMT/软件开发/榕基软件.csv
002475,立讯精密,消费电子,消费电子,/home/peanut/stock_key_info/all_stocks_20260606/工业制造/消费电子/立讯精密.csv
002476,宝莫股份,炼化及贸易,石油行业,/home/peanut/stock_key_info/all_stocks_20260606/能源/石油行业/宝莫股份.csv
002478,常宝股份,特钢Ⅱ,钢铁行业,/home/peanut/stock_key_info/all_stocks_20260606/能源/钢铁行业/常宝股份.csv
002479,富春环保,电力,电力行业,/home/peanut/stock_key_info/all_stocks_20260606/电力行业/富春环保.csv
002480,新筑股份,电力,电力行业,/home/peanut/stock_key_info/all_stocks_20260606/电力行业/新筑股份.csv
002481,双塔食品,农产品加工,农牧饲渔,/home/peanut/stock_key_info/all_stocks_20260606/衣食住行/农牧饲渔/双塔食品.csv
002482,广田集团,装修装饰Ⅱ,装修装饰,/home/peanut/stock_key_info/all_stocks_20260606/旧基建/装修装饰/广田集团.csv
002483,润邦股份,专用设备,专用设备,/home/peanut/stock_key_info/all_stocks_20260606/工业制造/专用设备/润邦股份.csv
002484,江海股份,元件,电子元件,/home/peanut/stock_key_info/all_stocks_20260606/TMT/电子元件/江海股份.csv
002486,嘉麟杰,服装家纺,纺织服装,/home/peanut/stock_key_info/all_stocks_20260606/衣食住行/纺织服装/嘉麟杰.csv
002487,大金重工,风电设备,风电设备,/home/peanut/stock_key_info/all_stocks_20260606/能源/风电设备/大金重工.csv
002488,金固股份,汽车零部件,汽车零部件,/home/peanut/stock_key_info/all_stocks_20260606/工业制造/汽车零部件/金固股份.csv
002489,浙江永强,家居用品,家用轻工,/home/peanut/stock_key_info/all_stocks_20260606/衣食住行/家用轻工/浙江永强.csv
002490,山东墨龙,专用设备,专用设备,/home/peanut/stock_key_info/all_stocks_20260606/工业制造/专用设备/山东墨龙.csv
002491,通鼎互联,通信设备,通信设备,/home/peanut/stock_key_info/all_stocks_20260606/TMT/通信设备/通鼎互联.csv
002492,恒基达鑫,物流,物流行业,/home/peanut/stock_key_info/all_stocks_20260606/航运物流/物流行业/恒基达鑫.csv
002493,荣盛石化,炼化及贸易,石油行业,/home/peanut/stock_key_info/all_stocks_20260606/能源/石油行业/荣盛石化.csv
002494,华斯股份,服装家纺,纺织服装,/home/peanut/stock_key_info/all_stocks_20260606/衣食住行/纺织服装/华斯股份.csv
002495,佳隆股份,调味发酵品Ⅱ,食品饮料,/home/peanut/stock_key_info/all_stocks_20260606/衣食住行/食品饮料/佳隆股份.csv
002497,雅化集团,化学制品,化学制品,/home/peanut/stock_key_info/all_stocks_20260606/化工行业/化学制品/雅化集团.csv
002498,汉缆股份,电网设备,电网设备,/home/peanut/stock_key_info/all_stocks_20260606/能源/电网设备/汉缆股份.csv
002500,山西证券,证券Ⅱ,证券,/home/peanut/stock_key_info/all_stocks_20260606/金融/证券/山西证券.csv
002506,协鑫集成,光伏设备,光伏设备,/home/peanut/stock_key_info/all_stocks_20260606/能源/光伏设备/协鑫集成.csv
002507,涪陵榨菜,调味发酵品Ⅱ,食品饮料,/home/peanut/stock_key_info/all_stocks_20260606/衣食住行/食品饮料/涪陵榨菜.csv
002508,老板电器,厨卫电器,家电行业,/home/peanut/stock_key_info/all_stocks_20260606/衣食住行/家电行业/老板电器.csv
002510,天汽模,汽车零部件,汽车零部件,/home/peanut/stock_key_info/all_stocks_20260606/工业制造/汽车零部件/天汽模.csv
002511,中顺洁柔,个护用品,美容护理,/home/peanut/stock_key_info/all_stocks_20260606/衣食住行/美容护理/中顺洁柔.csv
002513,蓝丰生化,农化制品,农药兽药,/home/peanut/stock_key_info/all_stocks_20260606/化工行业/农药兽药/蓝丰生化.csv
002515,金字火腿,食品加工,食品饮料,/home/peanut/stock_key_info/all_stocks_20260606/衣食住行/食品饮料/金字火腿.csv
002516,旷达科技,汽车零部件,汽车零部件,/home/peanut/stock_key_info/all_stocks_20260606/工业制造/汽车零部件/旷达科技.csv
002517,恺英网络,游戏Ⅱ,游戏,/home/peanut/stock_key_info/all_stocks_20260606/衣食住行/游戏/恺英网络.csv
002518,科士达,其他电源设备Ⅱ,电源设备,/home/peanut/stock_key_info/all_stocks_20260606/能源/电源设备/科士达.csv
002519,银河电子,地面兵装Ⅱ,航天航空,/home/peanut/stock_key_info/all_stocks_20260606/航天航空/银河电子.csv
002520,日发精机,通用设备,通用设备,/home/peanut/stock_key_info/all_stocks_20260606/TMT/通用设备/日发精机.csv
002521,齐峰新材,造纸,造纸印刷,/home/peanut/stock_key_info/all_stocks_20260606/旧基建/造纸印刷/齐峰新材.csv
002522,浙江众成,塑料,塑料制品,/home/peanut/stock_key_info/all_stocks_20260606/化工行业/塑料制品/浙江众成.csv
002523,天桥起重,专用设备,专用设备,/home/peanut/stock_key_info/all_stocks_20260606/工业制造/专用设备/天桥起重.csv
002524,光正眼科,医疗服务,医疗服务,/home/peanut/stock_key_info/all_stocks_20260606/医药/医疗服务/光正眼科.csv
002526,山东矿机,专用设备,专用设备,/home/peanut/stock_key_info/all_stocks_20260606/工业制造/专用设备/山东矿机.csv
002527,新时达,专用设备,专用设备,/home/peanut/stock_key_info/all_stocks_20260606/工业制造/专用设备/新时达.csv
002530,金财互联,通用设备,通用设备,/home/peanut/stock_key_info/all_stocks_20260606/TMT/通用设备/金财互联.csv
002531,天顺风能,风电设备,风电设备,/home/peanut/stock_key_info/all_stocks_20260606/能源/风电设备/天顺风能.csv
002532,天山铝业,工业金属,有色金属,/home/peanut/stock_key_info/all_stocks_20260606/能源/有色金属/天山铝业.csv
002533,金杯电工,电网设备,电网设备,/home/peanut/stock_key_info/all_stocks_20260606/能源/电网设备/金杯电工.csv
002534,西子洁能,其他电源设备Ⅱ,电源设备,/home/peanut/stock_key_info/all_stocks_20260606/能源/电源设备/西子洁能.csv
002535,林州重机,专用设备,专用设备,/home/peanut/stock_key_info/all_stocks_20260606/工业制造/专用设备/林州重机.csv
002536,飞龙股份,汽车零部件,汽车零部件,/home/peanut/stock_key_info/all_stocks_20260606/工业制造/汽车零部件/飞龙股份.csv
002537,海联金汇,汽车零部件,汽车零部件,/home/peanut/stock_key_info/all_stocks_20260606/工业制造/汽车零部件/海联金汇.csv
002539,云图控股,农化制品,农药兽药,/home/peanut/stock_key_info/all_stocks_20260606/化工行业/农药兽药/云图控股.csv
002540,亚太科技,工业金属,有色金属,/home/peanut/stock_key_info/all_stocks_20260606/能源/有色金属/亚太科技.csv
002541,鸿路钢构,专业工程,工程建设,/home/peanut/stock_key_info/all_stocks_20260606/旧基建/工程建设/鸿路钢构.csv
002543,万和电气,厨卫电器,家电行业,/home/peanut/stock_key_info/all_stocks_20260606/衣食住行/家电行业/万和电气.csv
002544,普天科技,通信服务,通信服务,/home/peanut/stock_key_info/all_stocks_20260606/TMT/通信服务/普天科技.csv
002545,东方铁塔,农化制品,农药兽药,/home/peanut/stock_key_info/all_stocks_20260606/化工行业/农药兽药/东方铁塔.csv
002546,新联电子,电网设备,电网设备,/home/peanut/stock_key_info/all_stocks_20260606/能源/电网设备/新联电子.csv
002548,金新农,饲料,农牧饲渔,/home/peanut/stock_key_info/all_stocks_20260606/衣食住行/农牧饲渔/金新农.csv
002549,凯美特气,化学制品,化学制品,/home/peanut/stock_key_info/all_stocks_20260606/化工行业/化学制品/凯美特气.csv
002550,千红制药,化学制药,化学制药,/home/peanut/stock_key_info/all_stocks_20260606/医药/化学制药/千红制药.csv
002551,尚荣医疗,医疗器械,医疗器械,/home/peanut/stock_key_info/all_stocks_20260606/医药/医疗器械/尚荣医疗.csv
002552,宝鼎科技,元件,电子元件,/home/peanut/stock_key_info/all_stocks_20260606/TMT/电子元件/宝鼎科技.csv
002553,南方精工,汽车零部件,汽车零部件,/home/peanut/stock_key_info/all_stocks_20260606/工业制造/汽车零部件/南方精工.csv
002554,惠博普,油服工程,石油行业,/home/peanut/stock_key_info/all_stocks_20260606/能源/石油行业/惠博普.csv
002555,三七互娱,游戏Ⅱ,游戏,/home/peanut/stock_key_info/all_stocks_20260606/衣食住行/游戏/三七互娱.csv
002556,辉隆股份,农业综合Ⅱ,农牧饲渔,/home/peanut/stock_key_info/all_stocks_20260606/衣食住行/农牧饲渔/辉隆股份.csv
002557,洽洽食品,休闲食品,食品饮料,/home/peanut/stock_key_info/all_stocks_20260606/衣食住行/食品饮料/洽洽食品.csv
002558,巨人网络,游戏Ⅱ,游戏,/home/peanut/stock_key_info/all_stocks_20260606/衣食住行/游戏/巨人网络.csv
002559,亚威股份,通用设备,通用设备,/home/peanut/stock_key_info/all_stocks_20260606/TMT/通用设备/亚威股份.csv
002560,通达股份,电网设备,电网设备,/home/peanut/stock_key_info/all_stocks_20260606/能源/电网设备/通达股份.csv
002561,徐家汇,一般零售,商业百货,/home/peanut/stock_key_info/all_stocks_20260606/衣食住行/商业百货/徐家汇.csv
002562,兄弟科技,化学制品,化学制品,/home/peanut/stock_key_info/all_stocks_20260606/化工行业/化学制品/兄弟科技.csv
002563,森马服饰,服装家纺,纺织服装,/home/peanut/stock_key_info/all_stocks_20260606/衣食住行/纺织服装/森马服饰.csv
002564,天沃科技,专用设备,专用设备,/home/peanut/stock_key_info/all_stocks_20260606/工业制造/专用设备/天沃科技.csv
002565,顺灏股份,包装印刷,造纸印刷,/home/peanut/stock_key_info/all_stocks_20260606/旧基建/造纸印刷/顺灏股份.csv
002566,益盛药业,中药Ⅱ,中药,/home/peanut/stock_key_info/all_stocks_20260606/医药/中药/益盛药业.csv
002567,唐人神,饲料,农牧饲渔,/home/peanut/stock_key_info/all_stocks_20260606/衣食住行/农牧饲渔/唐人神.csv
002568,百润股份,非白酒,酿酒行业,/home/peanut/stock_key_info/all_stocks_20260606/旧基建/酿酒行业/百润股份.csv
002570,贝因美,饮料乳品,食品饮料,/home/peanut/stock_key_info/all_stocks_20260606/衣食住行/食品饮料/贝因美.csv
002571,德力股份,家居用品,家用轻工,/home/peanut/stock_key_info/all_stocks_20260606/衣食住行/家用轻工/德力股份.csv
002572,索菲亚,家居用品,家用轻工,/home/peanut/stock_key_info/all_stocks_20260606/衣食住行/家用轻工/索菲亚.csv
002573,清新环境,环境治理,环保行业,/home/peanut/stock_key_info/all_stocks_20260606/衣食住行/环保行业/清新环境.csv
002574,明牌珠宝,饰品,珠宝首饰,/home/peanut/stock_key_info/all_stocks_20260606/衣食住行/珠宝首饰/明牌珠宝.csv
002575,群兴玩具,文娱用品,家用轻工,/home/peanut/stock_key_info/all_stocks_20260606/衣食住行/家用轻工/群兴玩具.csv
002576,通达动力,电机Ⅱ,电机,/home/peanut/stock_key_info/all_stocks_20260606/工业制造/电机/通达动力.csv
002577,雷柏科技,计算机设备,计算机设备,/home/peanut/stock_key_info/all_stocks_20260606/TMT/计算机设备/雷柏科技.csv
002578,闽发铝业,工业金属,有色金属,/home/peanut/stock_key_info/all_stocks_20260606/能源/有色金属/闽发铝业.csv
002579,中京电子,元件,电子元件,/home/peanut/stock_key_info/all_stocks_20260606/TMT/电子元件/中京电子.csv
002580,圣阳股份,电池,电池,/home/peanut/stock_key_info/all_stocks_20260606/能源/电池/圣阳股份.csv
002582,好想你,休闲食品,食品饮料,/home/peanut/stock_key_info/all_stocks_20260606/衣食住行/食品饮料/好想你.csv
002583,海能达,通信设备,通信设备,/home/peanut/stock_key_info/all_stocks_20260606/TMT/通信设备/海能达.csv
002584,西陇科学,电子化学品Ⅱ,电子化学品,/home/peanut/stock_key_info/all_stocks_20260606/TMT/电子化学品/西陇科学.csv
002585,双星新材,塑料,塑料制品,/home/peanut/stock_key_info/all_stocks_20260606/化工行业/塑料制品/双星新材.csv
002587,奥拓电子,光学光电子,光学光电子,/home/peanut/stock_key_info/all_stocks_20260606/工业制造/光学光电子/奥拓电子.csv
002588,史丹利,农化制品,农药兽药,/home/peanut/stock_key_info/all_stocks_20260606/化工行业/农药兽药/史丹利.csv
002589,瑞康医药,医药商业,医药商业,/home/peanut/stock_key_info/all_stocks_20260606/医药/医药商业/瑞康医药.csv
002590,万安科技,汽车零部件,汽车零部件,/home/peanut/stock_key_info/all_stocks_20260606/工业制造/汽车零部件/万安科技.csv
002591,恒大高新,化学制品,化学制品,/home/peanut/stock_key_info/all_stocks_20260606/化工行业/化学制品/恒大高新.csv
002593,日上集团,专业工程,工程建设,/home/peanut/stock_key_info/all_stocks_20260606/旧基建/工程建设/日上集团.csv
002594,比亚迪,乘用车,汽车整车,/home/peanut/stock_key_info/all_stocks_20260606/工业制造/汽车整车/比亚迪.csv
002595,豪迈科技,专用设备,专用设备,/home/peanut/stock_key_info/all_stocks_20260606/工业制造/专用设备/豪迈科技.csv
002596,海南瑞泽,水泥,水泥建材,/home/peanut/stock_key_info/all_stocks_20260606/能源/水泥建材/海南瑞泽.csv
002597,金禾实业,化学制品,化学制品,/home/peanut/stock_key_info/all_stocks_20260606/化工行业/化学制品/金禾实业.csv
002599,盛通股份,包装印刷,造纸印刷,/home/peanut/stock_key_info/all_stocks_20260606/旧基建/造纸印刷/盛通股份.csv
002600,领益智造,消费电子,消费电子,/home/peanut/stock_key_info/all_stocks_20260606/工业制造/消费电子/领益智造.csv
002601,龙佰集团,化学原料,化学原料,/home/peanut/stock_key_info/all_stocks_20260606/化工行业/化学原料/龙佰集团.csv
002602,世纪华通,游戏Ⅱ,游戏,/home/peanut/stock_key_info/all_stocks_20260606/衣食住行/游戏/世纪华通.csv
002603,以岭药业,中药Ⅱ,中药,/home/peanut/stock_key_info/all_stocks_20260606/医药/中药/以岭药业.csv
002605,姚记科技,游戏Ⅱ,游戏,/home/peanut/stock_key_info/all_stocks_20260606/衣食住行/游戏/姚记科技.csv
002606,大连电瓷,电网设备,电网设备,/home/peanut/stock_key_info/all_stocks_20260606/能源/电网设备/大连电瓷.csv
002607,中公教育,教育,教育,/home/peanut/stock_key_info/all_stocks_20260606/衣食住行/教育/中公教育.csv
002608,江苏国信,电力,电力行业,/home/peanut/stock_key_info/all_stocks_20260606/电力行业/江苏国信.csv
002612,朗姿股份,服装家纺,纺织服装,/home/peanut/stock_key_info/all_stocks_20260606/衣食住行/纺织服装/朗姿股份.csv
002609,捷顺科技,IT服务Ⅱ,软件开发,/home/peanut/stock_key_info/all_stocks_20260606/TMT/软件开发/捷顺科技.csv
002611,东方精工,专用设备,专用设备,/home/peanut/stock_key_info/all_stocks_20260606/工业制造/专用设备/东方精工.csv
002614,奥佳华,其他家电Ⅱ,家电行业,/home/peanut/stock_key_info/all_stocks_20260606/衣食住行/家电行业/奥佳华.csv
002613,北玻股份,玻璃玻纤,玻璃玻纤,/home/peanut/stock_key_info/all_stocks_20260606/能源/玻璃玻纤/北玻股份.csv
002615,哈尔斯,家居用品,家用轻工,/home/peanut/stock_key_info/all_stocks_20260606/衣食住行/家用轻工/哈尔斯.csv
002616,长青集团,电力,电力行业,/home/peanut/stock_key_info/all_stocks_20260606/电力行业/长青集团.csv
002622,皓宸医疗,医疗服务,医疗服务,/home/peanut/stock_key_info/all_stocks_20260606/医药/医疗服务/皓宸医疗.csv
002617,露笑科技,电力,电力行业,/home/peanut/stock_key_info/all_stocks_20260606/电力行业/露笑科技.csv
002623,亚玛顿,光伏设备,光伏设备,/home/peanut/stock_key_info/all_stocks_20260606/能源/光伏设备/亚玛顿.csv
002624,完美世界,游戏Ⅱ,游戏,/home/peanut/stock_key_info/all_stocks_20260606/衣食住行/游戏/完美世界.csv
002626,金达威,食品加工,食品饮料,/home/peanut/stock_key_info/all_stocks_20260606/衣食住行/食品饮料/金达威.csv
002625,光启技术,航空装备Ⅱ,航天航空,/home/peanut/stock_key_info/all_stocks_20260606/航天航空/光启技术.csv
002627,三峡旅游,旅游及景区,旅游酒店,/home/peanut/stock_key_info/all_stocks_20260606/衣食住行/旅游酒店/三峡旅游.csv
002628,成都路桥,基础建设,工程建设,/home/peanut/stock_key_info/all_stocks_20260606/旧基建/工程建设/成都路桥.csv
002631,德尔未来,家居用品,家用轻工,/home/peanut/stock_key_info/all_stocks_20260606/衣食住行/家用轻工/德尔未来.csv
002629,仁智股份,油服工程,石油行业,/home/peanut/stock_key_info/all_stocks_20260606/能源/石油行业/仁智股份.csv
002632,道明光学,塑料,塑料制品,/home/peanut/stock_key_info/all_stocks_20260606/化工行业/塑料制品/道明光学.csv
002633,申科股份,通用设备,通用设备,/home/peanut/stock_key_info/all_stocks_20260606/TMT/通用设备/申科股份.csv
002635,安洁科技,消费电子,消费电子,/home/peanut/stock_key_info/all_stocks_20260606/工业制造/消费电子/安洁科技.csv
002636,金安国纪,元件,电子元件,/home/peanut/stock_key_info/all_stocks_20260606/TMT/电子元件/金安国纪.csv
002637,赞宇科技,化学制品,化学制品,/home/peanut/stock_key_info/all_stocks_20260606/化工行业/化学制品/赞宇科技.csv
002638,勤上股份,照明设备Ⅱ,光学光电子,/home/peanut/stock_key_info/all_stocks_20260606/工业制造/光学光电子/勤上股份.csv
002639,雪人集团,通用设备,通用设备,/home/peanut/stock_key_info/all_stocks_20260606/TMT/通用设备/雪人集团.csv
002640,跨境通,互联网电商,互联网服务,/home/peanut/stock_key_info/all_stocks_20260606/TMT/互联网服务/跨境通.csv
002641,公元股份,装修建材,装修建材,/home/peanut/stock_key_info/all_stocks_20260606/旧基建/装修建材/公元股份.csv
002642,荣联科技,IT服务Ⅱ,软件开发,/home/peanut/stock_key_info/all_stocks_20260606/TMT/软件开发/荣联科技.csv
002643,万润股份,电子化学品Ⅱ,电子化学品,/home/peanut/stock_key_info/all_stocks_20260606/TMT/电子化学品/万润股份.csv
002644,佛慈制药,中药Ⅱ,中药,/home/peanut/stock_key_info/all_stocks_20260606/医药/中药/佛慈制药.csv
002645,华宏科技,环保设备Ⅱ,环保行业,/home/peanut/stock_key_info/all_stocks_20260606/衣食住行/环保行业/华宏科技.csv
002646,天佑德酒,白酒Ⅱ,酿酒行业,/home/peanut/stock_key_info/all_stocks_20260606/旧基建/酿酒行业/天佑德酒.csv
002647,仁东控股,多元金融,多元金融,/home/peanut/stock_key_info/all_stocks_20260606/金融/多元金融/仁东控股.csv
002648,卫星化学,化学原料,化学原料,/home/peanut/stock_key_info/all_stocks_20260606/化工行业/化学原料/卫星化学.csv
002649,博彦科技,IT服务Ⅱ,软件开发,/home/peanut/stock_key_info/all_stocks_20260606/TMT/软件开发/博彦科技.csv
002651,利君股份,航空装备Ⅱ,航天航空,/home/peanut/stock_key_info/all_stocks_20260606/航天航空/利君股份.csv
002652,扬子新材,装修建材,装修建材,/home/peanut/stock_key_info/all_stocks_20260606/旧基建/装修建材/扬子新材.csv
002653,海思科,化学制药,化学制药,/home/peanut/stock_key_info/all_stocks_20260606/医药/化学制药/海思科.csv
002654,万润科技,光学光电子,光学光电子,/home/peanut/stock_key_info/all_stocks_20260606/工业制造/光学光电子/万润科技.csv
002655,共达电声,消费电子,消费电子,/home/peanut/stock_key_info/all_stocks_20260606/工业制造/消费电子/共达电声.csv
002657,中科金财,IT服务Ⅱ,软件开发,/home/peanut/stock_key_info/all_stocks_20260606/TMT/软件开发/中科金财.csv
002658,雪迪龙,环保设备Ⅱ,环保行业,/home/peanut/stock_key_info/all_stocks_20260606/衣食住行/环保行业/雪迪龙.csv
002659,凯文教育,教育,教育,/home/peanut/stock_key_info/all_stocks_20260606/衣食住行/教育/凯文教育.csv
002660,茂硕电源,消费电子,消费电子,/home/peanut/stock_key_info/all_stocks_20260606/工业制造/消费电子/茂硕电源.csv
002661,克明食品,食品加工,食品饮料,/home/peanut/stock_key_info/all_stocks_20260606/衣食住行/食品饮料/克明食品.csv
002662,峰璟股份,汽车零部件,汽车零部件,/home/peanut/stock_key_info/all_stocks_20260606/工业制造/汽车零部件/峰璟股份.csv
002663,普邦股份,基础建设,工程建设,/home/peanut/stock_key_info/all_stocks_20260606/旧基建/工程建设/普邦股份.csv
002664,信质集团,汽车零部件,汽车零部件,/home/peanut/stock_key_info/all_stocks_20260606/工业制造/汽车零部件/信质集团.csv
002666,德联集团,化学制品,化学制品,/home/peanut/stock_key_info/all_stocks_20260606/化工行业/化学制品/德联集团.csv
002668,TCL智家,白色家电,家电行业,/home/peanut/stock_key_info/all_stocks_20260606/衣食住行/家电行业/TCL智家.csv
002669,康达新材,化学制品,化学制品,/home/peanut/stock_key_info/all_stocks_20260606/化工行业/化学制品/康达新材.csv
002670,国盛证券,证券Ⅱ,证券,/home/peanut/stock_key_info/all_stocks_20260606/金融/证券/国盛证券.csv
002671,龙泉股份,水泥,水泥建材,/home/peanut/stock_key_info/all_stocks_20260606/能源/水泥建材/龙泉股份.csv
002672,东江环保,环境治理,环保行业,/home/peanut/stock_key_info/all_stocks_20260606/衣食住行/环保行业/东江环保.csv
002673,西部证券,证券Ⅱ,证券,/home/peanut/stock_key_info/all_stocks_20260606/金融/证券/西部证券.csv
002674,兴业科技,纺织制造,纺织服装,/home/peanut/stock_key_info/all_stocks_20260606/衣食住行/纺织服装/兴业科技.csv
002675,东诚药业,化学制药,化学制药,/home/peanut/stock_key_info/all_stocks_20260606/医药/化学制药/东诚药业.csv
002676,顺威股份,家电零部件Ⅱ,家电行业,/home/peanut/stock_key_info/all_stocks_20260606/衣食住行/家电行业/顺威股份.csv
002677,浙江美大,厨卫电器,家电行业,/home/peanut/stock_key_info/all_stocks_20260606/衣食住行/家电行业/浙江美大.csv
002678,珠江钢琴,文娱用品,家用轻工,/home/peanut/stock_key_info/all_stocks_20260606/衣食住行/家用轻工/珠江钢琴.csv
002679,福建金森,林业Ⅱ,农牧饲渔,/home/peanut/stock_key_info/all_stocks_20260606/衣食住行/农牧饲渔/福建金森.csv
002681,奋达科技,消费电子,消费电子,/home/peanut/stock_key_info/all_stocks_20260606/工业制造/消费电子/奋达科技.csv
002682,龙洲股份,物流,物流行业,/home/peanut/stock_key_info/all_stocks_20260606/航运物流/物流行业/龙洲股份.csv
002683,广东宏大,化学制品,化学制品,/home/peanut/stock_key_info/all_stocks_20260606/化工行业/化学制品/广东宏大.csv
002685,华东重机,工程机械,工程机械,/home/peanut/stock_key_info/all_stocks_20260606/旧基建/工程机械/华东重机.csv
002686,亿利达,通用设备,通用设备,/home/peanut/stock_key_info/all_stocks_20260606/TMT/通用设备/亿利达.csv
002687,乔治白,服装家纺,纺织服装,/home/peanut/stock_key_info/all_stocks_20260606/衣食住行/纺织服装/乔治白.csv
002688,金河生物,动物保健Ⅱ,农药兽药,/home/peanut/stock_key_info/all_stocks_20260606/化工行业/农药兽药/金河生物.csv
002692,远程股份,电网设备,电网设备,/home/peanut/stock_key_info/all_stocks_20260606/能源/电网设备/远程股份.csv
002690,美亚光电,专用设备,专用设备,/home/peanut/stock_key_info/all_stocks_20260606/工业制造/专用设备/美亚光电.csv
002693,双成药业,化学制药,化学制药,/home/peanut/stock_key_info/all_stocks_20260606/医药/化学制药/双成药业.csv
002695,煌上煌,休闲食品,食品饮料,/home/peanut/stock_key_info/all_stocks_20260606/衣食住行/食品饮料/煌上煌.csv
002696,百洋股份,饲料,农牧饲渔,/home/peanut/stock_key_info/all_stocks_20260606/衣食住行/农牧饲渔/百洋股份.csv
002697,红旗连锁,一般零售,商业百货,/home/peanut/stock_key_info/all_stocks_20260606/衣食住行/商业百货/红旗连锁.csv
002698,博实股份,自动化设备,专用设备,/home/peanut/stock_key_info/all_stocks_20260606/工业制造/专用设备/博实股份.csv
002700,万憬能源,燃气Ⅱ,燃气,/home/peanut/stock_key_info/all_stocks_20260606/能源/燃气/万憬能源.csv
002701,奥瑞金,包装印刷,造纸印刷,/home/peanut/stock_key_info/all_stocks_20260606/旧基建/造纸印刷/奥瑞金.csv
002702,海欣食品,食品加工,食品饮料,/home/peanut/stock_key_info/all_stocks_20260606/衣食住行/食品饮料/海欣食品.csv
002703,浙江世宝,汽车零部件,汽车零部件,/home/peanut/stock_key_info/all_stocks_20260606/工业制造/汽车零部件/浙江世宝.csv
002705,新宝股份,小家电,家电行业,/home/peanut/stock_key_info/all_stocks_20260606/衣食住行/家电行业/新宝股份.csv
002706,良信股份,电网设备,电网设备,/home/peanut/stock_key_info/all_stocks_20260606/能源/电网设备/良信股份.csv
002707,众信旅游,旅游及景区,旅游酒店,/home/peanut/stock_key_info/all_stocks_20260606/衣食住行/旅游酒店/众信旅游.csv
002708,光洋股份,汽车零部件,汽车零部件,/home/peanut/stock_key_info/all_stocks_20260606/工业制造/汽车零部件/光洋股份.csv
002709,天赐材料,电池,电池,/home/peanut/stock_key_info/all_stocks_20260606/能源/电池/天赐材料.csv
002712,思美传媒,广告营销,文化传媒,/home/peanut/stock_key_info/all_stocks_20260606/衣食住行/文化传媒/思美传媒.csv
002714,牧原股份,养殖业,农牧饲渔,/home/peanut/stock_key_info/all_stocks_20260606/衣食住行/农牧饲渔/牧原股份.csv
002715,登云股份,汽车零部件,汽车零部件,/home/peanut/stock_key_info/all_stocks_20260606/工业制造/汽车零部件/登云股份.csv
002716,湖南白银,贵金属,贵金属,/home/peanut/stock_key_info/all_stocks_20260606/能源/贵金属/湖南白银.csv
002718,友邦吊顶,装修建材,装修建材,/home/peanut/stock_key_info/all_stocks_20260606/旧基建/装修建材/友邦吊顶.csv
002721,金一文化,饰品,珠宝首饰,/home/peanut/stock_key_info/all_stocks_20260606/衣食住行/珠宝首饰/金一文化.csv
002722,物产金轮,专用设备,专用设备,/home/peanut/stock_key_info/all_stocks_20260606/工业制造/专用设备/物产金轮.csv
002723,小崧股份,照明设备Ⅱ,光学光电子,/home/peanut/stock_key_info/all_stocks_20260606/工业制造/光学光电子/小崧股份.csv
002724,海洋王,照明设备Ⅱ,光学光电子,/home/peanut/stock_key_info/all_stocks_20260606/工业制造/光学光电子/海洋王.csv
002725,跃岭股份,汽车零部件,汽车零部件,/home/peanut/stock_key_info/all_stocks_20260606/工业制造/汽车零部件/跃岭股份.csv
002727,一心堂,医药商业,医药商业,/home/peanut/stock_key_info/all_stocks_20260606/医药/医药商业/一心堂.csv
002728,特一药业,中药Ⅱ,中药,/home/peanut/stock_key_info/all_stocks_20260606/医药/中药/特一药业.csv
002729,好利科技,其他电子Ⅱ,消费电子,/home/peanut/stock_key_info/all_stocks_20260606/工业制造/消费电子/好利科技.csv
002730,电光科技,专用设备,专用设备,/home/peanut/stock_key_info/all_stocks_20260606/工业制造/专用设备/电光科技.csv
002732,燕塘乳业,饮料乳品,食品饮料,/home/peanut/stock_key_info/all_stocks_20260606/衣食住行/食品饮料/燕塘乳业.csv
002733,雄韬股份,电池,电池,/home/peanut/stock_key_info/all_stocks_20260606/能源/电池/雄韬股份.csv
002734,利民股份,农化制品,农药兽药,/home/peanut/stock_key_info/all_stocks_20260606/化工行业/农药兽药/利民股份.csv
002735,王子新材,包装印刷,造纸印刷,/home/peanut/stock_key_info/all_stocks_20260606/旧基建/造纸印刷/王子新材.csv
002736,国信证券,证券Ⅱ,证券,/home/peanut/stock_key_info/all_stocks_20260606/金融/证券/国信证券.csv
002737,葵花药业,中药Ⅱ,中药,/home/peanut/stock_key_info/all_stocks_20260606/医药/中药/葵花药业.csv
002738,中矿资源,能源金属,能源金属,/home/peanut/stock_key_info/all_stocks_20260606/能源/能源金属/中矿资源.csv
002739,儒意电影,影视院线,文化传媒,/home/peanut/stock_key_info/all_stocks_20260606/衣食住行/文化传媒/儒意电影.csv
002741,光华科技,电子化学品Ⅱ,电子化学品,/home/peanut/stock_key_info/all_stocks_20260606/TMT/电子化学品/光华科技.csv
002742,三圣股份,化学制药,化学制药,/home/peanut/stock_key_info/all_stocks_20260606/医药/化学制药/三圣股份.csv
002743,富煌钢构,专业工程,工程建设,/home/peanut/stock_key_info/all_stocks_20260606/旧基建/工程建设/富煌钢构.csv
002745,木林森,光学光电子,光学光电子,/home/peanut/stock_key_info/all_stocks_20260606/工业制造/光学光电子/木林森.csv
002746,仙坛股份,养殖业,农牧饲渔,/home/peanut/stock_key_info/all_stocks_20260606/衣食住行/农牧饲渔/仙坛股份.csv
002747,埃斯顿,自动化设备,专用设备,/home/peanut/stock_key_info/all_stocks_20260606/工业制造/专用设备/埃斯顿.csv
002748,世龙实业,化学原料,化学原料,/home/peanut/stock_key_info/all_stocks_20260606/化工行业/化学原料/世龙实业.csv
002749,国光股份,农化制品,农药兽药,/home/peanut/stock_key_info/all_stocks_20260606/化工行业/农药兽药/国光股份.csv
002752,昇兴股份,包装印刷,造纸印刷,/home/peanut/stock_key_info/all_stocks_20260606/旧基建/造纸印刷/昇兴股份.csv
002753,永东股份,橡胶,橡胶制品,/home/peanut/stock_key_info/all_stocks_20260606/能源/橡胶制品/永东股份.csv
002755,奥赛康,化学制药,化学制药,/home/peanut/stock_key_info/all_stocks_20260606/医药/化学制药/奥赛康.csv
002756,永兴材料,能源金属,能源金属,/home/peanut/stock_key_info/all_stocks_20260606/能源/能源金属/永兴材料.csv
002757,南兴股份,专用设备,专用设备,/home/peanut/stock_key_info/all_stocks_20260606/工业制造/专用设备/南兴股份.csv
002758,浙农股份,综合Ⅱ,综合行业,/home/peanut/stock_key_info/all_stocks_20260606/综合行业/浙农股份.csv
002759,天际股份,电池,电池,/home/peanut/stock_key_info/all_stocks_20260606/能源/电池/天际股份.csv
002760,凤形股份,通用设备,通用设备,/home/peanut/stock_key_info/all_stocks_20260606/TMT/通用设备/凤形股份.csv
002761,浙江建投,房屋建设Ⅱ,工程建设,/home/peanut/stock_key_info/all_stocks_20260606/旧基建/工程建设/浙江建投.csv
002763,汇洁股份,服装家纺,纺织服装,/home/peanut/stock_key_info/all_stocks_20260606/衣食住行/纺织服装/汇洁股份.csv
002765,蓝黛科技,汽车零部件,汽车零部件,/home/peanut/stock_key_info/all_stocks_20260606/工业制造/汽车零部件/蓝黛科技.csv
002766,索菱股份,汽车零部件,汽车零部件,/home/peanut/stock_key_info/all_stocks_20260606/工业制造/汽车零部件/索菱股份.csv
002767,先锋电子,通用设备,通用设备,/home/peanut/stock_key_info/all_stocks_20260606/TMT/通用设备/先锋电子.csv
002769,普路通,物流,物流行业,/home/peanut/stock_key_info/all_stocks_20260606/航运物流/物流行业/普路通.csv
002771,真视通,IT服务Ⅱ,软件开发,/home/peanut/stock_key_info/all_stocks_20260606/TMT/软件开发/真视通.csv
002772,众兴菌业,种植业,农牧饲渔,/home/peanut/stock_key_info/all_stocks_20260606/衣食住行/农牧饲渔/众兴菌业.csv
002768,国恩股份,塑料,塑料制品,/home/peanut/stock_key_info/all_stocks_20260606/化工行业/塑料制品/国恩股份.csv
002774,快意电梯,专用设备,专用设备,/home/peanut/stock_key_info/all_stocks_20260606/工业制造/专用设备/快意电梯.csv
002775,文科股份,基础建设,工程建设,/home/peanut/stock_key_info/all_stocks_20260606/旧基建/工程建设/文科股份.csv
002773,康弘药业,生物制品,生物制品,/home/peanut/stock_key_info/all_stocks_20260606/医药/生物制品/康弘药业.csv
002777,久远银海,IT服务Ⅱ,软件开发,/home/peanut/stock_key_info/all_stocks_20260606/TMT/软件开发/久远银海.csv
002778,中晟高科,环境治理,环保行业,/home/peanut/stock_key_info/all_stocks_20260606/衣食住行/环保行业/中晟高科.csv
002780,三夫户外,服装家纺,纺织服装,/home/peanut/stock_key_info/all_stocks_20260606/衣食住行/纺织服装/三夫户外.csv
002779,中坚科技,专用设备,专用设备,/home/peanut/stock_key_info/all_stocks_20260606/工业制造/专用设备/中坚科技.csv
002782,可立克,其他电子Ⅱ,消费电子,/home/peanut/stock_key_info/all_stocks_20260606/工业制造/消费电子/可立克.csv
002783,凯龙股份,化学制品,化学制品,/home/peanut/stock_key_info/all_stocks_20260606/化工行业/化学制品/凯龙股份.csv
002785,万里石,装修建材,装修建材,/home/peanut/stock_key_info/all_stocks_20260606/旧基建/装修建材/万里石.csv
002786,银宝山新,专用设备,专用设备,/home/peanut/stock_key_info/all_stocks_20260606/工业制造/专用设备/银宝山新.csv
002787,华源控股,包装印刷,造纸印刷,/home/peanut/stock_key_info/all_stocks_20260606/旧基建/造纸印刷/华源控股.csv
002788,鹭燕医药,医药商业,医药商业,/home/peanut/stock_key_info/all_stocks_20260606/医药/医药商业/鹭燕医药.csv
002790,瑞尔特,家居用品,家用轻工,/home/peanut/stock_key_info/all_stocks_20260606/衣食住行/家用轻工/瑞尔特.csv
002791,坚朗五金,装修建材,装修建材,/home/peanut/stock_key_info/all_stocks_20260606/旧基建/装修建材/坚朗五金.csv
002792,通宇通讯,通信设备,通信设备,/home/peanut/stock_key_info/all_stocks_20260606/TMT/通信设备/通宇通讯.csv
002793,罗欣药业,化学制药,化学制药,/home/peanut/stock_key_info/all_stocks_20260606/医药/化学制药/罗欣药业.csv
002796,世嘉科技,通信设备,通信设备,/home/peanut/stock_key_info/all_stocks_20260606/TMT/通信设备/世嘉科技.csv
002797,第一创业,证券Ⅱ,证券,/home/peanut/stock_key_info/all_stocks_20260606/金融/证券/第一创业.csv
002795,永和智控,通用设备,通用设备,/home/peanut/stock_key_info/all_stocks_20260606/TMT/通用设备/永和智控.csv
002798,帝欧水华,家居用品,家用轻工,/home/peanut/stock_key_info/all_stocks_20260606/衣食住行/家用轻工/帝欧水华.csv
002799,环球印务,包装印刷,造纸印刷,/home/peanut/stock_key_info/all_stocks_20260606/旧基建/造纸印刷/环球印务.csv
002800,天顺股份,物流,物流行业,/home/peanut/stock_key_info/all_stocks_20260606/航运物流/物流行业/天顺股份.csv
002801,微光股份,电机Ⅱ,电机,/home/peanut/stock_key_info/all_stocks_20260606/工业制造/电机/微光股份.csv
002802,洪汇新材,化学制品,化学制品,/home/peanut/stock_key_info/all_stocks_20260606/化工行业/化学制品/洪汇新材.csv
002803,吉宏股份,互联网电商,互联网服务,/home/peanut/stock_key_info/all_stocks_20260606/TMT/互联网服务/吉宏股份.csv
002805,丰元股份,电池,电池,/home/peanut/stock_key_info/all_stocks_20260606/能源/电池/丰元股份.csv
002806,华锋股份,汽车零部件,汽车零部件,/home/peanut/stock_key_info/all_stocks_20260606/工业制造/汽车零部件/华锋股份.csv
002807,江阴银行,银行Ⅱ,银行,/home/peanut/stock_key_info/all_stocks_20260606/金融/银行/江阴银行.csv
002809,红墙股份,化学制品,化学制品,/home/peanut/stock_key_info/all_stocks_20260606/化工行业/化学制品/红墙股份.csv
002810,山东赫达,化学制品,化学制品,/home/peanut/stock_key_info/all_stocks_20260606/化工行业/化学制品/山东赫达.csv
002811,郑中设计,装修装饰Ⅱ,装修装饰,/home/peanut/stock_key_info/all_stocks_20260606/旧基建/装修装饰/郑中设计.csv
002812,恩捷股份,电池,电池,/home/peanut/stock_key_info/all_stocks_20260606/能源/电池/恩捷股份.csv
002813,路畅科技,汽车零部件,汽车零部件,/home/peanut/stock_key_info/all_stocks_20260606/工业制造/汽车零部件/路畅科技.csv
002815,崇达技术,元件,电子元件,/home/peanut/stock_key_info/all_stocks_20260606/TMT/电子元件/崇达技术.csv
002817,黄山胶囊,化学制药,化学制药,/home/peanut/stock_key_info/all_stocks_20260606/医药/化学制药/黄山胶囊.csv
002818,富森美,一般零售,商业百货,/home/peanut/stock_key_info/all_stocks_20260606/衣食住行/商业百货/富森美.csv
002820,桂发祥,休闲食品,食品饮料,/home/peanut/stock_key_info/all_stocks_20260606/衣食住行/食品饮料/桂发祥.csv
002819,东方中科,通用设备,通用设备,/home/peanut/stock_key_info/all_stocks_20260606/TMT/通用设备/东方中科.csv
002821,凯莱英,医疗服务,医疗服务,/home/peanut/stock_key_info/all_stocks_20260606/医药/医疗服务/凯莱英.csv
002823,凯中精密,电机Ⅱ,电机,/home/peanut/stock_key_info/all_stocks_20260606/工业制造/电机/凯中精密.csv
002824,和胜股份,工业金属,有色金属,/home/peanut/stock_key_info/all_stocks_20260606/能源/有色金属/和胜股份.csv
002825,纳尔股份,塑料,塑料制品,/home/peanut/stock_key_info/all_stocks_20260606/化工行业/塑料制品/纳尔股份.csv
002826,易明医药,化学制药,化学制药,/home/peanut/stock_key_info/all_stocks_20260606/医药/化学制药/易明医药.csv
002827,高争民爆,化学制品,化学制品,/home/peanut/stock_key_info/all_stocks_20260606/化工行业/化学制品/高争民爆.csv
002828,贝肯能源,油服工程,石油行业,/home/peanut/stock_key_info/all_stocks_20260606/能源/石油行业/贝肯能源.csv
002829,星网宇达,航天装备Ⅱ,航天航空,/home/peanut/stock_key_info/all_stocks_20260606/航天航空/星网宇达.csv
002830,名雕股份,装修装饰Ⅱ,装修装饰,/home/peanut/stock_key_info/all_stocks_20260606/旧基建/装修装饰/名雕股份.csv
002831,裕同科技,包装印刷,造纸印刷,/home/peanut/stock_key_info/all_stocks_20260606/旧基建/造纸印刷/裕同科技.csv
002832,比音勒芬,服装家纺,纺织服装,/home/peanut/stock_key_info/all_stocks_20260606/衣食住行/纺织服装/比音勒芬.csv
002833,弘亚数控,专用设备,专用设备,/home/peanut/stock_key_info/all_stocks_20260606/工业制造/专用设备/弘亚数控.csv
002835,同为股份,计算机设备,计算机设备,/home/peanut/stock_key_info/all_stocks_20260606/TMT/计算机设备/同为股份.csv
002836,新宏泽,包装印刷,造纸印刷,/home/peanut/stock_key_info/all_stocks_20260606/旧基建/造纸印刷/新宏泽.csv
002837,英维克,专用设备,专用设备,/home/peanut/stock_key_info/all_stocks_20260606/工业制造/专用设备/英维克.csv
002838,道恩股份,塑料,塑料制品,/home/peanut/stock_key_info/all_stocks_20260606/化工行业/塑料制品/道恩股份.csv
002839,张家港行,银行Ⅱ,银行,/home/peanut/stock_key_info/all_stocks_20260606/金融/银行/张家港行.csv
002840,华统股份,食品加工,食品饮料,/home/peanut/stock_key_info/all_stocks_20260606/衣食住行/食品饮料/华统股份.csv
002841,视源股份,消费电子,消费电子,/home/peanut/stock_key_info/all_stocks_20260606/工业制造/消费电子/视源股份.csv
002842,翔鹭钨业,小金属,小金属,/home/peanut/stock_key_info/all_stocks_20260606/能源/小金属/翔鹭钨业.csv
002843,泰嘉股份,通用设备,通用设备,/home/peanut/stock_key_info/all_stocks_20260606/TMT/通用设备/泰嘉股份.csv
002845,同兴达,光学光电子,光学光电子,/home/peanut/stock_key_info/all_stocks_20260606/工业制造/光学光电子/同兴达.csv
002846,英联股份,包装印刷,造纸印刷,/home/peanut/stock_key_info/all_stocks_20260606/旧基建/造纸印刷/英联股份.csv
002847,盐津铺子,休闲食品,食品饮料,/home/peanut/stock_key_info/all_stocks_20260606/衣食住行/食品饮料/盐津铺子.csv
002848,高斯贝尔,黑色家电,家电行业,/home/peanut/stock_key_info/all_stocks_20260606/衣食住行/家电行业/高斯贝尔.csv
002849,威星智能,通用设备,通用设备,/home/peanut/stock_key_info/all_stocks_20260606/TMT/通用设备/威星智能.csv
002851,麦格米特,其他电源设备Ⅱ,电源设备,/home/peanut/stock_key_info/all_stocks_20260606/能源/电源设备/麦格米特.csv
002850,科达利,电池,电池,/home/peanut/stock_key_info/all_stocks_20260606/能源/电池/科达利.csv
002852,道道全,农产品加工,农牧饲渔,/home/peanut/stock_key_info/all_stocks_20260606/衣食住行/农牧饲渔/道道全.csv
002853,皮阿诺,家居用品,家用轻工,/home/peanut/stock_key_info/all_stocks_20260606/衣食住行/家用轻工/皮阿诺.csv
002855,捷荣技术,消费电子,消费电子,/home/peanut/stock_key_info/all_stocks_20260606/工业制造/消费电子/捷荣技术.csv
002857,三晖电气,电网设备,电网设备,/home/peanut/stock_key_info/all_stocks_20260606/能源/电网设备/三晖电气.csv
002858,力盛体育,体育Ⅱ,文化传媒,/home/peanut/stock_key_info/all_stocks_20260606/衣食住行/文化传媒/力盛体育.csv
002859,洁美科技,其他电子Ⅱ,消费电子,/home/peanut/stock_key_info/all_stocks_20260606/工业制造/消费电子/洁美科技.csv
002860,星帅尔,家电零部件Ⅱ,家电行业,/home/peanut/stock_key_info/all_stocks_20260606/衣食住行/家电行业/星帅尔.csv
002861,瀛通通讯,消费电子,消费电子,/home/peanut/stock_key_info/all_stocks_20260606/工业制造/消费电子/瀛通通讯.csv
002862,实丰文化,文娱用品,家用轻工,/home/peanut/stock_key_info/all_stocks_20260606/衣食住行/家用轻工/实丰文化.csv
002863,今飞凯达,汽车零部件,汽车零部件,/home/peanut/stock_key_info/all_stocks_20260606/工业制造/汽车零部件/今飞凯达.csv
002864,盘龙药业,中药Ⅱ,中药,/home/peanut/stock_key_info/all_stocks_20260606/医药/中药/盘龙药业.csv
002865,钧达股份,光伏设备,光伏设备,/home/peanut/stock_key_info/all_stocks_20260606/能源/光伏设备/钧达股份.csv
002866,传艺科技,消费电子,消费电子,/home/peanut/stock_key_info/all_stocks_20260606/工业制造/消费电子/传艺科技.csv
002867,周大生,饰品,珠宝首饰,/home/peanut/stock_key_info/all_stocks_20260606/衣食住行/珠宝首饰/周大生.csv
002868,绿康生化,动物保健Ⅱ,农药兽药,/home/peanut/stock_key_info/all_stocks_20260606/化工行业/农药兽药/绿康生化.csv
002869,金溢科技,计算机设备,计算机设备,/home/peanut/stock_key_info/all_stocks_20260606/TMT/计算机设备/金溢科技.csv
002870,香山股份,汽车零部件,汽车零部件,/home/peanut/stock_key_info/all_stocks_20260606/工业制造/汽车零部件/香山股份.csv
002871,伟隆股份,通用设备,通用设备,/home/peanut/stock_key_info/all_stocks_20260606/TMT/通用设备/伟隆股份.csv
002873,新天药业,中药Ⅱ,中药,/home/peanut/stock_key_info/all_stocks_20260606/医药/中药/新天药业.csv
002875,安奈儿,服装家纺,纺织服装,/home/peanut/stock_key_info/all_stocks_20260606/衣食住行/纺织服装/安奈儿.csv
002876,三利谱,光学光电子,光学光电子,/home/peanut/stock_key_info/all_stocks_20260606/工业制造/光学光电子/三利谱.csv
002877,智能自控,通用设备,通用设备,/home/peanut/stock_key_info/all_stocks_20260606/TMT/通用设备/智能自控.csv
002878,元隆雅图,广告营销,文化传媒,/home/peanut/stock_key_info/all_stocks_20260606/衣食住行/文化传媒/元隆雅图.csv
002879,长缆科技,电网设备,电网设备,/home/peanut/stock_key_info/all_stocks_20260606/能源/电网设备/长缆科技.csv
002880,卫光生物,生物制品,生物制品,/home/peanut/stock_key_info/all_stocks_20260606/医药/生物制品/卫光生物.csv
002881,美格智能,通信设备,通信设备,/home/peanut/stock_key_info/all_stocks_20260606/TMT/通信设备/美格智能.csv
002882,金龙羽,电网设备,电网设备,/home/peanut/stock_key_info/all_stocks_20260606/能源/电网设备/金龙羽.csv
002884,凌霄泵业,通用设备,通用设备,/home/peanut/stock_key_info/all_stocks_20260606/TMT/通用设备/凌霄泵业.csv
002885,京泉华,其他电子Ⅱ,消费电子,/home/peanut/stock_key_info/all_stocks_20260606/工业制造/消费电子/京泉华.csv
002886,沃特股份,塑料,塑料制品,/home/peanut/stock_key_info/all_stocks_20260606/化工行业/塑料制品/沃特股份.csv
002887,绿茵生态,环境治理,环保行业,/home/peanut/stock_key_info/all_stocks_20260606/衣食住行/环保行业/绿茵生态.csv
002888,惠威科技,消费电子,消费电子,/home/peanut/stock_key_info/all_stocks_20260606/工业制造/消费电子/惠威科技.csv
002889,东方嘉盛,物流,物流行业,/home/peanut/stock_key_info/all_stocks_20260606/航运物流/物流行业/东方嘉盛.csv
002890,弘宇股份,专用设备,专用设备,/home/peanut/stock_key_info/all_stocks_20260606/工业制造/专用设备/弘宇股份.csv
002891,中宠股份,饲料,农牧饲渔,/home/peanut/stock_key_info/all_stocks_20260606/衣食住行/农牧饲渔/中宠股份.csv
002892,科力尔,电机Ⅱ,电机,/home/peanut/stock_key_info/all_stocks_20260606/工业制造/电机/科力尔.csv
002893,京能热力,电力,电力行业,/home/peanut/stock_key_info/all_stocks_20260606/电力行业/京能热力.csv
002895,川恒股份,农化制品,农药兽药,/home/peanut/stock_key_info/all_stocks_20260606/化工行业/农药兽药/川恒股份.csv
002897,意华股份,通信设备,通信设备,/home/peanut/stock_key_info/all_stocks_20260606/TMT/通信设备/意华股份.csv
002896,中大力德,通用设备,通用设备,/home/peanut/stock_key_info/all_stocks_20260606/TMT/通用设备/中大力德.csv
002899,英派斯,文娱用品,家用轻工,/home/peanut/stock_key_info/all_stocks_20260606/衣食住行/家用轻工/英派斯.csv
002900,哈三联,化学制药,化学制药,/home/peanut/stock_key_info/all_stocks_20260606/医药/化学制药/哈三联.csv
002902,铭普光磁,通信设备,通信设备,/home/peanut/stock_key_info/all_stocks_20260606/TMT/通信设备/铭普光磁.csv
002903,宇环数控,通用设备,通用设备,/home/peanut/stock_key_info/all_stocks_20260606/TMT/通用设备/宇环数控.csv
002901,大博医疗,医疗器械,医疗器械,/home/peanut/stock_key_info/all_stocks_20260606/医药/医疗器械/大博医疗.csv
002905,金逸影视,影视院线,文化传媒,/home/peanut/stock_key_info/all_stocks_20260606/衣食住行/文化传媒/金逸影视.csv
002908,德生科技,IT服务Ⅱ,软件开发,/home/peanut/stock_key_info/all_stocks_20260606/TMT/软件开发/德生科技.csv
002906,华阳集团,汽车零部件,汽车零部件,/home/peanut/stock_key_info/all_stocks_20260606/工业制造/汽车零部件/华阳集团.csv
002907,华森制药,中药Ⅱ,中药,/home/peanut/stock_key_info/all_stocks_20260606/医药/中药/华森制药.csv
002909,集泰股份,化学制品,化学制品,/home/peanut/stock_key_info/all_stocks_20260606/化工行业/化学制品/集泰股份.csv
002910,庄园牧场,饮料乳品,食品饮料,/home/peanut/stock_key_info/all_stocks_20260606/衣食住行/食品饮料/庄园牧场.csv
002912,中新赛克,计算机设备,计算机设备,/home/peanut/stock_key_info/all_stocks_20260606/TMT/计算机设备/中新赛克.csv
002911,佛燃能源,燃气Ⅱ,燃气,/home/peanut/stock_key_info/all_stocks_20260606/能源/燃气/佛燃能源.csv
002913,奥士康,元件,电子元件,/home/peanut/stock_key_info/all_stocks_20260606/TMT/电子元件/奥士康.csv
002915,中欣氟材,化学制品,化学制品,/home/peanut/stock_key_info/all_stocks_20260606/化工行业/化学制品/中欣氟材.csv
002918,蒙娜丽莎,家居用品,家用轻工,/home/peanut/stock_key_info/all_stocks_20260606/衣食住行/家用轻工/蒙娜丽莎.csv
002916,深南电路,元件,电子元件,/home/peanut/stock_key_info/all_stocks_20260606/TMT/电子元件/深南电路.csv
002917,金奥博,化学制品,化学制品,/home/peanut/stock_key_info/all_stocks_20260606/化工行业/化学制品/金奥博.csv
002919,名臣健康,游戏Ⅱ,游戏,/home/peanut/stock_key_info/all_stocks_20260606/衣食住行/游戏/名臣健康.csv
002920,德赛西威,汽车零部件,汽车零部件,/home/peanut/stock_key_info/all_stocks_20260606/工业制造/汽车零部件/德赛西威.csv
002921,联诚精密,汽车零部件,汽车零部件,/home/peanut/stock_key_info/all_stocks_20260606/工业制造/汽车零部件/联诚精密.csv
002922,伊戈尔,其他电子Ⅱ,消费电子,/home/peanut/stock_key_info/all_stocks_20260606/工业制造/消费电子/伊戈尔.csv
002923,润都股份,化学制药,化学制药,/home/peanut/stock_key_info/all_stocks_20260606/医药/化学制药/润都股份.csv
002925,盈趣科技,消费电子,消费电子,/home/peanut/stock_key_info/all_stocks_20260606/工业制造/消费电子/盈趣科技.csv
002926,华西证券,证券Ⅱ,证券,/home/peanut/stock_key_info/all_stocks_20260606/金融/证券/华西证券.csv
002927,泰永长征,电网设备,电网设备,/home/peanut/stock_key_info/all_stocks_20260606/能源/电网设备/泰永长征.csv
002928,华夏航空,航空机场,航空机场,/home/peanut/stock_key_info/all_stocks_20260606/衣食住行/航空机场/华夏航空.csv
002930,宏川智慧,物流,物流行业,/home/peanut/stock_key_info/all_stocks_20260606/航运物流/物流行业/宏川智慧.csv
002929,润建股份,通信服务,通信服务,/home/peanut/stock_key_info/all_stocks_20260606/TMT/通信服务/润建股份.csv
002931,锋龙股份,通用设备,通用设备,/home/peanut/stock_key_info/all_stocks_20260606/TMT/通用设备/锋龙股份.csv
002933,新兴装备,航空装备Ⅱ,航天航空,/home/peanut/stock_key_info/all_stocks_20260606/航天航空/新兴装备.csv
002935,天奥电子,军工电子Ⅱ,航天航空,/home/peanut/stock_key_info/all_stocks_20260606/航天航空/天奥电子.csv
002936,郑州银行,银行Ⅱ,银行,/home/peanut/stock_key_info/all_stocks_20260606/金融/银行/郑州银行.csv
002937,兴瑞科技,汽车零部件,汽车零部件,/home/peanut/stock_key_info/all_stocks_20260606/工业制造/汽车零部件/兴瑞科技.csv
002938,鹏鼎控股,元件,电子元件,/home/peanut/stock_key_info/all_stocks_20260606/TMT/电子元件/鹏鼎控股.csv
002939,长城证券,证券Ⅱ,证券,/home/peanut/stock_key_info/all_stocks_20260606/金融/证券/长城证券.csv
002940,昂利康,化学制药,化学制药,/home/peanut/stock_key_info/all_stocks_20260606/医药/化学制药/昂利康.csv
002941,新疆交建,基础建设,工程建设,/home/peanut/stock_key_info/all_stocks_20260606/旧基建/工程建设/新疆交建.csv
002942,新农股份,农化制品,农药兽药,/home/peanut/stock_key_info/all_stocks_20260606/化工行业/农药兽药/新农股份.csv
002943,宇晶股份,通用设备,通用设备,/home/peanut/stock_key_info/all_stocks_20260606/TMT/通用设备/宇晶股份.csv
002945,华林证券,证券Ⅱ,证券,/home/peanut/stock_key_info/all_stocks_20260606/金融/证券/华林证券.csv
002946,新乳业,饮料乳品,食品饮料,/home/peanut/stock_key_info/all_stocks_20260606/衣食住行/食品饮料/新乳业.csv
002947,恒铭达,消费电子,消费电子,/home/peanut/stock_key_info/all_stocks_20260606/工业制造/消费电子/恒铭达.csv
002948,青岛银行,银行Ⅱ,银行,/home/peanut/stock_key_info/all_stocks_20260606/金融/银行/青岛银行.csv
002949,华阳国际,工程咨询服务Ⅱ,工程咨询服务,/home/peanut/stock_key_info/all_stocks_20260606/旧基建/工程咨询服务/华阳国际.csv
002950,奥美医疗,医疗器械,医疗器械,/home/peanut/stock_key_info/all_stocks_20260606/医药/医疗器械/奥美医疗.csv
002951,金时科技,其他电源设备Ⅱ,电源设备,/home/peanut/stock_key_info/all_stocks_20260606/能源/电源设备/金时科技.csv
002952,亚世光电,光学光电子,光学光电子,/home/peanut/stock_key_info/all_stocks_20260606/工业制造/光学光电子/亚世光电.csv
002953,日丰股份,电网设备,电网设备,/home/peanut/stock_key_info/all_stocks_20260606/能源/电网设备/日丰股份.csv
002955,鸿合科技,光学光电子,光学光电子,/home/peanut/stock_key_info/all_stocks_20260606/工业制造/光学光电子/鸿合科技.csv
002956,西麦食品,休闲食品,食品饮料,/home/peanut/stock_key_info/all_stocks_20260606/衣食住行/食品饮料/西麦食品.csv
002957,科瑞技术,自动化设备,专用设备,/home/peanut/stock_key_info/all_stocks_20260606/工业制造/专用设备/科瑞技术.csv
002958,青农商行,银行Ⅱ,银行,/home/peanut/stock_key_info/all_stocks_20260606/金融/银行/青农商行.csv
002959,小熊电器,小家电,家电行业,/home/peanut/stock_key_info/all_stocks_20260606/衣食住行/家电行业/小熊电器.csv
002960,青鸟智控,专用设备,专用设备,/home/peanut/stock_key_info/all_stocks_20260606/工业制造/专用设备/青鸟智控.csv
002961,瑞达期货,多元金融,多元金融,/home/peanut/stock_key_info/all_stocks_20260606/金融/多元金融/瑞达期货.csv
002962,五方光电,光学光电子,光学光电子,/home/peanut/stock_key_info/all_stocks_20260606/工业制造/光学光电子/五方光电.csv
002963,豪尔赛,装修装饰Ⅱ,装修装饰,/home/peanut/stock_key_info/all_stocks_20260606/旧基建/装修装饰/豪尔赛.csv
002965,祥鑫科技,汽车零部件,汽车零部件,/home/peanut/stock_key_info/all_stocks_20260606/工业制造/汽车零部件/祥鑫科技.csv
002966,苏州银行,银行Ⅱ,银行,/home/peanut/stock_key_info/all_stocks_20260606/金融/银行/苏州银行.csv
002968,新大正,房地产服务,房地产服务,/home/peanut/stock_key_info/all_stocks_20260606/旧基建/房地产服务/新大正.csv
002967,广电计量,专业服务,专业服务,/home/peanut/stock_key_info/all_stocks_20260606/工业制造/专业服务/广电计量.csv
002969,嘉美包装,包装印刷,造纸印刷,/home/peanut/stock_key_info/all_stocks_20260606/旧基建/造纸印刷/嘉美包装.csv
002970,锐明技术,计算机设备,计算机设备,/home/peanut/stock_key_info/all_stocks_20260606/TMT/计算机设备/锐明技术.csv
002971,和远气体,化学制品,化学制品,/home/peanut/stock_key_info/all_stocks_20260606/化工行业/化学制品/和远气体.csv
002972,科安达,轨交设备Ⅱ,交运设备,/home/peanut/stock_key_info/all_stocks_20260606/工业制造/交运设备/科安达.csv
002973,侨银股份,环境治理,环保行业,/home/peanut/stock_key_info/all_stocks_20260606/衣食住行/环保行业/侨银股份.csv
002975,博杰股份,自动化设备,专用设备,/home/peanut/stock_key_info/all_stocks_20260606/工业制造/专用设备/博杰股份.csv
002976,瑞玛精密,汽车零部件,汽车零部件,/home/peanut/stock_key_info/all_stocks_20260606/工业制造/汽车零部件/瑞玛精密.csv
002978,安宁股份,小金属,小金属,/home/peanut/stock_key_info/all_stocks_20260606/能源/小金属/安宁股份.csv
002979,雷赛智能,自动化设备,专用设备,/home/peanut/stock_key_info/all_stocks_20260606/工业制造/专用设备/雷赛智能.csv
002980,华盛昌,电网设备,电网设备,/home/peanut/stock_key_info/all_stocks_20260606/能源/电网设备/华盛昌.csv
002981,朝阳科技,消费电子,消费电子,/home/peanut/stock_key_info/all_stocks_20260606/工业制造/消费电子/朝阳科技.csv
002982,湘佳股份,养殖业,农牧饲渔,/home/peanut/stock_key_info/all_stocks_20260606/衣食住行/农牧饲渔/湘佳股份.csv
002983,芯瑞达,光学光电子,光学光电子,/home/peanut/stock_key_info/all_stocks_20260606/工业制造/光学光电子/芯瑞达.csv
002984,森麒麟,汽车零部件,汽车零部件,/home/peanut/stock_key_info/all_stocks_20260606/工业制造/汽车零部件/森麒麟.csv
002985,北摩高科,航空装备Ⅱ,航天航空,/home/peanut/stock_key_info/all_stocks_20260606/航天航空/北摩高科.csv
002986,宇新股份,炼化及贸易,石油行业,/home/peanut/stock_key_info/all_stocks_20260606/能源/石油行业/宇新股份.csv
002987,京北方,软件开发,软件开发,/home/peanut/stock_key_info/all_stocks_20260606/TMT/软件开发/京北方.csv
002988,豪美新材,工业金属,有色金属,/home/peanut/stock_key_info/all_stocks_20260606/能源/有色金属/豪美新材.csv
002989,中天精装,装修装饰Ⅱ,装修装饰,/home/peanut/stock_key_info/all_stocks_20260606/旧基建/装修装饰/中天精装.csv
002990,盛视科技,计算机设备,计算机设备,/home/peanut/stock_key_info/all_stocks_20260606/TMT/计算机设备/盛视科技.csv
002991,甘源食品,休闲食品,食品饮料,/home/peanut/stock_key_info/all_stocks_20260606/衣食住行/食品饮料/甘源食品.csv
002992,宝明科技,光学光电子,光学光电子,/home/peanut/stock_key_info/all_stocks_20260606/工业制造/光学光电子/宝明科技.csv
002993,奥海科技,消费电子,消费电子,/home/peanut/stock_key_info/all_stocks_20260606/工业制造/消费电子/奥海科技.csv
002995,天地在线,广告营销,文化传媒,/home/peanut/stock_key_info/all_stocks_20260606/衣食住行/文化传媒/天地在线.csv
002996,顺博合金,工业金属,有色金属,/home/peanut/stock_key_info/all_stocks_20260606/能源/有色金属/顺博合金.csv
002997,瑞鹄模具,汽车零部件,汽车零部件,/home/peanut/stock_key_info/all_stocks_20260606/工业制造/汽车零部件/瑞鹄模具.csv
002998,优彩资源,化学纤维,化纤行业,/home/peanut/stock_key_info/all_stocks_20260606/化工行业/化纤行业/优彩资源.csv
002999,天禾股份,农化制品,农药兽药,/home/peanut/stock_key_info/all_stocks_20260606/化工行业/农药兽药/天禾股份.csv
003000,劲仔食品,休闲食品,食品饮料,/home/peanut/stock_key_info/all_stocks_20260606/衣食住行/食品饮料/劲仔食品.csv
003001,中岩大地,专业工程,工程建设,/home/peanut/stock_key_info/all_stocks_20260606/旧基建/工程建设/中岩大地.csv
003002,壶化股份,化学制品,化学制品,/home/peanut/stock_key_info/all_stocks_20260606/化工行业/化学制品/壶化股份.csv
003003,天元股份,包装印刷,造纸印刷,/home/peanut/stock_key_info/all_stocks_20260606/旧基建/造纸印刷/天元股份.csv
003004,声迅股份,计算机设备,计算机设备,/home/peanut/stock_key_info/all_stocks_20260606/TMT/计算机设备/声迅股份.csv
003005,竞业达,IT服务Ⅱ,软件开发,/home/peanut/stock_key_info/all_stocks_20260606/TMT/软件开发/竞业达.csv
003006,百亚股份,个护用品,美容护理,/home/peanut/stock_key_info/all_stocks_20260606/衣食住行/美容护理/百亚股份.csv
003007,直真科技,软件开发,软件开发,/home/peanut/stock_key_info/all_stocks_20260606/TMT/软件开发/直真科技.csv
003008,开普检测,专业服务,专业服务,/home/peanut/stock_key_info/all_stocks_20260606/工业制造/专业服务/开普检测.csv
003009,中天火箭,航天装备Ⅱ,航天航空,/home/peanut/stock_key_info/all_stocks_20260606/航天航空/中天火箭.csv
003010,若羽臣,互联网电商,互联网服务,/home/peanut/stock_key_info/all_stocks_20260606/TMT/互联网服务/若羽臣.csv
003011,海象新材,家居用品,家用轻工,/home/peanut/stock_key_info/all_stocks_20260606/衣食住行/家用轻工/海象新材.csv
003012,东鹏控股,家居用品,家用轻工,/home/peanut/stock_key_info/all_stocks_20260606/衣食住行/家用轻工/东鹏控股.csv
003013,地铁设计,工程咨询服务Ⅱ,工程咨询服务,/home/peanut/stock_key_info/all_stocks_20260606/旧基建/工程咨询服务/地铁设计.csv
003015,日久光电,光学光电子,光学光电子,/home/peanut/stock_key_info/all_stocks_20260606/工业制造/光学光电子/日久光电.csv
003016,欣贺股份,服装家纺,纺织服装,/home/peanut/stock_key_info/all_stocks_20260606/衣食住行/纺织服装/欣贺股份.csv
003017,大洋生物,化学原料,化学原料,/home/peanut/stock_key_info/all_stocks_20260606/化工行业/化学原料/大洋生物.csv
003018,金富科技,包装印刷,造纸印刷,/home/peanut/stock_key_info/all_stocks_20260606/旧基建/造纸印刷/金富科技.csv
003019,宸展光电,光学光电子,光学光电子,/home/peanut/stock_key_info/all_stocks_20260606/工业制造/光学光电子/宸展光电.csv
003020,立方制药,化学制药,化学制药,/home/peanut/stock_key_info/all_stocks_20260606/医药/化学制药/立方制药.csv
003021,兆威机电,电机Ⅱ,电机,/home/peanut/stock_key_info/all_stocks_20260606/工业制造/电机/兆威机电.csv
003022,联泓新科,光伏设备,光伏设备,/home/peanut/stock_key_info/all_stocks_20260606/能源/光伏设备/联泓新科.csv
003023,彩虹集团,小家电,家电行业,/home/peanut/stock_key_info/all_stocks_20260606/衣食住行/家电行业/彩虹集团.csv
003025,思进智能,通用设备,通用设备,/home/peanut/stock_key_info/all_stocks_20260606/TMT/通用设备/思进智能.csv
003026,中晶科技,半导体,半导体,/home/peanut/stock_key_info/all_stocks_20260606/TMT/半导体/中晶科技.csv
003027,同兴科技,环境治理,环保行业,/home/peanut/stock_key_info/all_stocks_20260606/衣食住行/环保行业/同兴科技.csv
003028,振邦智能,家电零部件Ⅱ,家电行业,/home/peanut/stock_key_info/all_stocks_20260606/衣食住行/家电行业/振邦智能.csv
003029,吉大正元,软件开发,软件开发,/home/peanut/stock_key_info/all_stocks_20260606/TMT/软件开发/吉大正元.csv
003030,祖名股份,农产品加工,农牧饲渔,/home/peanut/stock_key_info/all_stocks_20260606/衣食住行/农牧饲渔/祖名股份.csv
003031,中瓷电子,通信设备,通信设备,/home/peanut/stock_key_info/all_stocks_20260606/TMT/通信设备/中瓷电子.csv
003033,征和工业,摩托车及其他,汽车整车,/home/peanut/stock_key_info/all_stocks_20260606/工业制造/汽车整车/征和工业.csv
003035,南网能源,电力,电力行业,/home/peanut/stock_key_info/all_stocks_20260606/电力行业/南网能源.csv
003036,泰坦股份,专用设备,专用设备,/home/peanut/stock_key_info/all_stocks_20260606/工业制造/专用设备/泰坦股份.csv
003037,三和管桩,水泥,水泥建材,/home/peanut/stock_key_info/all_stocks_20260606/能源/水泥建材/三和管桩.csv
003038,鑫铂股份,工业金属,有色金属,/home/peanut/stock_key_info/all_stocks_20260606/能源/有色金属/鑫铂股份.csv
003039,顺控发展,环境治理,环保行业,/home/peanut/stock_key_info/all_stocks_20260606/衣食住行/环保行业/顺控发展.csv
003040,楚天龙,通信设备,通信设备,/home/peanut/stock_key_info/all_stocks_20260606/TMT/通信设备/楚天龙.csv
003041,真爱美家,服装家纺,纺织服装,/home/peanut/stock_key_info/all_stocks_20260606/衣食住行/纺织服装/真爱美家.csv
003042,中农联合,农化制品,农药兽药,/home/peanut/stock_key_info/all_stocks_20260606/化工行业/农药兽药/中农联合.csv
003043,华亚智能,半导体,半导体,/home/peanut/stock_key_info/all_stocks_20260606/TMT/半导体/华亚智能.csv
003816,中国广核,电力,电力行业,/home/peanut/stock_key_info/all_stocks_20260606/电力行业/中国广核.csv
300001,特锐德,电网设备,电网设备,/home/peanut/stock_key_info/all_stocks_20260606/能源/电网设备/特锐德.csv
300002,神州泰岳,游戏Ⅱ,游戏,/home/peanut/stock_key_info/all_stocks_20260606/衣食住行/游戏/神州泰岳.csv
300003,乐普医疗,医疗器械,医疗器械,/home/peanut/stock_key_info/all_stocks_20260606/医药/医疗器械/乐普医疗.csv
300004,南风股份,专用设备,专用设备,/home/peanut/stock_key_info/all_stocks_20260606/工业制造/专用设备/南风股份.csv
300005,探路者,服装家纺,纺织服装,/home/peanut/stock_key_info/all_stocks_20260606/衣食住行/纺织服装/探路者.csv
300006,莱美药业,化学制药,化学制药,/home/peanut/stock_key_info/all_stocks_20260606/医药/化学制药/莱美药业.csv
300007,汉威科技,通用设备,通用设备,/home/peanut/stock_key_info/all_stocks_20260606/TMT/通用设备/汉威科技.csv
300008,天海防务,航海装备Ⅱ,船舶制造,/home/peanut/stock_key_info/all_stocks_20260606/航运物流/船舶制造/天海防务.csv
300012,华测检测,专业服务,专业服务,/home/peanut/stock_key_info/all_stocks_20260606/工业制造/专业服务/华测检测.csv
300009,安科生物,生物制品,生物制品,/home/peanut/stock_key_info/all_stocks_20260606/医药/生物制品/安科生物.csv
300011,鼎汉技术,轨交设备Ⅱ,交运设备,/home/peanut/stock_key_info/all_stocks_20260606/工业制造/交运设备/鼎汉技术.csv
300013,新宁物流,物流,物流行业,/home/peanut/stock_key_info/all_stocks_20260606/航运物流/物流行业/新宁物流.csv
300014,亿纬锂能,电池,电池,/home/peanut/stock_key_info/all_stocks_20260606/能源/电池/亿纬锂能.csv
300015,爱尔眼科,医疗服务,医疗服务,/home/peanut/stock_key_info/all_stocks_20260606/医药/医疗服务/爱尔眼科.csv
300016,北陆药业,化学制药,化学制药,/home/peanut/stock_key_info/all_stocks_20260606/医药/化学制药/北陆药业.csv
300017,网宿科技,IT服务Ⅱ,软件开发,/home/peanut/stock_key_info/all_stocks_20260606/TMT/软件开发/网宿科技.csv
300018,中元股份,电网设备,电网设备,/home/peanut/stock_key_info/all_stocks_20260606/能源/电网设备/中元股份.csv
300019,硅宝科技,化学制品,化学制品,/home/peanut/stock_key_info/all_stocks_20260606/化工行业/化学制品/硅宝科技.csv
300021,大禹节水,农业综合Ⅱ,农牧饲渔,/home/peanut/stock_key_info/all_stocks_20260606/衣食住行/农牧饲渔/大禹节水.csv
300022,吉峰科技,专业连锁Ⅱ,商业百货,/home/peanut/stock_key_info/all_stocks_20260606/衣食住行/商业百货/吉峰科技.csv
300024,机器人,自动化设备,专用设备,/home/peanut/stock_key_info/all_stocks_20260606/工业制造/专用设备/机器人.csv
300025,华星创业,通信服务,通信服务,/home/peanut/stock_key_info/all_stocks_20260606/TMT/通信服务/华星创业.csv
300026,红日药业,中药Ⅱ,中药,/home/peanut/stock_key_info/all_stocks_20260606/医药/中药/红日药业.csv
300030,阳普医疗,医疗器械,医疗器械,/home/peanut/stock_key_info/all_stocks_20260606/医药/医疗器械/阳普医疗.csv
300031,宝通科技,游戏Ⅱ,游戏,/home/peanut/stock_key_info/all_stocks_20260606/衣食住行/游戏/宝通科技.csv
300032,金龙机电,消费电子,消费电子,/home/peanut/stock_key_info/all_stocks_20260606/工业制造/消费电子/金龙机电.csv
300033,同花顺,软件开发,软件开发,/home/peanut/stock_key_info/all_stocks_20260606/TMT/软件开发/同花顺.csv
300034,钢研高纳,航空装备Ⅱ,航天航空,/home/peanut/stock_key_info/all_stocks_20260606/航天航空/钢研高纳.csv
300035,中科电气,电池,电池,/home/peanut/stock_key_info/all_stocks_20260606/能源/电池/中科电气.csv
300036,超图软件,软件开发,软件开发,/home/peanut/stock_key_info/all_stocks_20260606/TMT/软件开发/超图软件.csv
300037,新宙邦,电池,电池,/home/peanut/stock_key_info/all_stocks_20260606/能源/电池/新宙邦.csv
300039,上海凯宝,中药Ⅱ,中药,/home/peanut/stock_key_info/all_stocks_20260606/医药/中药/上海凯宝.csv
300040,九洲集团,电力,电力行业,/home/peanut/stock_key_info/all_stocks_20260606/电力行业/九洲集团.csv
300041,回天新材,化学制品,化学制品,/home/peanut/stock_key_info/all_stocks_20260606/化工行业/化学制品/回天新材.csv
300042,朗科科技,计算机设备,计算机设备,/home/peanut/stock_key_info/all_stocks_20260606/TMT/计算机设备/朗科科技.csv
300043,星辉娱乐,游戏Ⅱ,游戏,/home/peanut/stock_key_info/all_stocks_20260606/衣食住行/游戏/星辉娱乐.csv
300045,华力创通,军工电子Ⅱ,航天航空,/home/peanut/stock_key_info/all_stocks_20260606/航天航空/华力创通.csv
300046,台基股份,半导体,半导体,/home/peanut/stock_key_info/all_stocks_20260606/TMT/半导体/台基股份.csv
300047,天源迪科,软件开发,软件开发,/home/peanut/stock_key_info/all_stocks_20260606/TMT/软件开发/天源迪科.csv
300048,合康新能,自动化设备,专用设备,/home/peanut/stock_key_info/all_stocks_20260606/工业制造/专用设备/合康新能.csv
300049,福瑞医科,医疗器械,医疗器械,/home/peanut/stock_key_info/all_stocks_20260606/医药/医疗器械/福瑞医科.csv
300050,世纪鼎利,通信服务,通信服务,/home/peanut/stock_key_info/all_stocks_20260606/TMT/通信服务/世纪鼎利.csv
300051,琏升科技,光伏设备,光伏设备,/home/peanut/stock_key_info/all_stocks_20260606/能源/光伏设备/琏升科技.csv
300052,中青宝,IT服务Ⅱ,软件开发,/home/peanut/stock_key_info/all_stocks_20260606/TMT/软件开发/中青宝.csv
300053,航宇微,半导体,半导体,/home/peanut/stock_key_info/all_stocks_20260606/TMT/半导体/航宇微.csv
300054,鼎龙股份,电子化学品Ⅱ,电子化学品,/home/peanut/stock_key_info/all_stocks_20260606/TMT/电子化学品/鼎龙股份.csv
300055,万邦达,炼化及贸易,石油行业,/home/peanut/stock_key_info/all_stocks_20260606/能源/石油行业/万邦达.csv
300056,中创环保,环境治理,环保行业,/home/peanut/stock_key_info/all_stocks_20260606/衣食住行/环保行业/中创环保.csv
300057,万顺新材,工业金属,有色金属,/home/peanut/stock_key_info/all_stocks_20260606/能源/有色金属/万顺新材.csv
300058,蓝色光标,广告营销,文化传媒,/home/peanut/stock_key_info/all_stocks_20260606/衣食住行/文化传媒/蓝色光标.csv
300059,东方财富,证券Ⅱ,证券,/home/peanut/stock_key_info/all_stocks_20260606/金融/证券/东方财富.csv
300061,旗天科技,广告营销,文化传媒,/home/peanut/stock_key_info/all_stocks_20260606/衣食住行/文化传媒/旗天科技.csv
300062,中能电气,电网设备,电网设备,/home/peanut/stock_key_info/all_stocks_20260606/能源/电网设备/中能电气.csv
300063,天龙集团,广告营销,文化传媒,/home/peanut/stock_key_info/all_stocks_20260606/衣食住行/文化传媒/天龙集团.csv
300065,海兰信,航海装备Ⅱ,船舶制造,/home/peanut/stock_key_info/all_stocks_20260606/航运物流/船舶制造/海兰信.csv
300066,三川智慧,通用设备,通用设备,/home/peanut/stock_key_info/all_stocks_20260606/TMT/通用设备/三川智慧.csv
300067,安诺其,化学制品,化学制品,/home/peanut/stock_key_info/all_stocks_20260606/化工行业/化学制品/安诺其.csv
300069,金利华电,电网设备,电网设备,/home/peanut/stock_key_info/all_stocks_20260606/能源/电网设备/金利华电.csv
300070,碧水源,环境治理,环保行业,/home/peanut/stock_key_info/all_stocks_20260606/衣食住行/环保行业/碧水源.csv
300071,福石控股,广告营销,文化传媒,/home/peanut/stock_key_info/all_stocks_20260606/衣食住行/文化传媒/福石控股.csv
300072,海新能科,化学制品,化学制品,/home/peanut/stock_key_info/all_stocks_20260606/化工行业/化学制品/海新能科.csv
300073,当升科技,电池,电池,/home/peanut/stock_key_info/all_stocks_20260606/能源/电池/当升科技.csv
300074,华平股份,软件开发,软件开发,/home/peanut/stock_key_info/all_stocks_20260606/TMT/软件开发/华平股份.csv
300075,数字政通,软件开发,软件开发,/home/peanut/stock_key_info/all_stocks_20260606/TMT/软件开发/数字政通.csv
300077,国民技术,半导体,半导体,/home/peanut/stock_key_info/all_stocks_20260606/TMT/半导体/国民技术.csv
300078,思创智联,IT服务Ⅱ,软件开发,/home/peanut/stock_key_info/all_stocks_20260606/TMT/软件开发/思创智联.csv
300079,数码视讯,IT服务Ⅱ,软件开发,/home/peanut/stock_key_info/all_stocks_20260606/TMT/软件开发/数码视讯.csv
300080,易成新能,光伏设备,光伏设备,/home/peanut/stock_key_info/all_stocks_20260606/能源/光伏设备/易成新能.csv
300082,奥克股份,化学原料,化学原料,/home/peanut/stock_key_info/all_stocks_20260606/化工行业/化学原料/奥克股份.csv
300083,创世纪,自动化设备,专用设备,/home/peanut/stock_key_info/all_stocks_20260606/工业制造/专用设备/创世纪.csv
300084,海默科技,专用设备,专用设备,/home/peanut/stock_key_info/all_stocks_20260606/工业制造/专用设备/海默科技.csv
300085,银之杰,软件开发,软件开发,/home/peanut/stock_key_info/all_stocks_20260606/TMT/软件开发/银之杰.csv
300086,康芝药业,化学制药,化学制药,/home/peanut/stock_key_info/all_stocks_20260606/医药/化学制药/康芝药业.csv
300087,荃银高科,种植业,农牧饲渔,/home/peanut/stock_key_info/all_stocks_20260606/衣食住行/农牧饲渔/荃银高科.csv
300088,长信科技,光学光电子,光学光电子,/home/peanut/stock_key_info/all_stocks_20260606/工业制造/光学光电子/长信科技.csv
300092,科新机电,专用设备,专用设备,/home/peanut/stock_key_info/all_stocks_20260606/工业制造/专用设备/科新机电.csv
300094,国联水产,渔业,农牧饲渔,/home/peanut/stock_key_info/all_stocks_20260606/衣食住行/农牧饲渔/国联水产.csv
300095,华伍股份,专用设备,专用设备,/home/peanut/stock_key_info/all_stocks_20260606/工业制造/专用设备/华伍股份.csv
300097,智云股份,自动化设备,专用设备,/home/peanut/stock_key_info/all_stocks_20260606/工业制造/专用设备/智云股份.csv
300098,高新兴,通信设备,通信设备,/home/peanut/stock_key_info/all_stocks_20260606/TMT/通信设备/高新兴.csv
300099,尤洛卡,专用设备,专用设备,/home/peanut/stock_key_info/all_stocks_20260606/工业制造/专用设备/尤洛卡.csv
300100,双林股份,汽车零部件,汽车零部件,/home/peanut/stock_key_info/all_stocks_20260606/工业制造/汽车零部件/双林股份.csv
300101,振芯科技,军工电子Ⅱ,航天航空,/home/peanut/stock_key_info/all_stocks_20260606/航天航空/振芯科技.csv
300102,乾照光电,光学光电子,光学光电子,/home/peanut/stock_key_info/all_stocks_20260606/工业制造/光学光电子/乾照光电.csv
300103,达刚控股,专用设备,专用设备,/home/peanut/stock_key_info/all_stocks_20260606/工业制造/专用设备/达刚控股.csv
300105,龙源技术,其他电源设备Ⅱ,电源设备,/home/peanut/stock_key_info/all_stocks_20260606/能源/电源设备/龙源技术.csv
300106,西部牧业,饮料乳品,食品饮料,/home/peanut/stock_key_info/all_stocks_20260606/衣食住行/食品饮料/西部牧业.csv
300107,建新股份,化学制品,化学制品,/home/peanut/stock_key_info/all_stocks_20260606/化工行业/化学制品/建新股份.csv
300109,新开源,化学制品,化学制品,/home/peanut/stock_key_info/all_stocks_20260606/化工行业/化学制品/新开源.csv
300110,华仁药业,化学制药,化学制药,/home/peanut/stock_key_info/all_stocks_20260606/医药/化学制药/华仁药业.csv
300111,向日葵,化学制药,化学制药,/home/peanut/stock_key_info/all_stocks_20260606/医药/化学制药/向日葵.csv
300112,万讯自控,通用设备,通用设备,/home/peanut/stock_key_info/all_stocks_20260606/TMT/通用设备/万讯自控.csv
300113,顺网科技,游戏Ⅱ,游戏,/home/peanut/stock_key_info/all_stocks_20260606/衣食住行/游戏/顺网科技.csv
300115,长盈精密,消费电子,消费电子,/home/peanut/stock_key_info/all_stocks_20260606/工业制造/消费电子/长盈精密.csv
300118,东方日升,光伏设备,光伏设备,/home/peanut/stock_key_info/all_stocks_20260606/能源/光伏设备/东方日升.csv
300119,瑞普生物,动物保健Ⅱ,农药兽药,/home/peanut/stock_key_info/all_stocks_20260606/化工行业/农药兽药/瑞普生物.csv
300120,经纬辉开,光学光电子,光学光电子,/home/peanut/stock_key_info/all_stocks_20260606/工业制造/光学光电子/经纬辉开.csv
300121,阳谷华泰,橡胶,橡胶制品,/home/peanut/stock_key_info/all_stocks_20260606/能源/橡胶制品/阳谷华泰.csv
300122,智飞生物,生物制品,生物制品,/home/peanut/stock_key_info/all_stocks_20260606/医药/生物制品/智飞生物.csv
300124,汇川技术,自动化设备,专用设备,/home/peanut/stock_key_info/all_stocks_20260606/工业制造/专用设备/汇川技术.csv
300126,锐奇股份,通用设备,通用设备,/home/peanut/stock_key_info/all_stocks_20260606/TMT/通用设备/锐奇股份.csv
300127,银河磁体,金属新材料,小金属,/home/peanut/stock_key_info/all_stocks_20260606/能源/小金属/银河磁体.csv
300128,锦富技术,电池,电池,/home/peanut/stock_key_info/all_stocks_20260606/能源/电池/锦富技术.csv
300129,泰胜风能,风电设备,风电设备,/home/peanut/stock_key_info/all_stocks_20260606/能源/风电设备/泰胜风能.csv
300130,新国都,计算机设备,计算机设备,/home/peanut/stock_key_info/all_stocks_20260606/TMT/计算机设备/新国都.csv
300131,英唐智控,其他电子Ⅱ,消费电子,/home/peanut/stock_key_info/all_stocks_20260606/工业制造/消费电子/英唐智控.csv
300132,青松股份,化妆品,美容护理,/home/peanut/stock_key_info/all_stocks_20260606/衣食住行/美容护理/青松股份.csv
300133,华策影视,影视院线,文化传媒,/home/peanut/stock_key_info/all_stocks_20260606/衣食住行/文化传媒/华策影视.csv
300134,大富科技,通信设备,通信设备,/home/peanut/stock_key_info/all_stocks_20260606/TMT/通信设备/大富科技.csv
300135,宝利国际,炼化及贸易,石油行业,/home/peanut/stock_key_info/all_stocks_20260606/能源/石油行业/宝利国际.csv
300136,信维通信,消费电子,消费电子,/home/peanut/stock_key_info/all_stocks_20260606/工业制造/消费电子/信维通信.csv
300137,先河环保,环保设备Ⅱ,环保行业,/home/peanut/stock_key_info/all_stocks_20260606/衣食住行/环保行业/先河环保.csv
300138,晨光生物,农产品加工,农牧饲渔,/home/peanut/stock_key_info/all_stocks_20260606/衣食住行/农牧饲渔/晨光生物.csv
300139,晓程科技,贵金属,贵金属,/home/peanut/stock_key_info/all_stocks_20260606/能源/贵金属/晓程科技.csv
300140,节能环境,环境治理,环保行业,/home/peanut/stock_key_info/all_stocks_20260606/衣食住行/环保行业/节能环境.csv
300141,和顺电气,电网设备,电网设备,/home/peanut/stock_key_info/all_stocks_20260606/能源/电网设备/和顺电气.csv
300142,沃森生物,生物制品,生物制品,/home/peanut/stock_key_info/all_stocks_20260606/医药/生物制品/沃森生物.csv
300143,盈康生命,医疗服务,医疗服务,/home/peanut/stock_key_info/all_stocks_20260606/医药/医疗服务/盈康生命.csv
300144,宋城演艺,旅游及景区,旅游酒店,/home/peanut/stock_key_info/all_stocks_20260606/衣食住行/旅游酒店/宋城演艺.csv
300145,南方泵业,通用设备,通用设备,/home/peanut/stock_key_info/all_stocks_20260606/TMT/通用设备/南方泵业.csv
300146,汤臣倍健,食品加工,食品饮料,/home/peanut/stock_key_info/all_stocks_20260606/衣食住行/食品饮料/汤臣倍健.csv
300148,天舟文化,出版,文化传媒,/home/peanut/stock_key_info/all_stocks_20260606/衣食住行/文化传媒/天舟文化.csv
300149,睿智医药,医疗服务,医疗服务,/home/peanut/stock_key_info/all_stocks_20260606/医药/医疗服务/睿智医药.csv
300150,世纪瑞尔,IT服务Ⅱ,软件开发,/home/peanut/stock_key_info/all_stocks_20260606/TMT/软件开发/世纪瑞尔.csv
300151,昌红科技,专用设备,专用设备,/home/peanut/stock_key_info/all_stocks_20260606/工业制造/专用设备/昌红科技.csv
300153,科泰电源,其他电源设备Ⅱ,电源设备,/home/peanut/stock_key_info/all_stocks_20260606/能源/电源设备/科泰电源.csv
300154,瑞凌股份,通用设备,通用设备,/home/peanut/stock_key_info/all_stocks_20260606/TMT/通用设备/瑞凌股份.csv
300160,秀强股份,家电零部件Ⅱ,家电行业,/home/peanut/stock_key_info/all_stocks_20260606/衣食住行/家电行业/秀强股份.csv
300155,安居宝,计算机设备,计算机设备,/home/peanut/stock_key_info/all_stocks_20260606/TMT/计算机设备/安居宝.csv
300157,新锦动力,通用设备,通用设备,/home/peanut/stock_key_info/all_stocks_20260606/TMT/通用设备/新锦动力.csv
300158,振东制药,中药Ⅱ,中药,/home/peanut/stock_key_info/all_stocks_20260606/医药/中药/振东制药.csv
300161,华中数控,通用设备,通用设备,/home/peanut/stock_key_info/all_stocks_20260606/TMT/通用设备/华中数控.csv
300162,雷曼光电,光学光电子,光学光电子,/home/peanut/stock_key_info/all_stocks_20260606/工业制造/光学光电子/雷曼光电.csv
300163,先锋新材,化学制品,化学制品,/home/peanut/stock_key_info/all_stocks_20260606/化工行业/化学制品/先锋新材.csv
300164,通源石油,油服工程,石油行业,/home/peanut/stock_key_info/all_stocks_20260606/能源/石油行业/通源石油.csv
300165,天瑞仪器,通用设备,通用设备,/home/peanut/stock_key_info/all_stocks_20260606/TMT/通用设备/天瑞仪器.csv
300166,东方国信,IT服务Ⅱ,软件开发,/home/peanut/stock_key_info/all_stocks_20260606/TMT/软件开发/东方国信.csv
300168,万达信息,IT服务Ⅱ,软件开发,/home/peanut/stock_key_info/all_stocks_20260606/TMT/软件开发/万达信息.csv
300169,天晟新材,化学制品,化学制品,/home/peanut/stock_key_info/all_stocks_20260606/化工行业/化学制品/天晟新材.csv
300170,汉得信息,IT服务Ⅱ,软件开发,/home/peanut/stock_key_info/all_stocks_20260606/TMT/软件开发/汉得信息.csv
300171,东富龙,医疗器械,医疗器械,/home/peanut/stock_key_info/all_stocks_20260606/医药/医疗器械/东富龙.csv
300172,中电环保,环境治理,环保行业,/home/peanut/stock_key_info/all_stocks_20260606/衣食住行/环保行业/中电环保.csv
300174,元力股份,化学制品,化学制品,/home/peanut/stock_key_info/all_stocks_20260606/化工行业/化学制品/元力股份.csv
300175,朗源股份,农产品加工,农牧饲渔,/home/peanut/stock_key_info/all_stocks_20260606/衣食住行/农牧饲渔/朗源股份.csv
300176,鸿特科技,汽车零部件,汽车零部件,/home/peanut/stock_key_info/all_stocks_20260606/工业制造/汽车零部件/鸿特科技.csv
300177,中海达,军工电子Ⅱ,航天航空,/home/peanut/stock_key_info/all_stocks_20260606/航天航空/中海达.csv
300179,四方达,通用设备,通用设备,/home/peanut/stock_key_info/all_stocks_20260606/TMT/通用设备/四方达.csv
300180,华峰超纤,塑料,塑料制品,/home/peanut/stock_key_info/all_stocks_20260606/化工行业/塑料制品/华峰超纤.csv
300181,佐力药业,中药Ⅱ,中药,/home/peanut/stock_key_info/all_stocks_20260606/医药/中药/佐力药业.csv
300182,捷成股份,影视院线,文化传媒,/home/peanut/stock_key_info/all_stocks_20260606/衣食住行/文化传媒/捷成股份.csv
300183,东软载波,通信设备,通信设备,/home/peanut/stock_key_info/all_stocks_20260606/TMT/通信设备/东软载波.csv
300184,力源信息,其他电子Ⅱ,消费电子,/home/peanut/stock_key_info/all_stocks_20260606/工业制造/消费电子/力源信息.csv
300185,通裕重工,风电设备,风电设备,/home/peanut/stock_key_info/all_stocks_20260606/能源/风电设备/通裕重工.csv
300187,永清环保,环境治理,环保行业,/home/peanut/stock_key_info/all_stocks_20260606/衣食住行/环保行业/永清环保.csv
300188,国投智能,软件开发,软件开发,/home/peanut/stock_key_info/all_stocks_20260606/TMT/软件开发/国投智能.csv
300189,神农种业,种植业,农牧饲渔,/home/peanut/stock_key_info/all_stocks_20260606/衣食住行/农牧饲渔/神农种业.csv
300190,维尔利,环境治理,环保行业,/home/peanut/stock_key_info/all_stocks_20260606/衣食住行/环保行业/维尔利.csv
300191,潜能恒信,油服工程,石油行业,/home/peanut/stock_key_info/all_stocks_20260606/能源/石油行业/潜能恒信.csv
300192,科德教育,教育,教育,/home/peanut/stock_key_info/all_stocks_20260606/衣食住行/教育/科德教育.csv
300193,佳士科技,通用设备,通用设备,/home/peanut/stock_key_info/all_stocks_20260606/TMT/通用设备/佳士科技.csv
300194,福安药业,化学制药,化学制药,/home/peanut/stock_key_info/all_stocks_20260606/医药/化学制药/福安药业.csv
300195,长荣股份,专用设备,专用设备,/home/peanut/stock_key_info/all_stocks_20260606/工业制造/专用设备/长荣股份.csv
300196,长海股份,玻璃玻纤,玻璃玻纤,/home/peanut/stock_key_info/all_stocks_20260606/能源/玻璃玻纤/长海股份.csv
300197,节能铁汉,基础建设,工程建设,/home/peanut/stock_key_info/all_stocks_20260606/旧基建/工程建设/节能铁汉.csv
300199,翰宇药业,化学制药,化学制药,/home/peanut/stock_key_info/all_stocks_20260606/医药/化学制药/翰宇药业.csv
300200,高盟新材,化学制品,化学制品,/home/peanut/stock_key_info/all_stocks_20260606/化工行业/化学制品/高盟新材.csv
300201,海伦哲,工程机械,工程机械,/home/peanut/stock_key_info/all_stocks_20260606/旧基建/工程机械/海伦哲.csv
300203,聚光科技,通用设备,通用设备,/home/peanut/stock_key_info/all_stocks_20260606/TMT/通用设备/聚光科技.csv
300204,舒泰神,化学制药,化学制药,/home/peanut/stock_key_info/all_stocks_20260606/医药/化学制药/舒泰神.csv
300206,理邦仪器,医疗器械,医疗器械,/home/peanut/stock_key_info/all_stocks_20260606/医药/医疗器械/理邦仪器.csv
300207,欣旺达,电池,电池,/home/peanut/stock_key_info/all_stocks_20260606/能源/电池/欣旺达.csv
300209,行云科技,软件开发,软件开发,/home/peanut/stock_key_info/all_stocks_20260606/TMT/软件开发/行云科技.csv
300210,森远股份,环保设备Ⅱ,环保行业,/home/peanut/stock_key_info/all_stocks_20260606/衣食住行/环保行业/森远股份.csv
300213,佳讯飞鸿,通信设备,通信设备,/home/peanut/stock_key_info/all_stocks_20260606/TMT/通信设备/佳讯飞鸿.csv
300214,日科化学,化学制品,化学制品,/home/peanut/stock_key_info/all_stocks_20260606/化工行业/化学制品/日科化学.csv
300215,电科院,专业服务,专业服务,/home/peanut/stock_key_info/all_stocks_20260606/工业制造/专业服务/电科院.csv
300217,东方电热,家电零部件Ⅱ,家电行业,/home/peanut/stock_key_info/all_stocks_20260606/衣食住行/家电行业/东方电热.csv
300218,安利股份,塑料,塑料制品,/home/peanut/stock_key_info/all_stocks_20260606/化工行业/塑料制品/安利股份.csv
300219,鸿利智汇,光学光电子,光学光电子,/home/peanut/stock_key_info/all_stocks_20260606/工业制造/光学光电子/鸿利智汇.csv
300220,金运激光,文娱用品,家用轻工,/home/peanut/stock_key_info/all_stocks_20260606/衣食住行/家用轻工/金运激光.csv
300221,银禧科技,塑料,塑料制品,/home/peanut/stock_key_info/all_stocks_20260606/化工行业/塑料制品/银禧科技.csv
300222,科大智能,电网设备,电网设备,/home/peanut/stock_key_info/all_stocks_20260606/能源/电网设备/科大智能.csv
300223,北京君正,半导体,半导体,/home/peanut/stock_key_info/all_stocks_20260606/TMT/半导体/北京君正.csv
300224,正海磁材,金属新材料,小金属,/home/peanut/stock_key_info/all_stocks_20260606/能源/小金属/正海磁材.csv
300226,上海钢联,软件开发,软件开发,/home/peanut/stock_key_info/all_stocks_20260606/TMT/软件开发/上海钢联.csv
300227,光韵达,自动化设备,专用设备,/home/peanut/stock_key_info/all_stocks_20260606/工业制造/专用设备/光韵达.csv
300228,富瑞特装,通用设备,通用设备,/home/peanut/stock_key_info/all_stocks_20260606/TMT/通用设备/富瑞特装.csv
300229,拓尔思,软件开发,软件开发,/home/peanut/stock_key_info/all_stocks_20260606/TMT/软件开发/拓尔思.csv
300230,永利股份,塑料,塑料制品,/home/peanut/stock_key_info/all_stocks_20260606/化工行业/塑料制品/永利股份.csv
300231,银信科技,IT服务Ⅱ,软件开发,/home/peanut/stock_key_info/all_stocks_20260606/TMT/软件开发/银信科技.csv
300232,洲明科技,光学光电子,光学光电子,/home/peanut/stock_key_info/all_stocks_20260606/工业制造/光学光电子/洲明科技.csv
300233,金城医药,化学制药,化学制药,/home/peanut/stock_key_info/all_stocks_20260606/医药/化学制药/金城医药.csv
300234,开尔新材,装修建材,装修建材,/home/peanut/stock_key_info/all_stocks_20260606/旧基建/装修建材/开尔新材.csv
300235,方直科技,软件开发,软件开发,/home/peanut/stock_key_info/all_stocks_20260606/TMT/软件开发/方直科技.csv
300236,上海新阳,电子化学品Ⅱ,电子化学品,/home/peanut/stock_key_info/all_stocks_20260606/TMT/电子化学品/上海新阳.csv
300238,冠昊生物,医疗器械,医疗器械,/home/peanut/stock_key_info/all_stocks_20260606/医药/医疗器械/冠昊生物.csv
300239,东宝生物,生物制品,生物制品,/home/peanut/stock_key_info/all_stocks_20260606/医药/生物制品/东宝生物.csv
300240,飞力达,物流,物流行业,/home/peanut/stock_key_info/all_stocks_20260606/航运物流/物流行业/飞力达.csv
300241,瑞丰光电,光学光电子,光学光电子,/home/peanut/stock_key_info/all_stocks_20260606/工业制造/光学光电子/瑞丰光电.csv
300242,佳云科技,广告营销,文化传媒,/home/peanut/stock_key_info/all_stocks_20260606/衣食住行/文化传媒/佳云科技.csv
300243,瑞丰高材,塑料,塑料制品,/home/peanut/stock_key_info/all_stocks_20260606/化工行业/塑料制品/瑞丰高材.csv
300244,迪安诊断,医疗服务,医疗服务,/home/peanut/stock_key_info/all_stocks_20260606/医药/医疗服务/迪安诊断.csv
300246,宝莱特,医疗器械,医疗器械,/home/peanut/stock_key_info/all_stocks_20260606/医药/医疗器械/宝莱特.csv
300247,融捷健康,其他家电Ⅱ,家电行业,/home/peanut/stock_key_info/all_stocks_20260606/衣食住行/家电行业/融捷健康.csv
300248,新开普,计算机设备,计算机设备,/home/peanut/stock_key_info/all_stocks_20260606/TMT/计算机设备/新开普.csv
300249,依米康,计算机设备,计算机设备,/home/peanut/stock_key_info/all_stocks_20260606/TMT/计算机设备/依米康.csv
300250,初灵信息,IT服务Ⅱ,软件开发,/home/peanut/stock_key_info/all_stocks_20260606/TMT/软件开发/初灵信息.csv
300251,光线传媒,影视院线,文化传媒,/home/peanut/stock_key_info/all_stocks_20260606/衣食住行/文化传媒/光线传媒.csv
300252,金信诺,军工电子Ⅱ,航天航空,/home/peanut/stock_key_info/all_stocks_20260606/航天航空/金信诺.csv
300253,卫宁健康,软件开发,软件开发,/home/peanut/stock_key_info/all_stocks_20260606/TMT/软件开发/卫宁健康.csv
300254,仟源医药,化学制药,化学制药,/home/peanut/stock_key_info/all_stocks_20260606/医药/化学制药/仟源医药.csv
300255,常山药业,化学制药,化学制药,/home/peanut/stock_key_info/all_stocks_20260606/医药/化学制药/常山药业.csv
300256,星星科技,消费电子,消费电子,/home/peanut/stock_key_info/all_stocks_20260606/工业制造/消费电子/星星科技.csv
300257,开山股份,通用设备,通用设备,/home/peanut/stock_key_info/all_stocks_20260606/TMT/通用设备/开山股份.csv
300258,精锻科技,汽车零部件,汽车零部件,/home/peanut/stock_key_info/all_stocks_20260606/工业制造/汽车零部件/精锻科技.csv
300259,新天科技,通用设备,通用设备,/home/peanut/stock_key_info/all_stocks_20260606/TMT/通用设备/新天科技.csv
300260,新莱应材,通用设备,通用设备,/home/peanut/stock_key_info/all_stocks_20260606/TMT/通用设备/新莱应材.csv
300261,雅本化学,农化制品,农药兽药,/home/peanut/stock_key_info/all_stocks_20260606/化工行业/农药兽药/雅本化学.csv
300263,隆华科技,通用设备,通用设备,/home/peanut/stock_key_info/all_stocks_20260606/TMT/通用设备/隆华科技.csv
300264,佳创视讯,IT服务Ⅱ,软件开发,/home/peanut/stock_key_info/all_stocks_20260606/TMT/软件开发/佳创视讯.csv
300265,通光线缆,电网设备,电网设备,/home/peanut/stock_key_info/all_stocks_20260606/能源/电网设备/通光线缆.csv
300266,兴源环境,环境治理,环保行业,/home/peanut/stock_key_info/all_stocks_20260606/衣食住行/环保行业/兴源环境.csv
300267,尔康制药,化学制药,化学制药,/home/peanut/stock_key_info/all_stocks_20260606/医药/化学制药/尔康制药.csv
300268,佳沃食品,农产品加工,农牧饲渔,/home/peanut/stock_key_info/all_stocks_20260606/衣食住行/农牧饲渔/佳沃食品.csv
300269,联建光电,光学光电子,光学光电子,/home/peanut/stock_key_info/all_stocks_20260606/工业制造/光学光电子/联建光电.csv
300270,中威电子,计算机设备,计算机设备,/home/peanut/stock_key_info/all_stocks_20260606/TMT/计算机设备/中威电子.csv
300271,华宇软件,IT服务Ⅱ,软件开发,/home/peanut/stock_key_info/all_stocks_20260606/TMT/软件开发/华宇软件.csv
300272,开能健康,小家电,家电行业,/home/peanut/stock_key_info/all_stocks_20260606/衣食住行/家电行业/开能健康.csv
300274,阳光电源,光伏设备,光伏设备,/home/peanut/stock_key_info/all_stocks_20260606/能源/光伏设备/阳光电源.csv
300275,梅安森,计算机设备,计算机设备,/home/peanut/stock_key_info/all_stocks_20260606/TMT/计算机设备/梅安森.csv
300276,三丰智能,自动化设备,专用设备,/home/peanut/stock_key_info/all_stocks_20260606/工业制造/专用设备/三丰智能.csv
300277,汽轮科技,IT服务Ⅱ,软件开发,/home/peanut/stock_key_info/all_stocks_20260606/TMT/软件开发/汽轮科技.csv
300278,华昌达,自动化设备,专用设备,/home/peanut/stock_key_info/all_stocks_20260606/工业制造/专用设备/华昌达.csv
300279,和晶科技,家电零部件Ⅱ,家电行业,/home/peanut/stock_key_info/all_stocks_20260606/衣食住行/家电行业/和晶科技.csv
300281,金明精机,专用设备,专用设备,/home/peanut/stock_key_info/all_stocks_20260606/工业制造/专用设备/金明精机.csv
300283,温州宏丰,电网设备,电网设备,/home/peanut/stock_key_info/all_stocks_20260606/能源/电网设备/温州宏丰.csv
300284,苏交科,工程咨询服务Ⅱ,工程咨询服务,/home/peanut/stock_key_info/all_stocks_20260606/旧基建/工程咨询服务/苏交科.csv
300285,国瓷材料,电子化学品Ⅱ,电子化学品,/home/peanut/stock_key_info/all_stocks_20260606/TMT/电子化学品/国瓷材料.csv
300286,安科瑞,电网设备,电网设备,/home/peanut/stock_key_info/all_stocks_20260606/能源/电网设备/安科瑞.csv
300287,飞利信,IT服务Ⅱ,软件开发,/home/peanut/stock_key_info/all_stocks_20260606/TMT/软件开发/飞利信.csv
300288,朗玛信息,IT服务Ⅱ,软件开发,/home/peanut/stock_key_info/all_stocks_20260606/TMT/软件开发/朗玛信息.csv
300289,利德曼,医疗器械,医疗器械,/home/peanut/stock_key_info/all_stocks_20260606/医药/医疗器械/利德曼.csv
300290,荣科科技,IT服务Ⅱ,软件开发,/home/peanut/stock_key_info/all_stocks_20260606/TMT/软件开发/荣科科技.csv
300291,百纳千成,影视院线,文化传媒,/home/peanut/stock_key_info/all_stocks_20260606/衣食住行/文化传媒/百纳千成.csv
300292,吴通控股,通信服务,通信服务,/home/peanut/stock_key_info/all_stocks_20260606/TMT/通信服务/吴通控股.csv
300293,蓝英装备,专用设备,专用设备,/home/peanut/stock_key_info/all_stocks_20260606/工业制造/专用设备/蓝英装备.csv
300294,博雅生物,生物制品,生物制品,/home/peanut/stock_key_info/all_stocks_20260606/医药/生物制品/博雅生物.csv
300296,利亚德,光学光电子,光学光电子,/home/peanut/stock_key_info/all_stocks_20260606/工业制造/光学光电子/利亚德.csv
300299,富春股份,游戏Ⅱ,游戏,/home/peanut/stock_key_info/all_stocks_20260606/衣食住行/游戏/富春股份.csv
300300,海峡创新,IT服务Ⅱ,软件开发,/home/peanut/stock_key_info/all_stocks_20260606/TMT/软件开发/海峡创新.csv
300302,同有科技,计算机设备,计算机设备,/home/peanut/stock_key_info/all_stocks_20260606/TMT/计算机设备/同有科技.csv
300298,三诺生物,医疗器械,医疗器械,/home/peanut/stock_key_info/all_stocks_20260606/医药/医疗器械/三诺生物.csv
300303,聚飞光电,光学光电子,光学光电子,/home/peanut/stock_key_info/all_stocks_20260606/工业制造/光学光电子/聚飞光电.csv
300304,云意电气,汽车零部件,汽车零部件,/home/peanut/stock_key_info/all_stocks_20260606/工业制造/汽车零部件/云意电气.csv
300305,裕兴股份,塑料,塑料制品,/home/peanut/stock_key_info/all_stocks_20260606/化工行业/塑料制品/裕兴股份.csv
300306,远方信息,通用设备,通用设备,/home/peanut/stock_key_info/all_stocks_20260606/TMT/通用设备/远方信息.csv
300307,慈星股份,专用设备,专用设备,/home/peanut/stock_key_info/all_stocks_20260606/工业制造/专用设备/慈星股份.csv
300308,中际旭创,通信设备,通信设备,/home/peanut/stock_key_info/all_stocks_20260606/TMT/通信设备/中际旭创.csv
300314,戴维医疗,医疗器械,医疗器械,/home/peanut/stock_key_info/all_stocks_20260606/医药/医疗器械/戴维医疗.csv
300310,宜通世纪,通信服务,通信服务,/home/peanut/stock_key_info/all_stocks_20260606/TMT/通信服务/宜通世纪.csv
300315,掌趣科技,游戏Ⅱ,游戏,/home/peanut/stock_key_info/all_stocks_20260606/衣食住行/游戏/掌趣科技.csv
300316,晶盛机电,光伏设备,光伏设备,/home/peanut/stock_key_info/all_stocks_20260606/能源/光伏设备/晶盛机电.csv
300318,博晖创新,生物制品,生物制品,/home/peanut/stock_key_info/all_stocks_20260606/医药/生物制品/博晖创新.csv
300317,珈伟新能,电力,电力行业,/home/peanut/stock_key_info/all_stocks_20260606/电力行业/珈伟新能.csv
300319,麦捷科技,元件,电子元件,/home/peanut/stock_key_info/all_stocks_20260606/TMT/电子元件/麦捷科技.csv
300320,海达股份,橡胶,橡胶制品,/home/peanut/stock_key_info/all_stocks_20260606/能源/橡胶制品/海达股份.csv
300322,硕贝德,消费电子,消费电子,/home/peanut/stock_key_info/all_stocks_20260606/工业制造/消费电子/硕贝德.csv
300321,同大股份,化学制品,化学制品,/home/peanut/stock_key_info/all_stocks_20260606/化工行业/化学制品/同大股份.csv
300323,华灿光电,光学光电子,光学光电子,/home/peanut/stock_key_info/all_stocks_20260606/工业制造/光学光电子/华灿光电.csv
300324,旋极信息,计算机设备,计算机设备,/home/peanut/stock_key_info/all_stocks_20260606/TMT/计算机设备/旋极信息.csv
300328,宜安科技,工业金属,有色金属,/home/peanut/stock_key_info/all_stocks_20260606/能源/有色金属/宜安科技.csv
300327,中颖电子,半导体,半导体,/home/peanut/stock_key_info/all_stocks_20260606/TMT/半导体/中颖电子.csv
300329,海伦钢琴,文娱用品,家用轻工,/home/peanut/stock_key_info/all_stocks_20260606/衣食住行/家用轻工/海伦钢琴.csv
300331,苏大维格,光学光电子,光学光电子,/home/peanut/stock_key_info/all_stocks_20260606/工业制造/光学光电子/苏大维格.csv
300332,天壕能源,燃气Ⅱ,燃气,/home/peanut/stock_key_info/all_stocks_20260606/能源/燃气/天壕能源.csv
300333,兆日科技,计算机设备,计算机设备,/home/peanut/stock_key_info/all_stocks_20260606/TMT/计算机设备/兆日科技.csv
300335,迪森股份,电力,电力行业,/home/peanut/stock_key_info/all_stocks_20260606/电力行业/迪森股份.csv
300334,津膜科技,环境治理,环保行业,/home/peanut/stock_key_info/all_stocks_20260606/衣食住行/环保行业/津膜科技.csv
300337,银邦股份,工业金属,有色金属,/home/peanut/stock_key_info/all_stocks_20260606/能源/有色金属/银邦股份.csv
300339,润和软件,IT服务Ⅱ,软件开发,/home/peanut/stock_key_info/all_stocks_20260606/TMT/软件开发/润和软件.csv
300340,科恒股份,电池,电池,/home/peanut/stock_key_info/all_stocks_20260606/能源/电池/科恒股份.csv
300341,麦克奥迪,电网设备,电网设备,/home/peanut/stock_key_info/all_stocks_20260606/能源/电网设备/麦克奥迪.csv
300342,天银机电,家电零部件Ⅱ,家电行业,/home/peanut/stock_key_info/all_stocks_20260606/衣食住行/家电行业/天银机电.csv
300345,华民股份,光伏设备,光伏设备,/home/peanut/stock_key_info/all_stocks_20260606/能源/光伏设备/华民股份.csv
300346,南大光电,电子化学品Ⅱ,电子化学品,/home/peanut/stock_key_info/all_stocks_20260606/TMT/电子化学品/南大光电.csv
300347,泰格医药,医疗服务,医疗服务,/home/peanut/stock_key_info/all_stocks_20260606/医药/医疗服务/泰格医药.csv
300348,长亮科技,软件开发,软件开发,/home/peanut/stock_key_info/all_stocks_20260606/TMT/软件开发/长亮科技.csv
300349,金卡智能,通用设备,通用设备,/home/peanut/stock_key_info/all_stocks_20260606/TMT/通用设备/金卡智能.csv
300350,华鹏飞,物流,物流行业,/home/peanut/stock_key_info/all_stocks_20260606/航运物流/物流行业/华鹏飞.csv
300351,永贵电器,轨交设备Ⅱ,交运设备,/home/peanut/stock_key_info/all_stocks_20260606/工业制造/交运设备/永贵电器.csv
300354,东华测试,通用设备,通用设备,/home/peanut/stock_key_info/all_stocks_20260606/TMT/通用设备/东华测试.csv
300353,东土科技,通信设备,通信设备,/home/peanut/stock_key_info/all_stocks_20260606/TMT/通信设备/东土科技.csv
300355,蒙草生态,基础建设,工程建设,/home/peanut/stock_key_info/all_stocks_20260606/旧基建/工程建设/蒙草生态.csv
300359,全通教育,教育,教育,/home/peanut/stock_key_info/all_stocks_20260606/衣食住行/教育/全通教育.csv
300358,楚天科技,医疗器械,医疗器械,/home/peanut/stock_key_info/all_stocks_20260606/医药/医疗器械/楚天科技.csv
300357,我武生物,生物制品,生物制品,/home/peanut/stock_key_info/all_stocks_20260606/医药/生物制品/我武生物.csv
300360,炬华科技,电网设备,电网设备,/home/peanut/stock_key_info/all_stocks_20260606/能源/电网设备/炬华科技.csv
300364,中文在线,数字媒体,文化传媒,/home/peanut/stock_key_info/all_stocks_20260606/衣食住行/文化传媒/中文在线.csv
300363,博腾股份,医疗服务,医疗服务,/home/peanut/stock_key_info/all_stocks_20260606/医药/医疗服务/博腾股份.csv
300365,恒华科技,软件开发,软件开发,/home/peanut/stock_key_info/all_stocks_20260606/TMT/软件开发/恒华科技.csv
300368,汇金股份,计算机设备,计算机设备,/home/peanut/stock_key_info/all_stocks_20260606/TMT/计算机设备/汇金股份.csv
300369,绿盟科技,软件开发,软件开发,/home/peanut/stock_key_info/all_stocks_20260606/TMT/软件开发/绿盟科技.csv
300370,安控科技,通用设备,通用设备,/home/peanut/stock_key_info/all_stocks_20260606/TMT/通用设备/安控科技.csv
300371,汇中股份,通用设备,通用设备,/home/peanut/stock_key_info/all_stocks_20260606/TMT/通用设备/汇中股份.csv
300373,扬杰科技,半导体,半导体,/home/peanut/stock_key_info/all_stocks_20260606/TMT/半导体/扬杰科技.csv
300374,中铁装配,基础建设,工程建设,/home/peanut/stock_key_info/all_stocks_20260606/旧基建/工程建设/中铁装配.csv
300375,鹏翎股份,汽车零部件,汽车零部件,/home/peanut/stock_key_info/all_stocks_20260606/工业制造/汽车零部件/鹏翎股份.csv
300376,易事特,其他电源设备Ⅱ,电源设备,/home/peanut/stock_key_info/all_stocks_20260606/能源/电源设备/易事特.csv
300377,赢时胜,软件开发,软件开发,/home/peanut/stock_key_info/all_stocks_20260606/TMT/软件开发/赢时胜.csv
300378,鼎捷数智,软件开发,软件开发,/home/peanut/stock_key_info/all_stocks_20260606/TMT/软件开发/鼎捷数智.csv
300380,安硕信息,软件开发,软件开发,/home/peanut/stock_key_info/all_stocks_20260606/TMT/软件开发/安硕信息.csv
300381,溢多利,化学制药,化学制药,/home/peanut/stock_key_info/all_stocks_20260606/医药/化学制药/溢多利.csv
300382,斯莱克,专用设备,专用设备,/home/peanut/stock_key_info/all_stocks_20260606/工业制造/专用设备/斯莱克.csv
300383,光环新网,通信服务,通信服务,/home/peanut/stock_key_info/all_stocks_20260606/TMT/通信服务/光环新网.csv
300384,三联虹普,专业工程,工程建设,/home/peanut/stock_key_info/all_stocks_20260606/旧基建/工程建设/三联虹普.csv
300386,飞天诚信,计算机设备,计算机设备,/home/peanut/stock_key_info/all_stocks_20260606/TMT/计算机设备/飞天诚信.csv
300387,富邦科技,农化制品,农药兽药,/home/peanut/stock_key_info/all_stocks_20260606/化工行业/农药兽药/富邦科技.csv
300388,节能国祯,环境治理,环保行业,/home/peanut/stock_key_info/all_stocks_20260606/衣食住行/环保行业/节能国祯.csv
300389,艾比森,光学光电子,光学光电子,/home/peanut/stock_key_info/all_stocks_20260606/工业制造/光学光电子/艾比森.csv
300390,天华新能,电池,电池,/home/peanut/stock_key_info/all_stocks_20260606/能源/电池/天华新能.csv
300393,中来股份,光伏设备,光伏设备,/home/peanut/stock_key_info/all_stocks_20260606/能源/光伏设备/中来股份.csv
300394,天孚通信,通信设备,通信设备,/home/peanut/stock_key_info/all_stocks_20260606/TMT/通信设备/天孚通信.csv
300395,菲利华,航空装备Ⅱ,航天航空,/home/peanut/stock_key_info/all_stocks_20260606/航天航空/菲利华.csv
300397,天和防务,军工电子Ⅱ,航天航空,/home/peanut/stock_key_info/all_stocks_20260606/航天航空/天和防务.csv
300398,飞凯材料,电子化学品Ⅱ,电子化学品,/home/peanut/stock_key_info/all_stocks_20260606/TMT/电子化学品/飞凯材料.csv
300399,天利科技,IT服务Ⅱ,软件开发,/home/peanut/stock_key_info/all_stocks_20260606/TMT/软件开发/天利科技.csv
300400,劲拓股份,自动化设备,专用设备,/home/peanut/stock_key_info/all_stocks_20260606/工业制造/专用设备/劲拓股份.csv
300401,花园生物,化学制药,化学制药,/home/peanut/stock_key_info/all_stocks_20260606/医药/化学制药/花园生物.csv
300402,宝色股份,通用设备,通用设备,/home/peanut/stock_key_info/all_stocks_20260606/TMT/通用设备/宝色股份.csv
300403,汉宇集团,家电零部件Ⅱ,家电行业,/home/peanut/stock_key_info/all_stocks_20260606/衣食住行/家电行业/汉宇集团.csv
300405,科隆股份,化学制品,化学制品,/home/peanut/stock_key_info/all_stocks_20260606/化工行业/化学制品/科隆股份.csv
300404,博济医药,医疗服务,医疗服务,/home/peanut/stock_key_info/all_stocks_20260606/医药/医疗服务/博济医药.csv
300406,九强生物,医疗器械,医疗器械,/home/peanut/stock_key_info/all_stocks_20260606/医药/医疗器械/九强生物.csv
300407,凯发电气,电网设备,电网设备,/home/peanut/stock_key_info/all_stocks_20260606/能源/电网设备/凯发电气.csv
300409,道氏技术,电池,电池,/home/peanut/stock_key_info/all_stocks_20260606/能源/电池/道氏技术.csv
300408,三环集团,元件,电子元件,/home/peanut/stock_key_info/all_stocks_20260606/TMT/电子元件/三环集团.csv
300410,正业科技,电池,电池,/home/peanut/stock_key_info/all_stocks_20260606/能源/电池/正业科技.csv
300411,金盾股份,专用设备,专用设备,/home/peanut/stock_key_info/all_stocks_20260606/工业制造/专用设备/金盾股份.csv
300413,芒果超媒,数字媒体,文化传媒,/home/peanut/stock_key_info/all_stocks_20260606/衣食住行/文化传媒/芒果超媒.csv
300412,迦南科技,专用设备,专用设备,/home/peanut/stock_key_info/all_stocks_20260606/工业制造/专用设备/迦南科技.csv
300414,中光防雷,通信设备,通信设备,/home/peanut/stock_key_info/all_stocks_20260606/TMT/通信设备/中光防雷.csv
300415,伊之密,专用设备,专用设备,/home/peanut/stock_key_info/all_stocks_20260606/工业制造/专用设备/伊之密.csv
300417,南华仪器,通用设备,通用设备,/home/peanut/stock_key_info/all_stocks_20260606/TMT/通用设备/南华仪器.csv
300416,苏试试验,专业服务,专业服务,/home/peanut/stock_key_info/all_stocks_20260606/工业制造/专业服务/苏试试验.csv
300418,昆仑万维,数字媒体,文化传媒,/home/peanut/stock_key_info/all_stocks_20260606/衣食住行/文化传媒/昆仑万维.csv
300420,五洋自控,通用设备,通用设备,/home/peanut/stock_key_info/all_stocks_20260606/TMT/通用设备/五洋自控.csv
300422,博世科,环境治理,环保行业,/home/peanut/stock_key_info/all_stocks_20260606/衣食住行/环保行业/博世科.csv
300421,力星股份,通用设备,通用设备,/home/peanut/stock_key_info/all_stocks_20260606/TMT/通用设备/力星股份.csv
300423,昇辉科技,电网设备,电网设备,/home/peanut/stock_key_info/all_stocks_20260606/能源/电网设备/昇辉科技.csv
300424,航新科技,航空装备Ⅱ,航天航空,/home/peanut/stock_key_info/all_stocks_20260606/航天航空/航新科技.csv
300426,华智数媒,影视院线,文化传媒,/home/peanut/stock_key_info/all_stocks_20260606/衣食住行/文化传媒/华智数媒.csv
300425,中建环能,环境治理,环保行业,/home/peanut/stock_key_info/all_stocks_20260606/衣食住行/环保行业/中建环能.csv
300427,红相股份,电网设备,电网设备,/home/peanut/stock_key_info/all_stocks_20260606/能源/电网设备/红相股份.csv
300428,立中集团,汽车零部件,汽车零部件,/home/peanut/stock_key_info/all_stocks_20260606/工业制造/汽车零部件/立中集团.csv
300432,富临精工,电池,电池,/home/peanut/stock_key_info/all_stocks_20260606/能源/电池/富临精工.csv
300429,强力新材,电子化学品Ⅱ,电子化学品,/home/peanut/stock_key_info/all_stocks_20260606/TMT/电子化学品/强力新材.csv
300433,蓝思科技,消费电子,消费电子,/home/peanut/stock_key_info/all_stocks_20260606/工业制造/消费电子/蓝思科技.csv
300434,金石亚药,化学制药,化学制药,/home/peanut/stock_key_info/all_stocks_20260606/医药/化学制药/金石亚药.csv
300435,中泰股份,燃气Ⅱ,燃气,/home/peanut/stock_key_info/all_stocks_20260606/能源/燃气/中泰股份.csv
300436,广生堂,化学制药,化学制药,/home/peanut/stock_key_info/all_stocks_20260606/医药/化学制药/广生堂.csv
300437,清水源,环境治理,环保行业,/home/peanut/stock_key_info/all_stocks_20260606/衣食住行/环保行业/清水源.csv
300438,鹏辉能源,电池,电池,/home/peanut/stock_key_info/all_stocks_20260606/能源/电池/鹏辉能源.csv
300439,美康生物,医疗器械,医疗器械,/home/peanut/stock_key_info/all_stocks_20260606/医药/医疗器械/美康生物.csv
300440,运达科技,IT服务Ⅱ,软件开发,/home/peanut/stock_key_info/all_stocks_20260606/TMT/软件开发/运达科技.csv
300441,鲍斯股份,通用设备,通用设备,/home/peanut/stock_key_info/all_stocks_20260606/TMT/通用设备/鲍斯股份.csv
300442,润泽科技,通信服务,通信服务,/home/peanut/stock_key_info/all_stocks_20260606/TMT/通信服务/润泽科技.csv
300443,金雷股份,风电设备,风电设备,/home/peanut/stock_key_info/all_stocks_20260606/能源/风电设备/金雷股份.csv
300444,双杰电气,电网设备,电网设备,/home/peanut/stock_key_info/all_stocks_20260606/能源/电网设备/双杰电气.csv
300446,航天智造,汽车零部件,汽车零部件,/home/peanut/stock_key_info/all_stocks_20260606/工业制造/汽车零部件/航天智造.csv
300447,全信股份,军工电子Ⅱ,航天航空,/home/peanut/stock_key_info/all_stocks_20260606/航天航空/全信股份.csv
300445,康斯特,通用设备,通用设备,/home/peanut/stock_key_info/all_stocks_20260606/TMT/通用设备/康斯特.csv
300448,浩云科技,IT服务Ⅱ,软件开发,/home/peanut/stock_key_info/all_stocks_20260606/TMT/软件开发/浩云科技.csv
300449,汉邦高科,计算机设备,计算机设备,/home/peanut/stock_key_info/all_stocks_20260606/TMT/计算机设备/汉邦高科.csv
300450,先导智能,电池,电池,/home/peanut/stock_key_info/all_stocks_20260606/能源/电池/先导智能.csv
300451,创业慧康,软件开发,软件开发,/home/peanut/stock_key_info/all_stocks_20260606/TMT/软件开发/创业慧康.csv
300452,山河药辅,化学制药,化学制药,/home/peanut/stock_key_info/all_stocks_20260606/医药/化学制药/山河药辅.csv
300453,三鑫医疗,医疗器械,医疗器械,/home/peanut/stock_key_info/all_stocks_20260606/医药/医疗器械/三鑫医疗.csv
300454,深信服,软件开发,软件开发,/home/peanut/stock_key_info/all_stocks_20260606/TMT/软件开发/深信服.csv
300455,航天智装,计算机设备,计算机设备,/home/peanut/stock_key_info/all_stocks_20260606/TMT/计算机设备/航天智装.csv
300456,赛微电子,半导体,半导体,/home/peanut/stock_key_info/all_stocks_20260606/TMT/半导体/赛微电子.csv
300458,全志科技,半导体,半导体,/home/peanut/stock_key_info/all_stocks_20260606/TMT/半导体/全志科技.csv
300457,赢合科技,电池,电池,/home/peanut/stock_key_info/all_stocks_20260606/能源/电池/赢合科技.csv
300459,汤姆猫,游戏Ⅱ,游戏,/home/peanut/stock_key_info/all_stocks_20260606/衣食住行/游戏/汤姆猫.csv
300461,田中精机,自动化设备,专用设备,/home/peanut/stock_key_info/all_stocks_20260606/工业制造/专用设备/田中精机.csv
300464,星徽股份,互联网电商,互联网服务,/home/peanut/stock_key_info/all_stocks_20260606/TMT/互联网服务/星徽股份.csv
300463,迈克生物,医疗器械,医疗器械,/home/peanut/stock_key_info/all_stocks_20260606/医药/医疗器械/迈克生物.csv
300465,高伟达,软件开发,软件开发,/home/peanut/stock_key_info/all_stocks_20260606/TMT/软件开发/高伟达.csv
300466,赛摩智能,通用设备,通用设备,/home/peanut/stock_key_info/all_stocks_20260606/TMT/通用设备/赛摩智能.csv
300467,迅游科技,游戏Ⅱ,游戏,/home/peanut/stock_key_info/all_stocks_20260606/衣食住行/游戏/迅游科技.csv
300468,四方精创,软件开发,软件开发,/home/peanut/stock_key_info/all_stocks_20260606/TMT/软件开发/四方精创.csv
300469,信息发展,软件开发,软件开发,/home/peanut/stock_key_info/all_stocks_20260606/TMT/软件开发/信息发展.csv
300470,中密控股,通用设备,通用设备,/home/peanut/stock_key_info/all_stocks_20260606/TMT/通用设备/中密控股.csv
300473,德尔股份,汽车零部件,汽车零部件,/home/peanut/stock_key_info/all_stocks_20260606/工业制造/汽车零部件/德尔股份.csv
300471,厚普股份,专用设备,专用设备,/home/peanut/stock_key_info/all_stocks_20260606/工业制造/专用设备/厚普股份.csv
300474,景嘉微,军工电子Ⅱ,航天航空,/home/peanut/stock_key_info/all_stocks_20260606/航天航空/景嘉微.csv
300475,香农芯创,其他电子Ⅱ,消费电子,/home/peanut/stock_key_info/all_stocks_20260606/工业制造/消费电子/香农芯创.csv
300476,胜宏科技,元件,电子元件,/home/peanut/stock_key_info/all_stocks_20260606/TMT/电子元件/胜宏科技.csv
300478,杭州高新,塑料,塑料制品,/home/peanut/stock_key_info/all_stocks_20260606/化工行业/塑料制品/杭州高新.csv
300479,神思电子,计算机设备,计算机设备,/home/peanut/stock_key_info/all_stocks_20260606/TMT/计算机设备/神思电子.csv
300480,光力科技,专用设备,专用设备,/home/peanut/stock_key_info/all_stocks_20260606/工业制造/专用设备/光力科技.csv
300481,濮阳惠成,电子化学品Ⅱ,电子化学品,/home/peanut/stock_key_info/all_stocks_20260606/TMT/电子化学品/濮阳惠成.csv
300482,万孚生物,医疗器械,医疗器械,/home/peanut/stock_key_info/all_stocks_20260606/医药/医疗器械/万孚生物.csv
300483,首华燃气,燃气Ⅱ,燃气,/home/peanut/stock_key_info/all_stocks_20260606/能源/燃气/首华燃气.csv
300484,蓝海华腾,自动化设备,专用设备,/home/peanut/stock_key_info/all_stocks_20260606/工业制造/专用设备/蓝海华腾.csv
300485,赛升药业,生物制品,生物制品,/home/peanut/stock_key_info/all_stocks_20260606/医药/生物制品/赛升药业.csv
300486,东杰智能,自动化设备,专用设备,/home/peanut/stock_key_info/all_stocks_20260606/工业制造/专用设备/东杰智能.csv
300487,蓝晓科技,塑料,塑料制品,/home/peanut/stock_key_info/all_stocks_20260606/化工行业/塑料制品/蓝晓科技.csv
300488,恒锋工具,通用设备,通用设备,/home/peanut/stock_key_info/all_stocks_20260606/TMT/通用设备/恒锋工具.csv
300489,光智科技,光学光电子,光学光电子,/home/peanut/stock_key_info/all_stocks_20260606/工业制造/光学光电子/光智科技.csv
300490,华自科技,电网设备,电网设备,/home/peanut/stock_key_info/all_stocks_20260606/能源/电网设备/华自科技.csv
300491,通合科技,其他电源设备Ⅱ,电源设备,/home/peanut/stock_key_info/all_stocks_20260606/能源/电源设备/通合科技.csv
300492,华图山鼎,工程咨询服务Ⅱ,工程咨询服务,/home/peanut/stock_key_info/all_stocks_20260606/旧基建/工程咨询服务/华图山鼎.csv
300493,润欣科技,其他电子Ⅱ,消费电子,/home/peanut/stock_key_info/all_stocks_20260606/工业制造/消费电子/润欣科技.csv
300494,盛天网络,游戏Ⅱ,游戏,/home/peanut/stock_key_info/all_stocks_20260606/衣食住行/游戏/盛天网络.csv
300496,中科创达,IT服务Ⅱ,软件开发,/home/peanut/stock_key_info/all_stocks_20260606/TMT/软件开发/中科创达.csv
300497,富祥股份,化学制药,化学制药,/home/peanut/stock_key_info/all_stocks_20260606/医药/化学制药/富祥股份.csv
300499,高澜股份,专用设备,专用设备,/home/peanut/stock_key_info/all_stocks_20260606/工业制造/专用设备/高澜股份.csv
300498,温氏股份,养殖业,农牧饲渔,/home/peanut/stock_key_info/all_stocks_20260606/衣食住行/农牧饲渔/温氏股份.csv
300500,启迪设计,工程咨询服务Ⅱ,工程咨询服务,/home/peanut/stock_key_info/all_stocks_20260606/旧基建/工程咨询服务/启迪设计.csv
300501,海顺新材,包装印刷,造纸印刷,/home/peanut/stock_key_info/all_stocks_20260606/旧基建/造纸印刷/海顺新材.csv
300502,新易盛,通信设备,通信设备,/home/peanut/stock_key_info/all_stocks_20260606/TMT/通信设备/新易盛.csv
300503,昊志机电,通用设备,通用设备,/home/peanut/stock_key_info/all_stocks_20260606/TMT/通用设备/昊志机电.csv
300504,天邑股份,通信设备,通信设备,/home/peanut/stock_key_info/all_stocks_20260606/TMT/通信设备/天邑股份.csv
300505,川金诺,农化制品,农药兽药,/home/peanut/stock_key_info/all_stocks_20260606/化工行业/农药兽药/川金诺.csv
300507,苏奥传感,汽车零部件,汽车零部件,/home/peanut/stock_key_info/all_stocks_20260606/工业制造/汽车零部件/苏奥传感.csv
300508,维宏股份,计算机设备,计算机设备,/home/peanut/stock_key_info/all_stocks_20260606/TMT/计算机设备/维宏股份.csv
300509,新美星,专用设备,专用设备,/home/peanut/stock_key_info/all_stocks_20260606/工业制造/专用设备/新美星.csv
300510,金冠股份,电网设备,电网设备,/home/peanut/stock_key_info/all_stocks_20260606/能源/电网设备/金冠股份.csv
300511,雪榕生物,种植业,农牧饲渔,/home/peanut/stock_key_info/all_stocks_20260606/衣食住行/农牧饲渔/雪榕生物.csv
300512,中亚股份,专用设备,专用设备,/home/peanut/stock_key_info/all_stocks_20260606/工业制造/专用设备/中亚股份.csv
300513,恒实科技,通信服务,通信服务,/home/peanut/stock_key_info/all_stocks_20260606/TMT/通信服务/恒实科技.csv
300514,友讯达,电网设备,电网设备,/home/peanut/stock_key_info/all_stocks_20260606/能源/电网设备/友讯达.csv
300515,三德科技,通用设备,通用设备,/home/peanut/stock_key_info/all_stocks_20260606/TMT/通用设备/三德科技.csv
300516,久之洋,其他电子Ⅱ,消费电子,/home/peanut/stock_key_info/all_stocks_20260606/工业制造/消费电子/久之洋.csv
300517,海波重科,专业工程,工程建设,/home/peanut/stock_key_info/all_stocks_20260606/旧基建/工程建设/海波重科.csv
300518,新迅达,互联网电商,互联网服务,/home/peanut/stock_key_info/all_stocks_20260606/TMT/互联网服务/新迅达.csv
300519,新光药业,中药Ⅱ,中药,/home/peanut/stock_key_info/all_stocks_20260606/医药/中药/新光药业.csv
300520,科大国创,软件开发,软件开发,/home/peanut/stock_key_info/all_stocks_20260606/TMT/软件开发/科大国创.csv
300521,爱司凯,专用设备,专用设备,/home/peanut/stock_key_info/all_stocks_20260606/工业制造/专用设备/爱司凯.csv
300522,世名科技,化学制品,化学制品,/home/peanut/stock_key_info/all_stocks_20260606/化工行业/化学制品/世名科技.csv
300523,辰安科技,IT服务Ⅱ,软件开发,/home/peanut/stock_key_info/all_stocks_20260606/TMT/软件开发/辰安科技.csv
300525,博思软件,软件开发,软件开发,/home/peanut/stock_key_info/all_stocks_20260606/TMT/软件开发/博思软件.csv
300528,幸福蓝海,影视院线,文化传媒,/home/peanut/stock_key_info/all_stocks_20260606/衣食住行/文化传媒/幸福蓝海.csv
300529,健帆生物,医疗器械,医疗器械,/home/peanut/stock_key_info/all_stocks_20260606/医药/医疗器械/健帆生物.csv
300530,领湃科技,化学制品,化学制品,/home/peanut/stock_key_info/all_stocks_20260606/化工行业/化学制品/领湃科技.csv
300531,优博讯,计算机设备,计算机设备,/home/peanut/stock_key_info/all_stocks_20260606/TMT/计算机设备/优博讯.csv
300532,今天国际,IT服务Ⅱ,软件开发,/home/peanut/stock_key_info/all_stocks_20260606/TMT/软件开发/今天国际.csv
300533,冰川网络,游戏Ⅱ,游戏,/home/peanut/stock_key_info/all_stocks_20260606/衣食住行/游戏/冰川网络.csv
300534,陇神戎发,中药Ⅱ,中药,/home/peanut/stock_key_info/all_stocks_20260606/医药/中药/陇神戎发.csv
300535,达威股份,化学制品,化学制品,/home/peanut/stock_key_info/all_stocks_20260606/化工行业/化学制品/达威股份.csv
300536,农尚环境,基础建设,工程建设,/home/peanut/stock_key_info/all_stocks_20260606/旧基建/工程建设/农尚环境.csv
300537,广信材料,电子化学品Ⅱ,电子化学品,/home/peanut/stock_key_info/all_stocks_20260606/TMT/电子化学品/广信材料.csv
300538,同益股份,塑料,塑料制品,/home/peanut/stock_key_info/all_stocks_20260606/化工行业/塑料制品/同益股份.csv
300539,横河精密,塑料,塑料制品,/home/peanut/stock_key_info/all_stocks_20260606/化工行业/塑料制品/横河精密.csv
300540,蜀道装备,专用设备,专用设备,/home/peanut/stock_key_info/all_stocks_20260606/工业制造/专用设备/蜀道装备.csv
300541,先进数通,IT服务Ⅱ,软件开发,/home/peanut/stock_key_info/all_stocks_20260606/TMT/软件开发/先进数通.csv
300542,新晨科技,软件开发,软件开发,/home/peanut/stock_key_info/all_stocks_20260606/TMT/软件开发/新晨科技.csv
300543,朗科智能,家电零部件Ⅱ,家电行业,/home/peanut/stock_key_info/all_stocks_20260606/衣食住行/家电行业/朗科智能.csv
300545,联得装备,光学光电子,光学光电子,/home/peanut/stock_key_info/all_stocks_20260606/工业制造/光学光电子/联得装备.csv
300546,雄帝科技,计算机设备,计算机设备,/home/peanut/stock_key_info/all_stocks_20260606/TMT/计算机设备/雄帝科技.csv
300547,川环科技,汽车零部件,汽车零部件,/home/peanut/stock_key_info/all_stocks_20260606/工业制造/汽车零部件/川环科技.csv
300548,长芯博创,通信设备,通信设备,/home/peanut/stock_key_info/all_stocks_20260606/TMT/通信设备/长芯博创.csv
300549,优德精密,专用设备,专用设备,/home/peanut/stock_key_info/all_stocks_20260606/工业制造/专用设备/优德精密.csv
300550,和仁科技,软件开发,软件开发,/home/peanut/stock_key_info/all_stocks_20260606/TMT/软件开发/和仁科技.csv
300551,古鳌科技,计算机设备,计算机设备,/home/peanut/stock_key_info/all_stocks_20260606/TMT/计算机设备/古鳌科技.csv
300552,万集科技,计算机设备,计算机设备,/home/peanut/stock_key_info/all_stocks_20260606/TMT/计算机设备/万集科技.csv
300553,集智股份,通用设备,通用设备,/home/peanut/stock_key_info/all_stocks_20260606/TMT/通用设备/集智股份.csv
300554,三超新材,通用设备,通用设备,/home/peanut/stock_key_info/all_stocks_20260606/TMT/通用设备/三超新材.csv
300556,丝路视觉,软件开发,软件开发,/home/peanut/stock_key_info/all_stocks_20260606/TMT/软件开发/丝路视觉.csv
300557,理工光科,通用设备,通用设备,/home/peanut/stock_key_info/all_stocks_20260606/TMT/通用设备/理工光科.csv
300558,贝达药业,化学制药,化学制药,/home/peanut/stock_key_info/all_stocks_20260606/医药/化学制药/贝达药业.csv
300559,佳发教育,软件开发,软件开发,/home/peanut/stock_key_info/all_stocks_20260606/TMT/软件开发/佳发教育.csv
300560,中富通,通信服务,通信服务,/home/peanut/stock_key_info/all_stocks_20260606/TMT/通信服务/中富通.csv
300561,汇金科技,软件开发,软件开发,/home/peanut/stock_key_info/all_stocks_20260606/TMT/软件开发/汇金科技.csv
300562,乐心医疗,医疗器械,医疗器械,/home/peanut/stock_key_info/all_stocks_20260606/医药/医疗器械/乐心医疗.csv
300563,神宇股份,通信设备,通信设备,/home/peanut/stock_key_info/all_stocks_20260606/TMT/通信设备/神宇股份.csv
300564,筑博设计,工程咨询服务Ⅱ,工程咨询服务,/home/peanut/stock_key_info/all_stocks_20260606/旧基建/工程咨询服务/筑博设计.csv
300565,科信技术,通信设备,通信设备,/home/peanut/stock_key_info/all_stocks_20260606/TMT/通信设备/科信技术.csv
300566,激智科技,光学光电子,光学光电子,/home/peanut/stock_key_info/all_stocks_20260606/工业制造/光学光电子/激智科技.csv
300567,精测电子,通用设备,通用设备,/home/peanut/stock_key_info/all_stocks_20260606/TMT/通用设备/精测电子.csv
300568,星源材质,电池,电池,/home/peanut/stock_key_info/all_stocks_20260606/能源/电池/星源材质.csv
300569,天能重工,风电设备,风电设备,/home/peanut/stock_key_info/all_stocks_20260606/能源/风电设备/天能重工.csv
300570,太辰光,通信设备,通信设备,/home/peanut/stock_key_info/all_stocks_20260606/TMT/通信设备/太辰光.csv
300571,平治信息,通信服务,通信服务,/home/peanut/stock_key_info/all_stocks_20260606/TMT/通信服务/平治信息.csv
300572,安车检测,专业服务,专业服务,/home/peanut/stock_key_info/all_stocks_20260606/工业制造/专业服务/安车检测.csv
300573,兴齐眼药,化学制药,化学制药,/home/peanut/stock_key_info/all_stocks_20260606/医药/化学制药/兴齐眼药.csv
300575,中旗股份,农化制品,农药兽药,/home/peanut/stock_key_info/all_stocks_20260606/化工行业/农药兽药/中旗股份.csv
300576,容大感光,电子化学品Ⅱ,电子化学品,/home/peanut/stock_key_info/all_stocks_20260606/TMT/电子化学品/容大感光.csv
300577,开润股份,服装家纺,纺织服装,/home/peanut/stock_key_info/all_stocks_20260606/衣食住行/纺织服装/开润股份.csv
300578,会畅科技,通信服务,通信服务,/home/peanut/stock_key_info/all_stocks_20260606/TMT/通信服务/会畅科技.csv
300579,数字认证,软件开发,软件开发,/home/peanut/stock_key_info/all_stocks_20260606/TMT/软件开发/数字认证.csv
300580,贝斯特,汽车零部件,汽车零部件,/home/peanut/stock_key_info/all_stocks_20260606/工业制造/汽车零部件/贝斯特.csv
300581,晨曦航空,航空装备Ⅱ,航天航空,/home/peanut/stock_key_info/all_stocks_20260606/航天航空/晨曦航空.csv
300582,英飞特,光学光电子,光学光电子,/home/peanut/stock_key_info/all_stocks_20260606/工业制造/光学光电子/英飞特.csv
300583,赛托生物,化学制药,化学制药,/home/peanut/stock_key_info/all_stocks_20260606/医药/化学制药/赛托生物.csv
300584,海辰药业,化学制药,化学制药,/home/peanut/stock_key_info/all_stocks_20260606/医药/化学制药/海辰药业.csv
300585,奥联电子,汽车零部件,汽车零部件,/home/peanut/stock_key_info/all_stocks_20260606/工业制造/汽车零部件/奥联电子.csv
300586,美联新材,塑料,塑料制品,/home/peanut/stock_key_info/all_stocks_20260606/化工行业/塑料制品/美联新材.csv
300587,天铁科技,橡胶,橡胶制品,/home/peanut/stock_key_info/all_stocks_20260606/能源/橡胶制品/天铁科技.csv
300588,熙菱信息,计算机设备,计算机设备,/home/peanut/stock_key_info/all_stocks_20260606/TMT/计算机设备/熙菱信息.csv
300589,江龙船艇,航海装备Ⅱ,船舶制造,/home/peanut/stock_key_info/all_stocks_20260606/航运物流/船舶制造/江龙船艇.csv
300590,移为通信,通信设备,通信设备,/home/peanut/stock_key_info/all_stocks_20260606/TMT/通信设备/移为通信.csv
300591,万里马,服装家纺,纺织服装,/home/peanut/stock_key_info/all_stocks_20260606/衣食住行/纺织服装/万里马.csv
300592,华凯易佰,互联网电商,互联网服务,/home/peanut/stock_key_info/all_stocks_20260606/TMT/互联网服务/华凯易佰.csv
300593,新雷能,其他电源设备Ⅱ,电源设备,/home/peanut/stock_key_info/all_stocks_20260606/能源/电源设备/新雷能.csv
300595,欧普康视,医疗器械,医疗器械,/home/peanut/stock_key_info/all_stocks_20260606/医药/医疗器械/欧普康视.csv
300596,利安隆,化学制品,化学制品,/home/peanut/stock_key_info/all_stocks_20260606/化工行业/化学制品/利安隆.csv
300597,吉大通信,通信服务,通信服务,/home/peanut/stock_key_info/all_stocks_20260606/TMT/通信服务/吉大通信.csv
300598,诚迈科技,软件开发,软件开发,/home/peanut/stock_key_info/all_stocks_20260606/TMT/软件开发/诚迈科技.csv
300599,雄塑科技,装修建材,装修建材,/home/peanut/stock_key_info/all_stocks_20260606/旧基建/装修建材/雄塑科技.csv
300600,国瑞科技,航海装备Ⅱ,船舶制造,/home/peanut/stock_key_info/all_stocks_20260606/航运物流/船舶制造/国瑞科技.csv
300601,康泰生物,生物制品,生物制品,/home/peanut/stock_key_info/all_stocks_20260606/医药/生物制品/康泰生物.csv
300602,飞荣达,消费电子,消费电子,/home/peanut/stock_key_info/all_stocks_20260606/工业制造/消费电子/飞荣达.csv
300603,立昂技术,通信服务,通信服务,/home/peanut/stock_key_info/all_stocks_20260606/TMT/通信服务/立昂技术.csv
300604,长川科技,半导体,半导体,/home/peanut/stock_key_info/all_stocks_20260606/TMT/半导体/长川科技.csv
300605,恒锋信息,软件开发,软件开发,/home/peanut/stock_key_info/all_stocks_20260606/TMT/软件开发/恒锋信息.csv
300606,金太阳,通用设备,通用设备,/home/peanut/stock_key_info/all_stocks_20260606/TMT/通用设备/金太阳.csv
300607,拓斯达,自动化设备,专用设备,/home/peanut/stock_key_info/all_stocks_20260606/工业制造/专用设备/拓斯达.csv
300608,思特奇,软件开发,软件开发,/home/peanut/stock_key_info/all_stocks_20260606/TMT/软件开发/思特奇.csv
300609,汇纳科技,IT服务Ⅱ,软件开发,/home/peanut/stock_key_info/all_stocks_20260606/TMT/软件开发/汇纳科技.csv
300610,晨化股份,化学制品,化学制品,/home/peanut/stock_key_info/all_stocks_20260606/化工行业/化学制品/晨化股份.csv
300612,宣亚国际,广告营销,文化传媒,/home/peanut/stock_key_info/all_stocks_20260606/衣食住行/文化传媒/宣亚国际.csv
300611,美力科技,汽车零部件,汽车零部件,/home/peanut/stock_key_info/all_stocks_20260606/工业制造/汽车零部件/美力科技.csv
300613,富瀚微,半导体,半导体,/home/peanut/stock_key_info/all_stocks_20260606/TMT/半导体/富瀚微.csv
300614,百川畅银,环境治理,环保行业,/home/peanut/stock_key_info/all_stocks_20260606/衣食住行/环保行业/百川畅银.csv
300615,欣天科技,通信设备,通信设备,/home/peanut/stock_key_info/all_stocks_20260606/TMT/通信设备/欣天科技.csv
300616,尚品宅配,家居用品,家用轻工,/home/peanut/stock_key_info/all_stocks_20260606/衣食住行/家用轻工/尚品宅配.csv
300617,安靠智电,电网设备,电网设备,/home/peanut/stock_key_info/all_stocks_20260606/能源/电网设备/安靠智电.csv
300618,寒锐钴业,能源金属,能源金属,/home/peanut/stock_key_info/all_stocks_20260606/能源/能源金属/寒锐钴业.csv
300619,金银河,电池,电池,/home/peanut/stock_key_info/all_stocks_20260606/能源/电池/金银河.csv
300620,光库科技,通信设备,通信设备,/home/peanut/stock_key_info/all_stocks_20260606/TMT/通信设备/光库科技.csv
300621,维业股份,装修装饰Ⅱ,装修装饰,/home/peanut/stock_key_info/all_stocks_20260606/旧基建/装修装饰/维业股份.csv
300622,博士眼镜,专业连锁Ⅱ,商业百货,/home/peanut/stock_key_info/all_stocks_20260606/衣食住行/商业百货/博士眼镜.csv
300624,万兴科技,软件开发,软件开发,/home/peanut/stock_key_info/all_stocks_20260606/TMT/软件开发/万兴科技.csv
300623,捷捷微电,半导体,半导体,/home/peanut/stock_key_info/all_stocks_20260606/TMT/半导体/捷捷微电.csv
300625,三雄极光,照明设备Ⅱ,光学光电子,/home/peanut/stock_key_info/all_stocks_20260606/工业制造/光学光电子/三雄极光.csv
300626,华瑞股份,电机Ⅱ,电机,/home/peanut/stock_key_info/all_stocks_20260606/工业制造/电机/华瑞股份.csv
300627,华测导航,通信设备,通信设备,/home/peanut/stock_key_info/all_stocks_20260606/TMT/通信设备/华测导航.csv
300628,亿联网络,通信设备,通信设备,/home/peanut/stock_key_info/all_stocks_20260606/TMT/通信设备/亿联网络.csv
300629,新劲刚,军工电子Ⅱ,航天航空,/home/peanut/stock_key_info/all_stocks_20260606/航天航空/新劲刚.csv
300631,久吾高科,环保设备Ⅱ,环保行业,/home/peanut/stock_key_info/all_stocks_20260606/衣食住行/环保行业/久吾高科.csv
300632,光莆股份,光学光电子,光学光电子,/home/peanut/stock_key_info/all_stocks_20260606/工业制造/光学光电子/光莆股份.csv
300633,开立医疗,医疗器械,医疗器械,/home/peanut/stock_key_info/all_stocks_20260606/医药/医疗器械/开立医疗.csv
300634,彩讯股份,IT服务Ⅱ,软件开发,/home/peanut/stock_key_info/all_stocks_20260606/TMT/软件开发/彩讯股份.csv
300635,中达安,工程咨询服务Ⅱ,工程咨询服务,/home/peanut/stock_key_info/all_stocks_20260606/旧基建/工程咨询服务/中达安.csv
300636,同和药业,化学制药,化学制药,/home/peanut/stock_key_info/all_stocks_20260606/医药/化学制药/同和药业.csv
300637,扬帆新材,化学制品,化学制品,/home/peanut/stock_key_info/all_stocks_20260606/化工行业/化学制品/扬帆新材.csv
300638,广和通,通信设备,通信设备,/home/peanut/stock_key_info/all_stocks_20260606/TMT/通信设备/广和通.csv
300639,凯普生物,医疗器械,医疗器械,/home/peanut/stock_key_info/all_stocks_20260606/医药/医疗器械/凯普生物.csv
300640,德艺文创,家居用品,家用轻工,/home/peanut/stock_key_info/all_stocks_20260606/衣食住行/家用轻工/德艺文创.csv
300641,正丹股份,化学制品,化学制品,/home/peanut/stock_key_info/all_stocks_20260606/化工行业/化学制品/正丹股份.csv
300642,透景生命,医疗器械,医疗器械,/home/peanut/stock_key_info/all_stocks_20260606/医药/医疗器械/透景生命.csv
300643,万通智控,汽车零部件,汽车零部件,/home/peanut/stock_key_info/all_stocks_20260606/工业制造/汽车零部件/万通智控.csv
300645,正元智慧,计算机设备,计算机设备,/home/peanut/stock_key_info/all_stocks_20260606/TMT/计算机设备/正元智慧.csv
300644,南京聚隆,塑料,塑料制品,/home/peanut/stock_key_info/all_stocks_20260606/化工行业/塑料制品/南京聚隆.csv
300647,超频三,消费电子,消费电子,/home/peanut/stock_key_info/all_stocks_20260606/工业制造/消费电子/超频三.csv
300648,星云股份,电池,电池,/home/peanut/stock_key_info/all_stocks_20260606/能源/电池/星云股份.csv
300650,太龙股份,其他电子Ⅱ,消费电子,/home/peanut/stock_key_info/all_stocks_20260606/工业制造/消费电子/太龙股份.csv
300649,杭州园林,基础建设,工程建设,/home/peanut/stock_key_info/all_stocks_20260606/旧基建/工程建设/杭州园林.csv
300651,金陵体育,文娱用品,家用轻工,/home/peanut/stock_key_info/all_stocks_20260606/衣食住行/家用轻工/金陵体育.csv
300652,雷迪克,汽车零部件,汽车零部件,/home/peanut/stock_key_info/all_stocks_20260606/工业制造/汽车零部件/雷迪克.csv
300653,正海生物,医疗器械,医疗器械,/home/peanut/stock_key_info/all_stocks_20260606/医药/医疗器械/正海生物.csv
300654,世纪天鸿,出版,文化传媒,/home/peanut/stock_key_info/all_stocks_20260606/衣食住行/文化传媒/世纪天鸿.csv
300655,晶瑞电材,电子化学品Ⅱ,电子化学品,/home/peanut/stock_key_info/all_stocks_20260606/TMT/电子化学品/晶瑞电材.csv
300656,民德电子,其他电子Ⅱ,消费电子,/home/peanut/stock_key_info/all_stocks_20260606/工业制造/消费电子/民德电子.csv
300657,弘信电子,元件,电子元件,/home/peanut/stock_key_info/all_stocks_20260606/TMT/电子元件/弘信电子.csv
300658,延江股份,个护用品,美容护理,/home/peanut/stock_key_info/all_stocks_20260606/衣食住行/美容护理/延江股份.csv
300659,中孚信息,计算机设备,计算机设备,/home/peanut/stock_key_info/all_stocks_20260606/TMT/计算机设备/中孚信息.csv
300660,江苏雷利,电机Ⅱ,电机,/home/peanut/stock_key_info/all_stocks_20260606/工业制造/电机/江苏雷利.csv
300661,圣邦股份,半导体,半导体,/home/peanut/stock_key_info/all_stocks_20260606/TMT/半导体/圣邦股份.csv
300662,科锐国际,专业服务,专业服务,/home/peanut/stock_key_info/all_stocks_20260606/工业制造/专业服务/科锐国际.csv
300663,科蓝软件,软件开发,软件开发,/home/peanut/stock_key_info/all_stocks_20260606/TMT/软件开发/科蓝软件.csv
300664,鹏鹞环保,环境治理,环保行业,/home/peanut/stock_key_info/all_stocks_20260606/衣食住行/环保行业/鹏鹞环保.csv
300665,飞鹿股份,化学制品,化学制品,/home/peanut/stock_key_info/all_stocks_20260606/化工行业/化学制品/飞鹿股份.csv
300666,江丰电子,半导体,半导体,/home/peanut/stock_key_info/all_stocks_20260606/TMT/半导体/江丰电子.csv
300667,必创科技,通用设备,通用设备,/home/peanut/stock_key_info/all_stocks_20260606/TMT/通用设备/必创科技.csv
300668,杰恩股份,工程咨询服务Ⅱ,工程咨询服务,/home/peanut/stock_key_info/all_stocks_20260606/旧基建/工程咨询服务/杰恩股份.csv
300670,大烨智能,电网设备,电网设备,/home/peanut/stock_key_info/all_stocks_20260606/能源/电网设备/大烨智能.csv
300669,沪宁股份,专用设备,专用设备,/home/peanut/stock_key_info/all_stocks_20260606/工业制造/专用设备/沪宁股份.csv
300671,富满微,半导体,半导体,/home/peanut/stock_key_info/all_stocks_20260606/TMT/半导体/富满微.csv
300672,国科微,半导体,半导体,/home/peanut/stock_key_info/all_stocks_20260606/TMT/半导体/国科微.csv
300674,宇信科技,IT服务Ⅱ,软件开发,/home/peanut/stock_key_info/all_stocks_20260606/TMT/软件开发/宇信科技.csv
300673,佩蒂股份,饲料,农牧饲渔,/home/peanut/stock_key_info/all_stocks_20260606/衣食住行/农牧饲渔/佩蒂股份.csv
300675,建科院,工程咨询服务Ⅱ,工程咨询服务,/home/peanut/stock_key_info/all_stocks_20260606/旧基建/工程咨询服务/建科院.csv
300676,华大基因,医疗服务,医疗服务,/home/peanut/stock_key_info/all_stocks_20260606/医药/医疗服务/华大基因.csv
300678,中科信息,IT服务Ⅱ,软件开发,/home/peanut/stock_key_info/all_stocks_20260606/TMT/软件开发/中科信息.csv
300679,电连技术,消费电子,消费电子,/home/peanut/stock_key_info/all_stocks_20260606/工业制造/消费电子/电连技术.csv
300680,隆盛科技,汽车零部件,汽车零部件,/home/peanut/stock_key_info/all_stocks_20260606/工业制造/汽车零部件/隆盛科技.csv
300681,英搏尔,汽车零部件,汽车零部件,/home/peanut/stock_key_info/all_stocks_20260606/工业制造/汽车零部件/英搏尔.csv
300682,朗新科技,IT服务Ⅱ,软件开发,/home/peanut/stock_key_info/all_stocks_20260606/TMT/软件开发/朗新科技.csv
300683,海特生物,医疗服务,医疗服务,/home/peanut/stock_key_info/all_stocks_20260606/医药/医疗服务/海特生物.csv
300684,中石科技,电子化学品Ⅱ,电子化学品,/home/peanut/stock_key_info/all_stocks_20260606/TMT/电子化学品/中石科技.csv
300685,艾德生物,医疗器械,医疗器械,/home/peanut/stock_key_info/all_stocks_20260606/医药/医疗器械/艾德生物.csv
300686,智动力,消费电子,消费电子,/home/peanut/stock_key_info/all_stocks_20260606/工业制造/消费电子/智动力.csv
300687,赛意信息,IT服务Ⅱ,软件开发,/home/peanut/stock_key_info/all_stocks_20260606/TMT/软件开发/赛意信息.csv
300688,创业黑马,教育,教育,/home/peanut/stock_key_info/all_stocks_20260606/衣食住行/教育/创业黑马.csv
300689,澄天伟业,通信设备,通信设备,/home/peanut/stock_key_info/all_stocks_20260606/TMT/通信设备/澄天伟业.csv
300690,双一科技,风电设备,风电设备,/home/peanut/stock_key_info/all_stocks_20260606/能源/风电设备/双一科技.csv
300691,联合光电,计算机设备,计算机设备,/home/peanut/stock_key_info/all_stocks_20260606/TMT/计算机设备/联合光电.csv
300692,中赋科技,环境治理,环保行业,/home/peanut/stock_key_info/all_stocks_20260606/衣食住行/环保行业/中赋科技.csv
300693,盛弘股份,其他电源设备Ⅱ,电源设备,/home/peanut/stock_key_info/all_stocks_20260606/能源/电源设备/盛弘股份.csv
300694,蠡湖股份,汽车零部件,汽车零部件,/home/peanut/stock_key_info/all_stocks_20260606/工业制造/汽车零部件/蠡湖股份.csv
300695,兆丰股份,汽车零部件,汽车零部件,/home/peanut/stock_key_info/all_stocks_20260606/工业制造/汽车零部件/兆丰股份.csv
300696,爱乐达,航空装备Ⅱ,航天航空,/home/peanut/stock_key_info/all_stocks_20260606/航天航空/爱乐达.csv
300697,电工合金,工业金属,有色金属,/home/peanut/stock_key_info/all_stocks_20260606/能源/有色金属/电工合金.csv
300698,万马科技,通信设备,通信设备,/home/peanut/stock_key_info/all_stocks_20260606/TMT/通信设备/万马科技.csv
300699,光威复材,航空装备Ⅱ,航天航空,/home/peanut/stock_key_info/all_stocks_20260606/航天航空/光威复材.csv
300700,岱勒新材,通用设备,通用设备,/home/peanut/stock_key_info/all_stocks_20260606/TMT/通用设备/岱勒新材.csv
300701,森霸传感,光学光电子,光学光电子,/home/peanut/stock_key_info/all_stocks_20260606/工业制造/光学光电子/森霸传感.csv
300702,天宇股份,化学制药,化学制药,/home/peanut/stock_key_info/all_stocks_20260606/医药/化学制药/天宇股份.csv
300703,创源股份,文娱用品,家用轻工,/home/peanut/stock_key_info/all_stocks_20260606/衣食住行/家用轻工/创源股份.csv
300705,九典制药,化学制药,化学制药,/home/peanut/stock_key_info/all_stocks_20260606/医药/化学制药/九典制药.csv
300706,阿石创,半导体,半导体,/home/peanut/stock_key_info/all_stocks_20260606/TMT/半导体/阿石创.csv
300707,威唐工业,汽车零部件,汽车零部件,/home/peanut/stock_key_info/all_stocks_20260606/工业制造/汽车零部件/威唐工业.csv
300708,聚灿光电,光学光电子,光学光电子,/home/peanut/stock_key_info/all_stocks_20260606/工业制造/光学光电子/聚灿光电.csv
300709,精研科技,消费电子,消费电子,/home/peanut/stock_key_info/all_stocks_20260606/工业制造/消费电子/精研科技.csv
300710,万隆光电,通信设备,通信设备,/home/peanut/stock_key_info/all_stocks_20260606/TMT/通信设备/万隆光电.csv
300711,广哈通信,通信设备,通信设备,/home/peanut/stock_key_info/all_stocks_20260606/TMT/通信设备/广哈通信.csv
300712,永福股份,专业工程,工程建设,/home/peanut/stock_key_info/all_stocks_20260606/旧基建/工程建设/永福股份.csv
300713,英可瑞,其他电源设备Ⅱ,电源设备,/home/peanut/stock_key_info/all_stocks_20260606/能源/电源设备/英可瑞.csv
300715,凯伦股份,装修建材,装修建材,/home/peanut/stock_key_info/all_stocks_20260606/旧基建/装修建材/凯伦股份.csv
300717,华信新材,塑料,塑料制品,/home/peanut/stock_key_info/all_stocks_20260606/化工行业/塑料制品/华信新材.csv
300718,长盛轴承,通用设备,通用设备,/home/peanut/stock_key_info/all_stocks_20260606/TMT/通用设备/长盛轴承.csv
300719,安达维尔,航空装备Ⅱ,航天航空,/home/peanut/stock_key_info/all_stocks_20260606/航天航空/安达维尔.csv
300720,海川智能,通用设备,通用设备,/home/peanut/stock_key_info/all_stocks_20260606/TMT/通用设备/海川智能.csv
300721,怡达股份,化学制品,化学制品,/home/peanut/stock_key_info/all_stocks_20260606/化工行业/化学制品/怡达股份.csv
300722,新余国科,航天装备Ⅱ,航天航空,/home/peanut/stock_key_info/all_stocks_20260606/航天航空/新余国科.csv
300723,一品红,化学制药,化学制药,/home/peanut/stock_key_info/all_stocks_20260606/医药/化学制药/一品红.csv
300724,捷佳伟创,光伏设备,光伏设备,/home/peanut/stock_key_info/all_stocks_20260606/能源/光伏设备/捷佳伟创.csv
300725,药石科技,医疗服务,医疗服务,/home/peanut/stock_key_info/all_stocks_20260606/医药/医疗服务/药石科技.csv
300730,科创信息,软件开发,软件开发,/home/peanut/stock_key_info/all_stocks_20260606/TMT/软件开发/科创信息.csv
300729,乐歌股份,家居用品,家用轻工,/home/peanut/stock_key_info/all_stocks_20260606/衣食住行/家用轻工/乐歌股份.csv
300726,宏达电子,军工电子Ⅱ,航天航空,/home/peanut/stock_key_info/all_stocks_20260606/航天航空/宏达电子.csv
300727,润禾材料,化学制品,化学制品,/home/peanut/stock_key_info/all_stocks_20260606/化工行业/化学制品/润禾材料.csv
300731,科创新源,橡胶,橡胶制品,/home/peanut/stock_key_info/all_stocks_20260606/能源/橡胶制品/科创新源.csv
300732,设研院,工程咨询服务Ⅱ,工程咨询服务,/home/peanut/stock_key_info/all_stocks_20260606/旧基建/工程咨询服务/设研院.csv
300733,西菱动力,汽车零部件,汽车零部件,/home/peanut/stock_key_info/all_stocks_20260606/工业制造/汽车零部件/西菱动力.csv
300735,光弘科技,消费电子,消费电子,/home/peanut/stock_key_info/all_stocks_20260606/工业制造/消费电子/光弘科技.csv
300736,百邦科技,其他电子Ⅱ,消费电子,/home/peanut/stock_key_info/all_stocks_20260606/工业制造/消费电子/百邦科技.csv
300737,科顺股份,装修建材,装修建材,/home/peanut/stock_key_info/all_stocks_20260606/旧基建/装修建材/科顺股份.csv
300738,奥飞数据,通信服务,通信服务,/home/peanut/stock_key_info/all_stocks_20260606/TMT/通信服务/奥飞数据.csv
300739,明阳电路,元件,电子元件,/home/peanut/stock_key_info/all_stocks_20260606/TMT/电子元件/明阳电路.csv
300741,华宝股份,化学制品,化学制品,/home/peanut/stock_key_info/all_stocks_20260606/化工行业/化学制品/华宝股份.csv
300740,水羊股份,化妆品,美容护理,/home/peanut/stock_key_info/all_stocks_20260606/衣食住行/美容护理/水羊股份.csv
300743,天地数码,计算机设备,计算机设备,/home/peanut/stock_key_info/all_stocks_20260606/TMT/计算机设备/天地数码.csv
300745,欣锐科技,汽车零部件,汽车零部件,/home/peanut/stock_key_info/all_stocks_20260606/工业制造/汽车零部件/欣锐科技.csv
300746,汉嘉数智,工程咨询服务Ⅱ,工程咨询服务,/home/peanut/stock_key_info/all_stocks_20260606/旧基建/工程咨询服务/汉嘉数智.csv
300747,锐科激光,自动化设备,专用设备,/home/peanut/stock_key_info/all_stocks_20260606/工业制造/专用设备/锐科激光.csv
300748,金力永磁,金属新材料,小金属,/home/peanut/stock_key_info/all_stocks_20260606/能源/小金属/金力永磁.csv
300749,顶固集创,家居用品,家用轻工,/home/peanut/stock_key_info/all_stocks_20260606/衣食住行/家用轻工/顶固集创.csv
300750,宁德时代,电池,电池,/home/peanut/stock_key_info/all_stocks_20260606/能源/电池/宁德时代.csv
300751,迈为股份,光伏设备,光伏设备,/home/peanut/stock_key_info/all_stocks_20260606/能源/光伏设备/迈为股份.csv
300752,隆利科技,光学光电子,光学光电子,/home/peanut/stock_key_info/all_stocks_20260606/工业制造/光学光电子/隆利科技.csv
300753,爱朋医疗,医疗器械,医疗器械,/home/peanut/stock_key_info/all_stocks_20260606/医药/医疗器械/爱朋医疗.csv
300755,华致酒行,专业连锁Ⅱ,商业百货,/home/peanut/stock_key_info/all_stocks_20260606/衣食住行/商业百货/华致酒行.csv
300756,金马游乐,专用设备,专用设备,/home/peanut/stock_key_info/all_stocks_20260606/工业制造/专用设备/金马游乐.csv
300757,罗博特科,自动化设备,专用设备,/home/peanut/stock_key_info/all_stocks_20260606/工业制造/专用设备/罗博特科.csv
300758,七彩化学,化学制品,化学制品,/home/peanut/stock_key_info/all_stocks_20260606/化工行业/化学制品/七彩化学.csv
300760,迈瑞医疗,医疗器械,医疗器械,/home/peanut/stock_key_info/all_stocks_20260606/医药/医疗器械/迈瑞医疗.csv
300759,康龙化成,医疗服务,医疗服务,/home/peanut/stock_key_info/all_stocks_20260606/医药/医疗服务/康龙化成.csv
300761,立华股份,养殖业,农牧饲渔,/home/peanut/stock_key_info/all_stocks_20260606/衣食住行/农牧饲渔/立华股份.csv
300762,上海瀚讯,军工电子Ⅱ,航天航空,/home/peanut/stock_key_info/all_stocks_20260606/航天航空/上海瀚讯.csv
300763,锦浪科技,光伏设备,光伏设备,/home/peanut/stock_key_info/all_stocks_20260606/能源/光伏设备/锦浪科技.csv
300765,新诺威,化学制药,化学制药,/home/peanut/stock_key_info/all_stocks_20260606/医药/化学制药/新诺威.csv
300766,每日互动,软件开发,软件开发,/home/peanut/stock_key_info/all_stocks_20260606/TMT/软件开发/每日互动.csv
300767,震安科技,橡胶,橡胶制品,/home/peanut/stock_key_info/all_stocks_20260606/能源/橡胶制品/震安科技.csv
300768,迪普科技,软件开发,软件开发,/home/peanut/stock_key_info/all_stocks_20260606/TMT/软件开发/迪普科技.csv
300769,德方纳米,电池,电池,/home/peanut/stock_key_info/all_stocks_20260606/能源/电池/德方纳米.csv
300770,新媒股份,电视广播Ⅱ,文化传媒,/home/peanut/stock_key_info/all_stocks_20260606/衣食住行/文化传媒/新媒股份.csv
300771,智莱科技,计算机设备,计算机设备,/home/peanut/stock_key_info/all_stocks_20260606/TMT/计算机设备/智莱科技.csv
300772,运达股份,风电设备,风电设备,/home/peanut/stock_key_info/all_stocks_20260606/能源/风电设备/运达股份.csv
300773,拉卡拉,多元金融,多元金融,/home/peanut/stock_key_info/all_stocks_20260606/金融/多元金融/拉卡拉.csv
300774,倍杰特,环境治理,环保行业,/home/peanut/stock_key_info/all_stocks_20260606/衣食住行/环保行业/倍杰特.csv
300775,三角防务,航空装备Ⅱ,航天航空,/home/peanut/stock_key_info/all_stocks_20260606/航天航空/三角防务.csv
300777,中简科技,航空装备Ⅱ,航天航空,/home/peanut/stock_key_info/all_stocks_20260606/航天航空/中简科技.csv
300778,新城市,工程咨询服务Ⅱ,工程咨询服务,/home/peanut/stock_key_info/all_stocks_20260606/旧基建/工程咨询服务/新城市.csv
300776,帝尔激光,光伏设备,光伏设备,/home/peanut/stock_key_info/all_stocks_20260606/能源/光伏设备/帝尔激光.csv
300779,惠城环保,环境治理,环保行业,/home/peanut/stock_key_info/all_stocks_20260606/衣食住行/环保行业/惠城环保.csv
300780,德恩精工,通用设备,通用设备,/home/peanut/stock_key_info/all_stocks_20260606/TMT/通用设备/德恩精工.csv
300782,卓胜微,半导体,半导体,/home/peanut/stock_key_info/all_stocks_20260606/TMT/半导体/卓胜微.csv
300781,因赛集团,广告营销,文化传媒,/home/peanut/stock_key_info/all_stocks_20260606/衣食住行/文化传媒/因赛集团.csv
300783,三只松鼠,休闲食品,食品饮料,/home/peanut/stock_key_info/all_stocks_20260606/衣食住行/食品饮料/三只松鼠.csv
300784,利安科技,消费电子,消费电子,/home/peanut/stock_key_info/all_stocks_20260606/工业制造/消费电子/利安科技.csv
300785,值得买,数字媒体,文化传媒,/home/peanut/stock_key_info/all_stocks_20260606/衣食住行/文化传媒/值得买.csv
300786,国林科技,环保设备Ⅱ,环保行业,/home/peanut/stock_key_info/all_stocks_20260606/衣食住行/环保行业/国林科技.csv
300787,海能实业,消费电子,消费电子,/home/peanut/stock_key_info/all_stocks_20260606/工业制造/消费电子/海能实业.csv
300788,中信出版,出版,文化传媒,/home/peanut/stock_key_info/all_stocks_20260606/衣食住行/文化传媒/中信出版.csv
300789,唐源电气,计算机设备,计算机设备,/home/peanut/stock_key_info/all_stocks_20260606/TMT/计算机设备/唐源电气.csv
300790,宇瞳光学,计算机设备,计算机设备,/home/peanut/stock_key_info/all_stocks_20260606/TMT/计算机设备/宇瞳光学.csv
300791,仙乐健康,食品加工,食品饮料,/home/peanut/stock_key_info/all_stocks_20260606/衣食住行/食品饮料/仙乐健康.csv
300792,壹网壹创,互联网电商,互联网服务,/home/peanut/stock_key_info/all_stocks_20260606/TMT/互联网服务/壹网壹创.csv
300793,佳禾智能,消费电子,消费电子,/home/peanut/stock_key_info/all_stocks_20260606/工业制造/消费电子/佳禾智能.csv
300795,米奥会展,专业服务,专业服务,/home/peanut/stock_key_info/all_stocks_20260606/工业制造/专业服务/米奥会展.csv
300796,贝斯美,农化制品,农药兽药,/home/peanut/stock_key_info/all_stocks_20260606/化工行业/农药兽药/贝斯美.csv
300797,钢研纳克,专业服务,专业服务,/home/peanut/stock_key_info/all_stocks_20260606/工业制造/专业服务/钢研纳克.csv
300798,锦鸡股份,化学制品,化学制品,/home/peanut/stock_key_info/all_stocks_20260606/化工行业/化学制品/锦鸡股份.csv
300800,力合科技,环保设备Ⅱ,环保行业,/home/peanut/stock_key_info/all_stocks_20260606/衣食住行/环保行业/力合科技.csv
300801,泰和科技,化学制品,化学制品,/home/peanut/stock_key_info/all_stocks_20260606/化工行业/化学制品/泰和科技.csv
300802,矩子科技,自动化设备,专用设备,/home/peanut/stock_key_info/all_stocks_20260606/工业制造/专用设备/矩子科技.csv
300803,指南针,软件开发,软件开发,/home/peanut/stock_key_info/all_stocks_20260606/TMT/软件开发/指南针.csv
300804,广康生化,农化制品,农药兽药,/home/peanut/stock_key_info/all_stocks_20260606/化工行业/农药兽药/广康生化.csv
300805,电声股份,广告营销,文化传媒,/home/peanut/stock_key_info/all_stocks_20260606/衣食住行/文化传媒/电声股份.csv
300806,斯迪克,塑料,塑料制品,/home/peanut/stock_key_info/all_stocks_20260606/化工行业/塑料制品/斯迪克.csv
300807,天迈科技,计算机设备,计算机设备,/home/peanut/stock_key_info/all_stocks_20260606/TMT/计算机设备/天迈科技.csv
300808,久量股份,光学光电子,光学光电子,/home/peanut/stock_key_info/all_stocks_20260606/工业制造/光学光电子/久量股份.csv
300809,华辰装备,通用设备,通用设备,/home/peanut/stock_key_info/all_stocks_20260606/TMT/通用设备/华辰装备.csv
300810,中科海讯,航海装备Ⅱ,船舶制造,/home/peanut/stock_key_info/all_stocks_20260606/航运物流/船舶制造/中科海讯.csv
300811,铂科新材,金属新材料,小金属,/home/peanut/stock_key_info/all_stocks_20260606/能源/小金属/铂科新材.csv
300812,易天股份,消费电子,消费电子,/home/peanut/stock_key_info/all_stocks_20260606/工业制造/消费电子/易天股份.csv
300813,泰林生物,专用设备,专用设备,/home/peanut/stock_key_info/all_stocks_20260606/工业制造/专用设备/泰林生物.csv
300814,中富电路,元件,电子元件,/home/peanut/stock_key_info/all_stocks_20260606/TMT/电子元件/中富电路.csv
300815,玉禾田,环境治理,环保行业,/home/peanut/stock_key_info/all_stocks_20260606/衣食住行/环保行业/玉禾田.csv
300816,艾可蓝,汽车零部件,汽车零部件,/home/peanut/stock_key_info/all_stocks_20260606/工业制造/汽车零部件/艾可蓝.csv
300817,双飞集团,通用设备,通用设备,/home/peanut/stock_key_info/all_stocks_20260606/TMT/通用设备/双飞集团.csv
300818,耐普矿机,通用设备,通用设备,/home/peanut/stock_key_info/all_stocks_20260606/TMT/通用设备/耐普矿机.csv
300819,聚杰微纤,纺织制造,纺织服装,/home/peanut/stock_key_info/all_stocks_20260606/衣食住行/纺织服装/聚杰微纤.csv
300820,英杰电气,其他电源设备Ⅱ,电源设备,/home/peanut/stock_key_info/all_stocks_20260606/能源/电源设备/英杰电气.csv
300821,东岳硅材,化学制品,化学制品,/home/peanut/stock_key_info/all_stocks_20260606/化工行业/化学制品/东岳硅材.csv
300822,贝仕达克,消费电子,消费电子,/home/peanut/stock_key_info/all_stocks_20260606/工业制造/消费电子/贝仕达克.csv
300823,建科智能,专用设备,专用设备,/home/peanut/stock_key_info/all_stocks_20260606/工业制造/专用设备/建科智能.csv
300824,北鼎股份,小家电,家电行业,/home/peanut/stock_key_info/all_stocks_20260606/衣食住行/家电行业/北鼎股份.csv
300825,阿尔特,汽车服务,汽车服务,/home/peanut/stock_key_info/all_stocks_20260606/工业制造/汽车服务/阿尔特.csv
300826,测绘股份,工程咨询服务Ⅱ,工程咨询服务,/home/peanut/stock_key_info/all_stocks_20260606/旧基建/工程咨询服务/测绘股份.csv
300827,上能电气,光伏设备,光伏设备,/home/peanut/stock_key_info/all_stocks_20260606/能源/光伏设备/上能电气.csv
300828,锐新科技,通用设备,通用设备,/home/peanut/stock_key_info/all_stocks_20260606/TMT/通用设备/锐新科技.csv
300829,金丹科技,化学制品,化学制品,/home/peanut/stock_key_info/all_stocks_20260606/化工行业/化学制品/金丹科技.csv
300830,金现代,软件开发,软件开发,/home/peanut/stock_key_info/all_stocks_20260606/TMT/软件开发/金现代.csv
300831,派瑞股份,半导体,半导体,/home/peanut/stock_key_info/all_stocks_20260606/TMT/半导体/派瑞股份.csv
300832,新产业,医疗器械,医疗器械,/home/peanut/stock_key_info/all_stocks_20260606/医药/医疗器械/新产业.csv
300833,浩洋股份,专用设备,专用设备,/home/peanut/stock_key_info/all_stocks_20260606/工业制造/专用设备/浩洋股份.csv
300834,星辉环材,塑料,塑料制品,/home/peanut/stock_key_info/all_stocks_20260606/化工行业/塑料制品/星辉环材.csv
300835,龙磁科技,金属新材料,小金属,/home/peanut/stock_key_info/all_stocks_20260606/能源/小金属/龙磁科技.csv
300836,佰奥智能,专用设备,专用设备,/home/peanut/stock_key_info/all_stocks_20260606/工业制造/专用设备/佰奥智能.csv
300837,浙矿股份,专用设备,专用设备,/home/peanut/stock_key_info/all_stocks_20260606/工业制造/专用设备/浙矿股份.csv
300838,浙江力诺,通用设备,通用设备,/home/peanut/stock_key_info/all_stocks_20260606/TMT/通用设备/浙江力诺.csv
300840,酷特智能,服装家纺,纺织服装,/home/peanut/stock_key_info/all_stocks_20260606/衣食住行/纺织服装/酷特智能.csv
300839,博汇股份,炼化及贸易,石油行业,/home/peanut/stock_key_info/all_stocks_20260606/能源/石油行业/博汇股份.csv
300841,康华生物,生物制品,生物制品,/home/peanut/stock_key_info/all_stocks_20260606/医药/生物制品/康华生物.csv
300842,帝科股份,光伏设备,光伏设备,/home/peanut/stock_key_info/all_stocks_20260606/能源/光伏设备/帝科股份.csv
300843,胜蓝股份,消费电子,消费电子,/home/peanut/stock_key_info/all_stocks_20260606/工业制造/消费电子/胜蓝股份.csv
300844,山水比德,工程咨询服务Ⅱ,工程咨询服务,/home/peanut/stock_key_info/all_stocks_20260606/旧基建/工程咨询服务/山水比德.csv
300845,捷安高科,计算机设备,计算机设备,/home/peanut/stock_key_info/all_stocks_20260606/TMT/计算机设备/捷安高科.csv
300846,首都在线,IT服务Ⅱ,软件开发,/home/peanut/stock_key_info/all_stocks_20260606/TMT/软件开发/首都在线.csv
300847,中船汉光,计算机设备,计算机设备,/home/peanut/stock_key_info/all_stocks_20260606/TMT/计算机设备/中船汉光.csv
300848,美瑞新材,化学制品,化学制品,/home/peanut/stock_key_info/all_stocks_20260606/化工行业/化学制品/美瑞新材.csv
300849,锦盛新材,化妆品,美容护理,/home/peanut/stock_key_info/all_stocks_20260606/衣食住行/美容护理/锦盛新材.csv
300850,新强联,风电设备,风电设备,/home/peanut/stock_key_info/all_stocks_20260606/能源/风电设备/新强联.csv
300852,四会富仕,元件,电子元件,/home/peanut/stock_key_info/all_stocks_20260606/TMT/电子元件/四会富仕.csv
300851,交大思诺,轨交设备Ⅱ,交运设备,/home/peanut/stock_key_info/all_stocks_20260606/工业制造/交运设备/交大思诺.csv
300853,申昊科技,电网设备,电网设备,/home/peanut/stock_key_info/all_stocks_20260606/能源/电网设备/申昊科技.csv
300854,中兰环保,环境治理,环保行业,/home/peanut/stock_key_info/all_stocks_20260606/衣食住行/环保行业/中兰环保.csv
300855,图南股份,金属新材料,小金属,/home/peanut/stock_key_info/all_stocks_20260606/能源/小金属/图南股份.csv
300856,科思股份,化妆品,美容护理,/home/peanut/stock_key_info/all_stocks_20260606/衣食住行/美容护理/科思股份.csv
300857,协创数据,消费电子,消费电子,/home/peanut/stock_key_info/all_stocks_20260606/工业制造/消费电子/协创数据.csv
300858,科拓生物,化学制品,化学制品,/home/peanut/stock_key_info/all_stocks_20260606/化工行业/化学制品/科拓生物.csv
300860,锋尚文化,专业服务,专业服务,/home/peanut/stock_key_info/all_stocks_20260606/工业制造/专业服务/锋尚文化.csv
300859,西域旅游,旅游及景区,旅游酒店,/home/peanut/stock_key_info/all_stocks_20260606/衣食住行/旅游酒店/西域旅游.csv
300861,美畅股份,通用设备,通用设备,/home/peanut/stock_key_info/all_stocks_20260606/TMT/通用设备/美畅股份.csv
300862,蓝盾光电,通用设备,通用设备,/home/peanut/stock_key_info/all_stocks_20260606/TMT/通用设备/蓝盾光电.csv
300864,南大环境,环境治理,环保行业,/home/peanut/stock_key_info/all_stocks_20260606/衣食住行/环保行业/南大环境.csv
300863,卡倍亿,汽车零部件,汽车零部件,/home/peanut/stock_key_info/all_stocks_20260606/工业制造/汽车零部件/卡倍亿.csv
300865,大宏立,专用设备,专用设备,/home/peanut/stock_key_info/all_stocks_20260606/工业制造/专用设备/大宏立.csv
300866,安克创新,消费电子,消费电子,/home/peanut/stock_key_info/all_stocks_20260606/工业制造/消费电子/安克创新.csv
300867,圣元环保,环境治理,环保行业,/home/peanut/stock_key_info/all_stocks_20260606/衣食住行/环保行业/圣元环保.csv
300868,杰美特,消费电子,消费电子,/home/peanut/stock_key_info/all_stocks_20260606/工业制造/消费电子/杰美特.csv
300869,康泰医学,医疗器械,医疗器械,/home/peanut/stock_key_info/all_stocks_20260606/医药/医疗器械/康泰医学.csv
300870,欧陆通,其他电源设备Ⅱ,电源设备,/home/peanut/stock_key_info/all_stocks_20260606/能源/电源设备/欧陆通.csv
300871,回盛生物,动物保健Ⅱ,农药兽药,/home/peanut/stock_key_info/all_stocks_20260606/化工行业/农药兽药/回盛生物.csv
300872,天阳科技,IT服务Ⅱ,软件开发,/home/peanut/stock_key_info/all_stocks_20260606/TMT/软件开发/天阳科技.csv
300873,海晨股份,物流,物流行业,/home/peanut/stock_key_info/all_stocks_20260606/航运物流/物流行业/海晨股份.csv
300878,维康药业,中药Ⅱ,中药,/home/peanut/stock_key_info/all_stocks_20260606/医药/中药/维康药业.csv
300875,捷强装备,地面兵装Ⅱ,航天航空,/home/peanut/stock_key_info/all_stocks_20260606/航天航空/捷强装备.csv
300876,蒙泰高新,化学纤维,化纤行业,/home/peanut/stock_key_info/all_stocks_20260606/化工行业/化纤行业/蒙泰高新.csv
300877,金春股份,纺织制造,纺织服装,/home/peanut/stock_key_info/all_stocks_20260606/衣食住行/纺织服装/金春股份.csv
300879,大叶股份,专用设备,专用设备,/home/peanut/stock_key_info/all_stocks_20260606/工业制造/专用设备/大叶股份.csv
300880,迦南智能,电网设备,电网设备,/home/peanut/stock_key_info/all_stocks_20260606/能源/电网设备/迦南智能.csv
300882,万胜智能,电网设备,电网设备,/home/peanut/stock_key_info/all_stocks_20260606/能源/电网设备/万胜智能.csv
300881,盛德鑫泰,特钢Ⅱ,钢铁行业,/home/peanut/stock_key_info/all_stocks_20260606/能源/钢铁行业/盛德鑫泰.csv
300883,龙利得,包装印刷,造纸印刷,/home/peanut/stock_key_info/all_stocks_20260606/旧基建/造纸印刷/龙利得.csv
300884,狄耐克,计算机设备,计算机设备,/home/peanut/stock_key_info/all_stocks_20260606/TMT/计算机设备/狄耐克.csv
300885,海昌新材,通用设备,通用设备,/home/peanut/stock_key_info/all_stocks_20260606/TMT/通用设备/海昌新材.csv
300886,华业香料,化妆品,美容护理,/home/peanut/stock_key_info/all_stocks_20260606/衣食住行/美容护理/华业香料.csv
300887,谱尼测试,专业服务,专业服务,/home/peanut/stock_key_info/all_stocks_20260606/工业制造/专业服务/谱尼测试.csv
300888,稳健医疗,个护用品,美容护理,/home/peanut/stock_key_info/all_stocks_20260606/衣食住行/美容护理/稳健医疗.csv
300889,爱克股份,光学光电子,光学光电子,/home/peanut/stock_key_info/all_stocks_20260606/工业制造/光学光电子/爱克股份.csv
300890,翔丰华,电池,电池,/home/peanut/stock_key_info/all_stocks_20260606/能源/电池/翔丰华.csv
300891,惠云钛业,化学原料,化学原料,/home/peanut/stock_key_info/all_stocks_20260606/化工行业/化学原料/惠云钛业.csv
300892,品渥食品,饮料乳品,食品饮料,/home/peanut/stock_key_info/all_stocks_20260606/衣食住行/食品饮料/品渥食品.csv
300893,松原安全,汽车零部件,汽车零部件,/home/peanut/stock_key_info/all_stocks_20260606/工业制造/汽车零部件/松原安全.csv
300894,火星人,厨卫电器,家电行业,/home/peanut/stock_key_info/all_stocks_20260606/衣食住行/家电行业/火星人.csv
300895,铜牛信息,IT服务Ⅱ,软件开发,/home/peanut/stock_key_info/all_stocks_20260606/TMT/软件开发/铜牛信息.csv
300896,爱美客,医疗美容,美容护理,/home/peanut/stock_key_info/all_stocks_20260606/衣食住行/美容护理/爱美客.csv
300897,山科智能,通用设备,通用设备,/home/peanut/stock_key_info/all_stocks_20260606/TMT/通用设备/山科智能.csv
300898,熊猫乳品,饮料乳品,食品饮料,/home/peanut/stock_key_info/all_stocks_20260606/衣食住行/食品饮料/熊猫乳品.csv
300899,上海凯鑫,环境治理,环保行业,/home/peanut/stock_key_info/all_stocks_20260606/衣食住行/环保行业/上海凯鑫.csv
300900,广联航空,航空装备Ⅱ,航天航空,/home/peanut/stock_key_info/all_stocks_20260606/航天航空/广联航空.csv
300901,中胤时尚,服装家纺,纺织服装,/home/peanut/stock_key_info/all_stocks_20260606/衣食住行/纺织服装/中胤时尚.csv
300902,国安达,专用设备,专用设备,/home/peanut/stock_key_info/all_stocks_20260606/工业制造/专用设备/国安达.csv
300903,科翔股份,元件,电子元件,/home/peanut/stock_key_info/all_stocks_20260606/TMT/电子元件/科翔股份.csv
300904,威力传动,风电设备,风电设备,/home/peanut/stock_key_info/all_stocks_20260606/能源/风电设备/威力传动.csv
300905,宝丽迪,化学纤维,化纤行业,/home/peanut/stock_key_info/all_stocks_20260606/化工行业/化纤行业/宝丽迪.csv
300906,日月明,通用设备,通用设备,/home/peanut/stock_key_info/all_stocks_20260606/TMT/通用设备/日月明.csv
300907,康平科技,电机Ⅱ,电机,/home/peanut/stock_key_info/all_stocks_20260606/工业制造/电机/康平科技.csv
300908,仲景食品,调味发酵品Ⅱ,食品饮料,/home/peanut/stock_key_info/all_stocks_20260606/衣食住行/食品饮料/仲景食品.csv
300909,汇创达,光学光电子,光学光电子,/home/peanut/stock_key_info/all_stocks_20260606/工业制造/光学光电子/汇创达.csv
300910,瑞丰新材,化学制品,化学制品,/home/peanut/stock_key_info/all_stocks_20260606/化工行业/化学制品/瑞丰新材.csv
300911,亿田智能,厨卫电器,家电行业,/home/peanut/stock_key_info/all_stocks_20260606/衣食住行/家电行业/亿田智能.csv
300912,凯龙高科,汽车零部件,汽车零部件,/home/peanut/stock_key_info/all_stocks_20260606/工业制造/汽车零部件/凯龙高科.csv
300913,兆龙互连,通信设备,通信设备,/home/peanut/stock_key_info/all_stocks_20260606/TMT/通信设备/兆龙互连.csv
300915,海融科技,饮料乳品,食品饮料,/home/peanut/stock_key_info/all_stocks_20260606/衣食住行/食品饮料/海融科技.csv
300916,朗特智能,消费电子,消费电子,/home/peanut/stock_key_info/all_stocks_20260606/工业制造/消费电子/朗特智能.csv
300917,特发服务,房地产服务,房地产服务,/home/peanut/stock_key_info/all_stocks_20260606/旧基建/房地产服务/特发服务.csv
300918,南山智尚,纺织制造,纺织服装,/home/peanut/stock_key_info/all_stocks_20260606/衣食住行/纺织服装/南山智尚.csv
300919,中伟新材,电池,电池,/home/peanut/stock_key_info/all_stocks_20260606/能源/电池/中伟新材.csv
300920,润阳科技,塑料,塑料制品,/home/peanut/stock_key_info/all_stocks_20260606/化工行业/塑料制品/润阳科技.csv
300921,南凌科技,通信服务,通信服务,/home/peanut/stock_key_info/all_stocks_20260606/TMT/通信服务/南凌科技.csv
300922,天秦装备,地面兵装Ⅱ,航天航空,/home/peanut/stock_key_info/all_stocks_20260606/航天航空/天秦装备.csv
300923,研奥股份,轨交设备Ⅱ,交运设备,/home/peanut/stock_key_info/all_stocks_20260606/工业制造/交运设备/研奥股份.csv
300925,法本信息,软件开发,软件开发,/home/peanut/stock_key_info/all_stocks_20260606/TMT/软件开发/法本信息.csv
300926,博俊科技,汽车零部件,汽车零部件,/home/peanut/stock_key_info/all_stocks_20260606/工业制造/汽车零部件/博俊科技.csv
300927,江天化学,化学原料,化学原料,/home/peanut/stock_key_info/all_stocks_20260606/化工行业/化学原料/江天化学.csv
300928,华安鑫创,汽车零部件,汽车零部件,/home/peanut/stock_key_info/all_stocks_20260606/工业制造/汽车零部件/华安鑫创.csv
300929,华骐环保,环境治理,环保行业,/home/peanut/stock_key_info/all_stocks_20260606/衣食住行/环保行业/华骐环保.csv
300930,屹通新材,金属新材料,小金属,/home/peanut/stock_key_info/all_stocks_20260606/能源/小金属/屹通新材.csv
300931,通用电梯,专用设备,专用设备,/home/peanut/stock_key_info/all_stocks_20260606/工业制造/专用设备/通用电梯.csv
300933,中辰股份,电网设备,电网设备,/home/peanut/stock_key_info/all_stocks_20260606/能源/电网设备/中辰股份.csv
300935,盈建科,软件开发,软件开发,/home/peanut/stock_key_info/all_stocks_20260606/TMT/软件开发/盈建科.csv
300936,中英科技,元件,电子元件,/home/peanut/stock_key_info/all_stocks_20260606/TMT/电子元件/中英科技.csv
300937,药易购,医药商业,医药商业,/home/peanut/stock_key_info/all_stocks_20260606/医药/医药商业/药易购.csv
300938,信测标准,专业服务,专业服务,/home/peanut/stock_key_info/all_stocks_20260606/工业制造/专业服务/信测标准.csv
300939,秋田微,光学光电子,光学光电子,/home/peanut/stock_key_info/all_stocks_20260606/工业制造/光学光电子/秋田微.csv
300940,南极光,光学光电子,光学光电子,/home/peanut/stock_key_info/all_stocks_20260606/工业制造/光学光电子/南极光.csv
300941,创识科技,计算机设备,计算机设备,/home/peanut/stock_key_info/all_stocks_20260606/TMT/计算机设备/创识科技.csv
300942,易瑞生物,医疗器械,医疗器械,/home/peanut/stock_key_info/all_stocks_20260606/医药/医疗器械/易瑞生物.csv
300943,春晖智控,通用设备,通用设备,/home/peanut/stock_key_info/all_stocks_20260606/TMT/通用设备/春晖智控.csv
300945,曼卡龙,饰品,珠宝首饰,/home/peanut/stock_key_info/all_stocks_20260606/衣食住行/珠宝首饰/曼卡龙.csv
300946,恒而达,通用设备,通用设备,/home/peanut/stock_key_info/all_stocks_20260606/TMT/通用设备/恒而达.csv
300947,德必集团,一般零售,商业百货,/home/peanut/stock_key_info/all_stocks_20260606/衣食住行/商业百货/德必集团.csv
300948,冠中生态,基础建设,工程建设,/home/peanut/stock_key_info/all_stocks_20260606/旧基建/工程建设/冠中生态.csv
300949,奥雅股份,基础建设,工程建设,/home/peanut/stock_key_info/all_stocks_20260606/旧基建/工程建设/奥雅股份.csv
300950,德固特,专用设备,专用设备,/home/peanut/stock_key_info/all_stocks_20260606/工业制造/专用设备/德固特.csv
300951,博硕科技,消费电子,消费电子,/home/peanut/stock_key_info/all_stocks_20260606/工业制造/消费电子/博硕科技.csv
300952,恒辉安防,服装家纺,纺织服装,/home/peanut/stock_key_info/all_stocks_20260606/衣食住行/纺织服装/恒辉安防.csv
300953,震裕科技,电池,电池,/home/peanut/stock_key_info/all_stocks_20260606/能源/电池/震裕科技.csv
300955,嘉亨家化,化妆品,美容护理,/home/peanut/stock_key_info/all_stocks_20260606/衣食住行/美容护理/嘉亨家化.csv
300956,英力股份,消费电子,消费电子,/home/peanut/stock_key_info/all_stocks_20260606/工业制造/消费电子/英力股份.csv
300957,贝泰妮,化妆品,美容护理,/home/peanut/stock_key_info/all_stocks_20260606/衣食住行/美容护理/贝泰妮.csv
300958,建工修复,环境治理,环保行业,/home/peanut/stock_key_info/all_stocks_20260606/衣食住行/环保行业/建工修复.csv
300959,线上线下,通信服务,通信服务,/home/peanut/stock_key_info/all_stocks_20260606/TMT/通信服务/线上线下.csv
300960,通业科技,轨交设备Ⅱ,交运设备,/home/peanut/stock_key_info/all_stocks_20260606/工业制造/交运设备/通业科技.csv
300961,深水海纳,环境治理,环保行业,/home/peanut/stock_key_info/all_stocks_20260606/衣食住行/环保行业/深水海纳.csv
300962,中金辐照,专业服务,专业服务,/home/peanut/stock_key_info/all_stocks_20260606/工业制造/专业服务/中金辐照.csv
300963,中洲特材,金属新材料,小金属,/home/peanut/stock_key_info/all_stocks_20260606/能源/小金属/中洲特材.csv
300964,本川智能,元件,电子元件,/home/peanut/stock_key_info/all_stocks_20260606/TMT/电子元件/本川智能.csv
300965,恒宇信通,航空装备Ⅱ,航天航空,/home/peanut/stock_key_info/all_stocks_20260606/航天航空/恒宇信通.csv
300966,共同药业,化学制药,化学制药,/home/peanut/stock_key_info/all_stocks_20260606/医药/化学制药/共同药业.csv
300967,晓鸣股份,养殖业,农牧饲渔,/home/peanut/stock_key_info/all_stocks_20260606/衣食住行/农牧饲渔/晓鸣股份.csv
300968,格林精密,消费电子,消费电子,/home/peanut/stock_key_info/all_stocks_20260606/工业制造/消费电子/格林精密.csv
300969,恒帅股份,汽车零部件,汽车零部件,/home/peanut/stock_key_info/all_stocks_20260606/工业制造/汽车零部件/恒帅股份.csv
300970,华绿生物,种植业,农牧饲渔,/home/peanut/stock_key_info/all_stocks_20260606/衣食住行/农牧饲渔/华绿生物.csv
300971,博亚精工,专用设备,专用设备,/home/peanut/stock_key_info/all_stocks_20260606/工业制造/专用设备/博亚精工.csv
300972,万辰集团,休闲食品,食品饮料,/home/peanut/stock_key_info/all_stocks_20260606/衣食住行/食品饮料/万辰集团.csv
300973,立高食品,休闲食品,食品饮料,/home/peanut/stock_key_info/all_stocks_20260606/衣食住行/食品饮料/立高食品.csv
300975,商络电子,元件,电子元件,/home/peanut/stock_key_info/all_stocks_20260606/TMT/电子元件/商络电子.csv
300976,达瑞电子,消费电子,消费电子,/home/peanut/stock_key_info/all_stocks_20260606/工业制造/消费电子/达瑞电子.csv
300977,深圳瑞捷,工程咨询服务Ⅱ,工程咨询服务,/home/peanut/stock_key_info/all_stocks_20260606/旧基建/工程咨询服务/深圳瑞捷.csv
300978,东箭科技,汽车零部件,汽车零部件,/home/peanut/stock_key_info/all_stocks_20260606/工业制造/汽车零部件/东箭科技.csv
300979,华利集团,纺织制造,纺织服装,/home/peanut/stock_key_info/all_stocks_20260606/衣食住行/纺织服装/华利集团.csv
300980,祥源新材,塑料,塑料制品,/home/peanut/stock_key_info/all_stocks_20260606/化工行业/塑料制品/祥源新材.csv
300981,中红医疗,医疗器械,医疗器械,/home/peanut/stock_key_info/all_stocks_20260606/医药/医疗器械/中红医疗.csv
300982,苏文电能,基础建设,工程建设,/home/peanut/stock_key_info/all_stocks_20260606/旧基建/工程建设/苏文电能.csv
300983,尤安设计,工程咨询服务Ⅱ,工程咨询服务,/home/peanut/stock_key_info/all_stocks_20260606/旧基建/工程咨询服务/尤安设计.csv
300984,金沃股份,通用设备,通用设备,/home/peanut/stock_key_info/all_stocks_20260606/TMT/通用设备/金沃股份.csv
300985,致远新能,通用设备,通用设备,/home/peanut/stock_key_info/all_stocks_20260606/TMT/通用设备/致远新能.csv
300986,志特新材,专业工程,工程建设,/home/peanut/stock_key_info/all_stocks_20260606/旧基建/工程建设/志特新材.csv
300987,川网传媒,数字媒体,文化传媒,/home/peanut/stock_key_info/all_stocks_20260606/衣食住行/文化传媒/川网传媒.csv
300988,津荣天宇,专用设备,专用设备,/home/peanut/stock_key_info/all_stocks_20260606/工业制造/专用设备/津荣天宇.csv
300989,蕾奥规划,工程咨询服务Ⅱ,工程咨询服务,/home/peanut/stock_key_info/all_stocks_20260606/旧基建/工程咨询服务/蕾奥规划.csv
300990,同飞股份,通用设备,通用设备,/home/peanut/stock_key_info/all_stocks_20260606/TMT/通用设备/同飞股份.csv
300991,创益通,其他电子Ⅱ,消费电子,/home/peanut/stock_key_info/all_stocks_20260606/工业制造/消费电子/创益通.csv
300992,泰福泵业,通用设备,通用设备,/home/peanut/stock_key_info/all_stocks_20260606/TMT/通用设备/泰福泵业.csv
300993,玉马科技,家居用品,家用轻工,/home/peanut/stock_key_info/all_stocks_20260606/衣食住行/家用轻工/玉马科技.csv
300994,久祺股份,摩托车及其他,汽车整车,/home/peanut/stock_key_info/all_stocks_20260606/工业制造/汽车整车/久祺股份.csv
300995,奇德新材,塑料,塑料制品,/home/peanut/stock_key_info/all_stocks_20260606/化工行业/塑料制品/奇德新材.csv
300996,普联软件,软件开发,软件开发,/home/peanut/stock_key_info/all_stocks_20260606/TMT/软件开发/普联软件.csv
300997,欢乐家,饮料乳品,食品饮料,/home/peanut/stock_key_info/all_stocks_20260606/衣食住行/食品饮料/欢乐家.csv
300998,宁波方正,汽车零部件,汽车零部件,/home/peanut/stock_key_info/all_stocks_20260606/工业制造/汽车零部件/宁波方正.csv
300999,金龙鱼,农产品加工,农牧饲渔,/home/peanut/stock_key_info/all_stocks_20260606/衣食住行/农牧饲渔/金龙鱼.csv
301000,肇民科技,汽车零部件,汽车零部件,/home/peanut/stock_key_info/all_stocks_20260606/工业制造/汽车零部件/肇民科技.csv
301001,凯淳股份,互联网电商,互联网服务,/home/peanut/stock_key_info/all_stocks_20260606/TMT/互联网服务/凯淳股份.csv
301002,崧盛股份,电网设备,电网设备,/home/peanut/stock_key_info/all_stocks_20260606/能源/电网设备/崧盛股份.csv
301003,江苏博云,塑料,塑料制品,/home/peanut/stock_key_info/all_stocks_20260606/化工行业/塑料制品/江苏博云.csv
301004,嘉益股份,家居用品,家用轻工,/home/peanut/stock_key_info/all_stocks_20260606/衣食住行/家用轻工/嘉益股份.csv
301005,超捷股份,汽车零部件,汽车零部件,/home/peanut/stock_key_info/all_stocks_20260606/工业制造/汽车零部件/超捷股份.csv
301006,迈拓股份,通用设备,通用设备,/home/peanut/stock_key_info/all_stocks_20260606/TMT/通用设备/迈拓股份.csv
301007,德迈仕,汽车零部件,汽车零部件,/home/peanut/stock_key_info/all_stocks_20260606/工业制造/汽车零部件/德迈仕.csv
301008,宏昌科技,家电零部件Ⅱ,家电行业,/home/peanut/stock_key_info/all_stocks_20260606/衣食住行/家电行业/宏昌科技.csv
301009,可靠股份,个护用品,美容护理,/home/peanut/stock_key_info/all_stocks_20260606/衣食住行/美容护理/可靠股份.csv
301010,晶雪节能,装修建材,装修建材,/home/peanut/stock_key_info/all_stocks_20260606/旧基建/装修建材/晶雪节能.csv
301011,华立科技,文娱用品,家用轻工,/home/peanut/stock_key_info/all_stocks_20260606/衣食住行/家用轻工/华立科技.csv
301012,扬电科技,电网设备,电网设备,/home/peanut/stock_key_info/all_stocks_20260606/能源/电网设备/扬电科技.csv
301015,百洋医药,医药商业,医药商业,/home/peanut/stock_key_info/all_stocks_20260606/医药/医药商业/百洋医药.csv
301013,利和兴,专用设备,专用设备,/home/peanut/stock_key_info/all_stocks_20260606/工业制造/专用设备/利和兴.csv
301017,漱玉平民,医药商业,医药商业,/home/peanut/stock_key_info/all_stocks_20260606/医药/医药商业/漱玉平民.csv
301016,雷尔伟,轨交设备Ⅱ,交运设备,/home/peanut/stock_key_info/all_stocks_20260606/工业制造/交运设备/雷尔伟.csv
301018,申菱环境,通用设备,通用设备,/home/peanut/stock_key_info/all_stocks_20260606/TMT/通用设备/申菱环境.csv
301019,宁波色母,塑料,塑料制品,/home/peanut/stock_key_info/all_stocks_20260606/化工行业/塑料制品/宁波色母.csv
301020,密封科技,汽车零部件,汽车零部件,/home/peanut/stock_key_info/all_stocks_20260606/工业制造/汽车零部件/密封科技.csv
301021,英诺激光,自动化设备,专用设备,/home/peanut/stock_key_info/all_stocks_20260606/工业制造/专用设备/英诺激光.csv
301022,海泰科,汽车零部件,汽车零部件,/home/peanut/stock_key_info/all_stocks_20260606/工业制造/汽车零部件/海泰科.csv
301023,奕帆传动,电机Ⅱ,电机,/home/peanut/stock_key_info/all_stocks_20260606/工业制造/电机/奕帆传动.csv
301024,霍普股份,工程咨询服务Ⅱ,工程咨询服务,/home/peanut/stock_key_info/all_stocks_20260606/旧基建/工程咨询服务/霍普股份.csv
301025,读客文化,出版,文化传媒,/home/peanut/stock_key_info/all_stocks_20260606/衣食住行/文化传媒/读客文化.csv
301026,浩通科技,小金属,小金属,/home/peanut/stock_key_info/all_stocks_20260606/能源/小金属/浩通科技.csv
301027,华蓝集团,工程咨询服务Ⅱ,工程咨询服务,/home/peanut/stock_key_info/all_stocks_20260606/旧基建/工程咨询服务/华蓝集团.csv
301028,鼎熔岩,通用设备,通用设备,/home/peanut/stock_key_info/all_stocks_20260606/TMT/通用设备/鼎熔岩.csv
301029,怡合达,自动化设备,专用设备,/home/peanut/stock_key_info/all_stocks_20260606/工业制造/专用设备/怡合达.csv
301031,中熔电气,其他电子Ⅱ,消费电子,/home/peanut/stock_key_info/all_stocks_20260606/工业制造/消费电子/中熔电气.csv
301032,新柴股份,通用设备,通用设备,/home/peanut/stock_key_info/all_stocks_20260606/TMT/通用设备/新柴股份.csv
301033,迈普医学,医疗器械,医疗器械,/home/peanut/stock_key_info/all_stocks_20260606/医药/医疗器械/迈普医学.csv
301035,润丰股份,农化制品,农药兽药,/home/peanut/stock_key_info/all_stocks_20260606/化工行业/农药兽药/润丰股份.csv
301036,双乐股份,化学制品,化学制品,/home/peanut/stock_key_info/all_stocks_20260606/化工行业/化学制品/双乐股份.csv
301037,保立佳,化学制品,化学制品,/home/peanut/stock_key_info/all_stocks_20260606/化工行业/化学制品/保立佳.csv
301038,深水规院,工程咨询服务Ⅱ,工程咨询服务,/home/peanut/stock_key_info/all_stocks_20260606/旧基建/工程咨询服务/深水规院.csv
301039,中集车辆,商用车,汽车整车,/home/peanut/stock_key_info/all_stocks_20260606/工业制造/汽车整车/中集车辆.csv
301040,中环海陆,风电设备,风电设备,/home/peanut/stock_key_info/all_stocks_20260606/能源/风电设备/中环海陆.csv
301041,金百泽,元件,电子元件,/home/peanut/stock_key_info/all_stocks_20260606/TMT/电子元件/金百泽.csv
301042,安联锐视,计算机设备,计算机设备,/home/peanut/stock_key_info/all_stocks_20260606/TMT/计算机设备/安联锐视.csv
301043,绿岛风,通用设备,通用设备,/home/peanut/stock_key_info/all_stocks_20260606/TMT/通用设备/绿岛风.csv
301046,能辉科技,专业工程,工程建设,/home/peanut/stock_key_info/all_stocks_20260606/旧基建/工程建设/能辉科技.csv
301045,天禄科技,光学光电子,光学光电子,/home/peanut/stock_key_info/all_stocks_20260606/工业制造/光学光电子/天禄科技.csv
301047,义翘神州,生物制品,生物制品,/home/peanut/stock_key_info/all_stocks_20260606/医药/生物制品/义翘神州.csv
301048,金鹰重工,轨交设备Ⅱ,交运设备,/home/peanut/stock_key_info/all_stocks_20260606/工业制造/交运设备/金鹰重工.csv
300932,三友联众,电网设备,电网设备,/home/peanut/stock_key_info/all_stocks_20260606/能源/电网设备/三友联众.csv
301050,雷电微力,军工电子Ⅱ,航天航空,/home/peanut/stock_key_info/all_stocks_20260606/航天航空/雷电微力.csv
301049,超越科技,环境治理,环保行业,/home/peanut/stock_key_info/all_stocks_20260606/衣食住行/环保行业/超越科技.csv
300677,英科医疗,医疗器械,医疗器械,/home/peanut/stock_key_info/all_stocks_20260606/医药/医疗器械/英科医疗.csv
301051,信濠光电,消费电子,消费电子,/home/peanut/stock_key_info/all_stocks_20260606/工业制造/消费电子/信濠光电.csv
301052,果麦文化,出版,文化传媒,/home/peanut/stock_key_info/all_stocks_20260606/衣食住行/文化传媒/果麦文化.csv
301055,张小泉,家居用品,家用轻工,/home/peanut/stock_key_info/all_stocks_20260606/衣食住行/家用轻工/张小泉.csv
301053,远信工业,专用设备,专用设备,/home/peanut/stock_key_info/all_stocks_20260606/工业制造/专用设备/远信工业.csv
301057,汇隆新材,化学纤维,化纤行业,/home/peanut/stock_key_info/all_stocks_20260606/化工行业/化纤行业/汇隆新材.csv
301058,中粮科工,工程咨询服务Ⅱ,工程咨询服务,/home/peanut/stock_key_info/all_stocks_20260606/旧基建/工程咨询服务/中粮科工.csv
301056,森赫股份,专用设备,专用设备,/home/peanut/stock_key_info/all_stocks_20260606/工业制造/专用设备/森赫股份.csv
301059,金三江,化学制品,化学制品,/home/peanut/stock_key_info/all_stocks_20260606/化工行业/化学制品/金三江.csv
301060,兰卫医学,医疗服务,医疗服务,/home/peanut/stock_key_info/all_stocks_20260606/医药/医疗服务/兰卫医学.csv
301061,匠心家居,家居用品,家用轻工,/home/peanut/stock_key_info/all_stocks_20260606/衣食住行/家用轻工/匠心家居.csv
301062,上海艾录,包装印刷,造纸印刷,/home/peanut/stock_key_info/all_stocks_20260606/旧基建/造纸印刷/上海艾录.csv
301063,海锅股份,专用设备,专用设备,/home/peanut/stock_key_info/all_stocks_20260606/工业制造/专用设备/海锅股份.csv
301065,本立科技,化学制药,化学制药,/home/peanut/stock_key_info/all_stocks_20260606/医药/化学制药/本立科技.csv
301066,万事利,纺织制造,纺织服装,/home/peanut/stock_key_info/all_stocks_20260606/衣食住行/纺织服装/万事利.csv
301067,显盈科技,消费电子,消费电子,/home/peanut/stock_key_info/all_stocks_20260606/工业制造/消费电子/显盈科技.csv
301068,大地海洋,环境治理,环保行业,/home/peanut/stock_key_info/all_stocks_20260606/衣食住行/环保行业/大地海洋.csv
301069,凯盛新材,化学原料,化学原料,/home/peanut/stock_key_info/all_stocks_20260606/化工行业/化学原料/凯盛新材.csv
301070,开勒股份,通用设备,通用设备,/home/peanut/stock_key_info/all_stocks_20260606/TMT/通用设备/开勒股份.csv
301071,力量钻石,非金属材料Ⅱ,非金属材料,/home/peanut/stock_key_info/all_stocks_20260606/化工行业/非金属材料/力量钻石.csv
301072,中捷精工,汽车零部件,汽车零部件,/home/peanut/stock_key_info/all_stocks_20260606/工业制造/汽车零部件/中捷精工.csv
301073,君亭酒店,酒店餐饮,旅游酒店,/home/peanut/stock_key_info/all_stocks_20260606/衣食住行/旅游酒店/君亭酒店.csv
301075,多瑞医药,化学制药,化学制药,/home/peanut/stock_key_info/all_stocks_20260606/医药/化学制药/多瑞医药.csv
301076,新瀚新材,化学制品,化学制品,/home/peanut/stock_key_info/all_stocks_20260606/化工行业/化学制品/新瀚新材.csv
301077,星华新材,化学制品,化学制品,/home/peanut/stock_key_info/all_stocks_20260606/化工行业/化学制品/星华新材.csv
301078,孩子王,专业连锁Ⅱ,商业百货,/home/peanut/stock_key_info/all_stocks_20260606/衣食住行/商业百货/孩子王.csv
301079,邵阳液压,工程机械,工程机械,/home/peanut/stock_key_info/all_stocks_20260606/旧基建/工程机械/邵阳液压.csv
301080,百普赛斯,生物制品,生物制品,/home/peanut/stock_key_info/all_stocks_20260606/医药/生物制品/百普赛斯.csv
301081,严牌股份,环保设备Ⅱ,环保行业,/home/peanut/stock_key_info/all_stocks_20260606/衣食住行/环保行业/严牌股份.csv
301082,久盛电气,电网设备,电网设备,/home/peanut/stock_key_info/all_stocks_20260606/能源/电网设备/久盛电气.csv
301083,百胜智能,专用设备,专用设备,/home/peanut/stock_key_info/all_stocks_20260606/工业制造/专用设备/百胜智能.csv
301085,亚康股份,IT服务Ⅱ,软件开发,/home/peanut/stock_key_info/all_stocks_20260606/TMT/软件开发/亚康股份.csv
301086,鸿富瀚,消费电子,消费电子,/home/peanut/stock_key_info/all_stocks_20260606/工业制造/消费电子/鸿富瀚.csv
301087,可孚医疗,医疗器械,医疗器械,/home/peanut/stock_key_info/all_stocks_20260606/医药/医疗器械/可孚医疗.csv
301088,戎美股份,服装家纺,纺织服装,/home/peanut/stock_key_info/all_stocks_20260606/衣食住行/纺织服装/戎美股份.csv
301089,拓新药业,化学制药,化学制药,/home/peanut/stock_key_info/all_stocks_20260606/医药/化学制药/拓新药业.csv
301090,华润材料,塑料,塑料制品,/home/peanut/stock_key_info/all_stocks_20260606/化工行业/塑料制品/华润材料.csv
301091,深城交,工程咨询服务Ⅱ,工程咨询服务,/home/peanut/stock_key_info/all_stocks_20260606/旧基建/工程咨询服务/深城交.csv
301092,争光股份,塑料,塑料制品,/home/peanut/stock_key_info/all_stocks_20260606/化工行业/塑料制品/争光股份.csv
301093,华兰股份,医疗器械,医疗器械,/home/peanut/stock_key_info/all_stocks_20260606/医药/医疗器械/华兰股份.csv
301095,广立微,软件开发,软件开发,/home/peanut/stock_key_info/all_stocks_20260606/TMT/软件开发/广立微.csv
301096,百诚医药,医疗服务,医疗服务,/home/peanut/stock_key_info/all_stocks_20260606/医药/医疗服务/百诚医药.csv
301097,天益医疗,医疗器械,医疗器械,/home/peanut/stock_key_info/all_stocks_20260606/医药/医疗器械/天益医疗.csv
301098,金埔园林,基础建设,工程建设,/home/peanut/stock_key_info/all_stocks_20260606/旧基建/工程建设/金埔园林.csv
301099,雅创电子,其他电子Ⅱ,消费电子,/home/peanut/stock_key_info/all_stocks_20260606/工业制造/消费电子/雅创电子.csv
301100,风光股份,化学制品,化学制品,/home/peanut/stock_key_info/all_stocks_20260606/化工行业/化学制品/风光股份.csv
301101,明月镜片,文娱用品,家用轻工,/home/peanut/stock_key_info/all_stocks_20260606/衣食住行/家用轻工/明月镜片.csv
301102,兆讯传媒,广告营销,文化传媒,/home/peanut/stock_key_info/all_stocks_20260606/衣食住行/文化传媒/兆讯传媒.csv
301103,何氏眼科,医疗服务,医疗服务,/home/peanut/stock_key_info/all_stocks_20260606/医药/医疗服务/何氏眼科.csv
301105,鸿铭股份,专用设备,专用设备,/home/peanut/stock_key_info/all_stocks_20260606/工业制造/专用设备/鸿铭股份.csv
301106,骏成科技,光学光电子,光学光电子,/home/peanut/stock_key_info/all_stocks_20260606/工业制造/光学光电子/骏成科技.csv
301107,瑜欣电子,通用设备,通用设备,/home/peanut/stock_key_info/all_stocks_20260606/TMT/通用设备/瑜欣电子.csv
301108,洁雅股份,个护用品,美容护理,/home/peanut/stock_key_info/all_stocks_20260606/衣食住行/美容护理/洁雅股份.csv
301109,军信股份,环境治理,环保行业,/home/peanut/stock_key_info/all_stocks_20260606/衣食住行/环保行业/军信股份.csv
301110,青木科技,互联网电商,互联网服务,/home/peanut/stock_key_info/all_stocks_20260606/TMT/互联网服务/青木科技.csv
301111,粤万年青,中药Ⅱ,中药,/home/peanut/stock_key_info/all_stocks_20260606/医药/中药/粤万年青.csv
301112,信邦智能,自动化设备,专用设备,/home/peanut/stock_key_info/all_stocks_20260606/工业制造/专用设备/信邦智能.csv
301113,雅艺科技,家居用品,家用轻工,/home/peanut/stock_key_info/all_stocks_20260606/衣食住行/家用轻工/雅艺科技.csv
301115,联检科技,专业服务,专业服务,/home/peanut/stock_key_info/all_stocks_20260606/工业制造/专业服务/联检科技.csv
301116,益客食品,养殖业,农牧饲渔,/home/peanut/stock_key_info/all_stocks_20260606/衣食住行/农牧饲渔/益客食品.csv
301117,佳缘科技,计算机设备,计算机设备,/home/peanut/stock_key_info/all_stocks_20260606/TMT/计算机设备/佳缘科技.csv
301118,恒光股份,化学原料,化学原料,/home/peanut/stock_key_info/all_stocks_20260606/化工行业/化学原料/恒光股份.csv
301119,正强股份,汽车零部件,汽车零部件,/home/peanut/stock_key_info/all_stocks_20260606/工业制造/汽车零部件/正强股份.csv
301120,新特电气,电网设备,电网设备,/home/peanut/stock_key_info/all_stocks_20260606/能源/电网设备/新特电气.csv
301121,紫建电子,电池,电池,/home/peanut/stock_key_info/all_stocks_20260606/能源/电池/紫建电子.csv
301122,采纳股份,医疗器械,医疗器械,/home/peanut/stock_key_info/all_stocks_20260606/医药/医疗器械/采纳股份.csv
301123,奕东电子,消费电子,消费电子,/home/peanut/stock_key_info/all_stocks_20260606/工业制造/消费电子/奕东电子.csv
301125,腾亚精工,通用设备,通用设备,/home/peanut/stock_key_info/all_stocks_20260606/TMT/通用设备/腾亚精工.csv
301126,达嘉维康,医药商业,医药商业,/home/peanut/stock_key_info/all_stocks_20260606/医药/医药商业/达嘉维康.csv
301127,武汉天源,环境治理,环保行业,/home/peanut/stock_key_info/all_stocks_20260606/衣食住行/环保行业/武汉天源.csv
301128,强瑞技术,专用设备,专用设备,/home/peanut/stock_key_info/all_stocks_20260606/工业制造/专用设备/强瑞技术.csv
301129,瑞纳智能,通用设备,通用设备,/home/peanut/stock_key_info/all_stocks_20260606/TMT/通用设备/瑞纳智能.csv
301130,西点药业,化学制药,化学制药,/home/peanut/stock_key_info/all_stocks_20260606/医药/化学制药/西点药业.csv
301132,满坤科技,元件,电子元件,/home/peanut/stock_key_info/all_stocks_20260606/TMT/电子元件/满坤科技.csv
301131,聚赛龙,塑料,塑料制品,/home/peanut/stock_key_info/all_stocks_20260606/化工行业/塑料制品/聚赛龙.csv
301133,金钟股份,汽车零部件,汽车零部件,/home/peanut/stock_key_info/all_stocks_20260606/工业制造/汽车零部件/金钟股份.csv
301135,瑞德智能,家电零部件Ⅱ,家电行业,/home/peanut/stock_key_info/all_stocks_20260606/衣食住行/家电行业/瑞德智能.csv
301136,招标股份,工程咨询服务Ⅱ,工程咨询服务,/home/peanut/stock_key_info/all_stocks_20260606/旧基建/工程咨询服务/招标股份.csv
301138,华研精机,专用设备,专用设备,/home/peanut/stock_key_info/all_stocks_20260606/工业制造/专用设备/华研精机.csv
301137,哈焊华通,通用设备,通用设备,/home/peanut/stock_key_info/all_stocks_20260606/TMT/通用设备/哈焊华通.csv
301141,中科磁业,金属新材料,小金属,/home/peanut/stock_key_info/all_stocks_20260606/能源/小金属/中科磁业.csv
301148,嘉戎技术,环境治理,环保行业,/home/peanut/stock_key_info/all_stocks_20260606/衣食住行/环保行业/嘉戎技术.csv
301150,中一科技,电池,电池,/home/peanut/stock_key_info/all_stocks_20260606/能源/电池/中一科技.csv
301149,隆华新材,化学制品,化学制品,/home/peanut/stock_key_info/all_stocks_20260606/化工行业/化学制品/隆华新材.csv
301151,冠龙节能,通用设备,通用设备,/home/peanut/stock_key_info/all_stocks_20260606/TMT/通用设备/冠龙节能.csv
301152,天力锂能,电池,电池,/home/peanut/stock_key_info/all_stocks_20260606/能源/电池/天力锂能.csv
301153,中科江南,软件开发,软件开发,/home/peanut/stock_key_info/all_stocks_20260606/TMT/软件开发/中科江南.csv
301155,海力风电,风电设备,风电设备,/home/peanut/stock_key_info/all_stocks_20260606/能源/风电设备/海力风电.csv
301156,美农生物,化学制品,化学制品,/home/peanut/stock_key_info/all_stocks_20260606/化工行业/化学制品/美农生物.csv
301157,华塑科技,其他电源设备Ⅱ,电源设备,/home/peanut/stock_key_info/all_stocks_20260606/能源/电源设备/华塑科技.csv
301158,德石股份,专用设备,专用设备,/home/peanut/stock_key_info/all_stocks_20260606/工业制造/专用设备/德石股份.csv
301159,三维天地,软件开发,软件开发,/home/peanut/stock_key_info/all_stocks_20260606/TMT/软件开发/三维天地.csv
301160,翔楼新材,特钢Ⅱ,钢铁行业,/home/peanut/stock_key_info/all_stocks_20260606/能源/钢铁行业/翔楼新材.csv
301161,唯万密封,工程机械,工程机械,/home/peanut/stock_key_info/all_stocks_20260606/旧基建/工程机械/唯万密封.csv
301162,国能日新,软件开发,软件开发,/home/peanut/stock_key_info/all_stocks_20260606/TMT/软件开发/国能日新.csv
301163,宏德股份,风电设备,风电设备,/home/peanut/stock_key_info/all_stocks_20260606/能源/风电设备/宏德股份.csv
301165,锐捷网络,通信设备,通信设备,/home/peanut/stock_key_info/all_stocks_20260606/TMT/通信设备/锐捷网络.csv
301166,优宁维,生物制品,生物制品,/home/peanut/stock_key_info/all_stocks_20260606/医药/生物制品/优宁维.csv
301167,建研设计,工程咨询服务Ⅱ,工程咨询服务,/home/peanut/stock_key_info/all_stocks_20260606/旧基建/工程咨询服务/建研设计.csv
301168,通灵股份,光伏设备,光伏设备,/home/peanut/stock_key_info/all_stocks_20260606/能源/光伏设备/通灵股份.csv
301169,零点有数,专业服务,专业服务,/home/peanut/stock_key_info/all_stocks_20260606/工业制造/专业服务/零点有数.csv
301171,易点天下,广告营销,文化传媒,/home/peanut/stock_key_info/all_stocks_20260606/衣食住行/文化传媒/易点天下.csv
301172,君逸数码,IT服务Ⅱ,软件开发,/home/peanut/stock_key_info/all_stocks_20260606/TMT/软件开发/君逸数码.csv
301170,锡南科技,汽车零部件,汽车零部件,/home/peanut/stock_key_info/all_stocks_20260606/工业制造/汽车零部件/锡南科技.csv
301173,毓恬冠佳,汽车零部件,汽车零部件,/home/peanut/stock_key_info/all_stocks_20260606/工业制造/汽车零部件/毓恬冠佳.csv
301175,中科环保,环境治理,环保行业,/home/peanut/stock_key_info/all_stocks_20260606/衣食住行/环保行业/中科环保.csv
301177,迪阿股份,饰品,珠宝首饰,/home/peanut/stock_key_info/all_stocks_20260606/衣食住行/珠宝首饰/迪阿股份.csv
301176,逸豪新材,元件,电子元件,/home/peanut/stock_key_info/all_stocks_20260606/TMT/电子元件/逸豪新材.csv
301178,天亿马,IT服务Ⅱ,软件开发,/home/peanut/stock_key_info/all_stocks_20260606/TMT/软件开发/天亿马.csv
301179,泽宇智能,电网设备,电网设备,/home/peanut/stock_key_info/all_stocks_20260606/能源/电网设备/泽宇智能.csv
301181,标榜股份,汽车零部件,汽车零部件,/home/peanut/stock_key_info/all_stocks_20260606/工业制造/汽车零部件/标榜股份.csv
301182,凯旺科技,计算机设备,计算机设备,/home/peanut/stock_key_info/all_stocks_20260606/TMT/计算机设备/凯旺科技.csv
301180,万祥科技,消费电子,消费电子,/home/peanut/stock_key_info/all_stocks_20260606/工业制造/消费电子/万祥科技.csv
301183,东田微,光学光电子,光学光电子,/home/peanut/stock_key_info/all_stocks_20260606/工业制造/光学光电子/东田微.csv
301185,鸥玛软件,IT服务Ⅱ,软件开发,/home/peanut/stock_key_info/all_stocks_20260606/TMT/软件开发/鸥玛软件.csv
301186,超达装备,汽车零部件,汽车零部件,/home/peanut/stock_key_info/all_stocks_20260606/工业制造/汽车零部件/超达装备.csv
301187,欧圣电气,小家电,家电行业,/home/peanut/stock_key_info/all_stocks_20260606/衣食住行/家电行业/欧圣电气.csv
301188,力诺药包,医疗器械,医疗器械,/home/peanut/stock_key_info/all_stocks_20260606/医药/医疗器械/力诺药包.csv
301189,奥尼电子,消费电子,消费电子,/home/peanut/stock_key_info/all_stocks_20260606/工业制造/消费电子/奥尼电子.csv
301190,善水科技,化学原料,化学原料,/home/peanut/stock_key_info/all_stocks_20260606/化工行业/化学原料/善水科技.csv
301191,菲菱科思,通信设备,通信设备,/home/peanut/stock_key_info/all_stocks_20260606/TMT/通信设备/菲菱科思.csv
301192,泰祥股份,汽车零部件,汽车零部件,/home/peanut/stock_key_info/all_stocks_20260606/工业制造/汽车零部件/泰祥股份.csv
301193,家联科技,家居用品,家用轻工,/home/peanut/stock_key_info/all_stocks_20260606/衣食住行/家用轻工/家联科技.csv
301195,北路智控,软件开发,软件开发,/home/peanut/stock_key_info/all_stocks_20260606/TMT/软件开发/北路智控.csv
301196,唯科科技,塑料,塑料制品,/home/peanut/stock_key_info/all_stocks_20260606/化工行业/塑料制品/唯科科技.csv
301197,工大科雅,通用设备,通用设备,/home/peanut/stock_key_info/all_stocks_20260606/TMT/通用设备/工大科雅.csv
301198,喜悦智行,包装印刷,造纸印刷,/home/peanut/stock_key_info/all_stocks_20260606/旧基建/造纸印刷/喜悦智行.csv
301199,迈赫股份,自动化设备,专用设备,/home/peanut/stock_key_info/all_stocks_20260606/工业制造/专用设备/迈赫股份.csv
301200,大族数控,专用设备,专用设备,/home/peanut/stock_key_info/all_stocks_20260606/工业制造/专用设备/大族数控.csv
301201,诚达药业,医疗服务,医疗服务,/home/peanut/stock_key_info/all_stocks_20260606/医药/医疗服务/诚达药业.csv
301202,朗威股份,通信设备,通信设备,/home/peanut/stock_key_info/all_stocks_20260606/TMT/通信设备/朗威股份.csv
301203,国泰环保,环境治理,环保行业,/home/peanut/stock_key_info/all_stocks_20260606/衣食住行/环保行业/国泰环保.csv
301205,联特科技,通信设备,通信设备,/home/peanut/stock_key_info/all_stocks_20260606/TMT/通信设备/联特科技.csv
301207,华兰疫苗,生物制品,生物制品,/home/peanut/stock_key_info/all_stocks_20260606/医药/生物制品/华兰疫苗.csv
301206,三元生物,化学制品,化学制品,/home/peanut/stock_key_info/all_stocks_20260606/化工行业/化学制品/三元生物.csv
301208,中亦科技,IT服务Ⅱ,软件开发,/home/peanut/stock_key_info/all_stocks_20260606/TMT/软件开发/中亦科技.csv
301209,联合化学,化学制品,化学制品,/home/peanut/stock_key_info/all_stocks_20260606/化工行业/化学制品/联合化学.csv
301210,金杨精密,电池,电池,/home/peanut/stock_key_info/all_stocks_20260606/能源/电池/金杨精密.csv
301211,亨迪药业,化学制药,化学制药,/home/peanut/stock_key_info/all_stocks_20260606/医药/化学制药/亨迪药业.csv
301212,联盛化学,化学制品,化学制品,/home/peanut/stock_key_info/all_stocks_20260606/化工行业/化学制品/联盛化学.csv
301213,观想科技,军工电子Ⅱ,航天航空,/home/peanut/stock_key_info/all_stocks_20260606/航天航空/观想科技.csv
301215,中汽股份,汽车服务,汽车服务,/home/peanut/stock_key_info/all_stocks_20260606/工业制造/汽车服务/中汽股份.csv
301216,万凯新材,塑料,塑料制品,/home/peanut/stock_key_info/all_stocks_20260606/化工行业/塑料制品/万凯新材.csv
301217,铜冠铜箔,电池,电池,/home/peanut/stock_key_info/all_stocks_20260606/能源/电池/铜冠铜箔.csv
301218,华是科技,IT服务Ⅱ,软件开发,/home/peanut/stock_key_info/all_stocks_20260606/TMT/软件开发/华是科技.csv
301220,亚香股份,化学制品,化学制品,/home/peanut/stock_key_info/all_stocks_20260606/化工行业/化学制品/亚香股份.csv
301219,腾远钴业,能源金属,能源金属,/home/peanut/stock_key_info/all_stocks_20260606/能源/能源金属/腾远钴业.csv
301221,光庭信息,汽车零部件,汽车零部件,/home/peanut/stock_key_info/all_stocks_20260606/工业制造/汽车零部件/光庭信息.csv
301222,浙江恒威,电池,电池,/home/peanut/stock_key_info/all_stocks_20260606/能源/电池/浙江恒威.csv
301223,中荣股份,包装印刷,造纸印刷,/home/peanut/stock_key_info/all_stocks_20260606/旧基建/造纸印刷/中荣股份.csv
301225,恒勃股份,汽车零部件,汽车零部件,/home/peanut/stock_key_info/all_stocks_20260606/工业制造/汽车零部件/恒勃股份.csv
301226,祥明智能,电机Ⅱ,电机,/home/peanut/stock_key_info/all_stocks_20260606/工业制造/电机/祥明智能.csv
301227,森鹰窗业,家居用品,家用轻工,/home/peanut/stock_key_info/all_stocks_20260606/衣食住行/家用轻工/森鹰窗业.csv
301228,实朴检测,专业服务,专业服务,/home/peanut/stock_key_info/all_stocks_20260606/工业制造/专业服务/实朴检测.csv
301229,纽泰格,汽车零部件,汽车零部件,/home/peanut/stock_key_info/all_stocks_20260606/工业制造/汽车零部件/纽泰格.csv
301230,泓博医药,医疗服务,医疗服务,/home/peanut/stock_key_info/all_stocks_20260606/医药/医疗服务/泓博医药.csv
301231,荣信文化,出版,文化传媒,/home/peanut/stock_key_info/all_stocks_20260606/衣食住行/文化传媒/荣信文化.csv
301233,盛帮股份,汽车零部件,汽车零部件,/home/peanut/stock_key_info/all_stocks_20260606/工业制造/汽车零部件/盛帮股份.csv
301232,飞沃科技,风电设备,风电设备,/home/peanut/stock_key_info/all_stocks_20260606/能源/风电设备/飞沃科技.csv
301234,五洲医疗,医疗器械,医疗器械,/home/peanut/stock_key_info/all_stocks_20260606/医药/医疗器械/五洲医疗.csv
301235,华康洁净,医疗器械,医疗器械,/home/peanut/stock_key_info/all_stocks_20260606/医药/医疗器械/华康洁净.csv
301237,和顺科技,塑料,塑料制品,/home/peanut/stock_key_info/all_stocks_20260606/化工行业/塑料制品/和顺科技.csv
301236,软通动力,IT服务Ⅱ,软件开发,/home/peanut/stock_key_info/all_stocks_20260606/TMT/软件开发/软通动力.csv
301238,瑞泰新材,电池,电池,/home/peanut/stock_key_info/all_stocks_20260606/能源/电池/瑞泰新材.csv
301239,普瑞眼科,医疗服务,医疗服务,/home/peanut/stock_key_info/all_stocks_20260606/医药/医疗服务/普瑞眼科.csv
301246,宏源药业,化学制药,化学制药,/home/peanut/stock_key_info/all_stocks_20260606/医药/化学制药/宏源药业.csv
301248,杰创智能,IT服务Ⅱ,软件开发,/home/peanut/stock_key_info/all_stocks_20260606/TMT/软件开发/杰创智能.csv
301251,威尔高,元件,电子元件,/home/peanut/stock_key_info/all_stocks_20260606/TMT/电子元件/威尔高.csv
301252,同星科技,家电零部件Ⅱ,家电行业,/home/peanut/stock_key_info/all_stocks_20260606/衣食住行/家电行业/同星科技.csv
301255,通力科技,通用设备,通用设备,/home/peanut/stock_key_info/all_stocks_20260606/TMT/通用设备/通力科技.csv
301256,华融化学,化学原料,化学原料,/home/peanut/stock_key_info/all_stocks_20260606/化工行业/化学原料/华融化学.csv
301257,普蕊斯,医疗服务,医疗服务,/home/peanut/stock_key_info/all_stocks_20260606/医药/医疗服务/普蕊斯.csv
301258,富士莱,化学制药,化学制药,/home/peanut/stock_key_info/all_stocks_20260606/医药/化学制药/富士莱.csv
301259,艾布鲁,环境治理,环保行业,/home/peanut/stock_key_info/all_stocks_20260606/衣食住行/环保行业/艾布鲁.csv
301260,格力博,专用设备,专用设备,/home/peanut/stock_key_info/all_stocks_20260606/工业制造/专用设备/格力博.csv
301261,恒工精密,通用设备,通用设备,/home/peanut/stock_key_info/all_stocks_20260606/TMT/通用设备/恒工精密.csv
301262,海看股份,广告营销,文化传媒,/home/peanut/stock_key_info/all_stocks_20260606/衣食住行/文化传媒/海看股份.csv
301263,泰恩康,化学制药,化学制药,/home/peanut/stock_key_info/all_stocks_20260606/医药/化学制药/泰恩康.csv
301265,华新科技,环境治理,环保行业,/home/peanut/stock_key_info/all_stocks_20260606/衣食住行/环保行业/华新科技.csv
301266,宇邦新材,光伏设备,光伏设备,/home/peanut/stock_key_info/all_stocks_20260606/能源/光伏设备/宇邦新材.csv
301267,华厦眼科,医疗服务,医疗服务,/home/peanut/stock_key_info/all_stocks_20260606/医药/医疗服务/华厦眼科.csv
301268,铭利达,通用设备,通用设备,/home/peanut/stock_key_info/all_stocks_20260606/TMT/通用设备/铭利达.csv
301269,华大九天,软件开发,软件开发,/home/peanut/stock_key_info/all_stocks_20260606/TMT/软件开发/华大九天.csv
301270,汉仪股份,软件开发,软件开发,/home/peanut/stock_key_info/all_stocks_20260606/TMT/软件开发/汉仪股份.csv
301272,英华特,通用设备,通用设备,/home/peanut/stock_key_info/all_stocks_20260606/TMT/通用设备/英华特.csv
301273,瑞晨环保,通用设备,通用设备,/home/peanut/stock_key_info/all_stocks_20260606/TMT/通用设备/瑞晨环保.csv
301275,汉朔科技,其他电子Ⅱ,消费电子,/home/peanut/stock_key_info/all_stocks_20260606/工业制造/消费电子/汉朔科技.csv
301276,嘉曼服饰,服装家纺,纺织服装,/home/peanut/stock_key_info/all_stocks_20260606/衣食住行/纺织服装/嘉曼服饰.csv
301277,新天地,化学制药,化学制药,/home/peanut/stock_key_info/all_stocks_20260606/医药/化学制药/新天地.csv
301278,快可电子,光伏设备,光伏设备,/home/peanut/stock_key_info/all_stocks_20260606/能源/光伏设备/快可电子.csv
301280,珠城科技,家电零部件Ⅱ,家电行业,/home/peanut/stock_key_info/all_stocks_20260606/衣食住行/家电行业/珠城科技.csv
301281,科源制药,化学制药,化学制药,/home/peanut/stock_key_info/all_stocks_20260606/医药/化学制药/科源制药.csv
301279,金道科技,工程机械,工程机械,/home/peanut/stock_key_info/all_stocks_20260606/旧基建/工程机械/金道科技.csv
301282,金禄电子,元件,电子元件,/home/peanut/stock_key_info/all_stocks_20260606/TMT/电子元件/金禄电子.csv
301285,鸿日达,消费电子,消费电子,/home/peanut/stock_key_info/all_stocks_20260606/工业制造/消费电子/鸿日达.csv
301283,聚胶股份,化学制品,化学制品,/home/peanut/stock_key_info/all_stocks_20260606/化工行业/化学制品/聚胶股份.csv
301286,侨源股份,化学制品,化学制品,/home/peanut/stock_key_info/all_stocks_20260606/化工行业/化学制品/侨源股份.csv
301287,康力源,文娱用品,家用轻工,/home/peanut/stock_key_info/all_stocks_20260606/衣食住行/家用轻工/康力源.csv
301288,清研环境,环保设备Ⅱ,环保行业,/home/peanut/stock_key_info/all_stocks_20260606/衣食住行/环保行业/清研环境.csv
301289,国缆检测,专业服务,专业服务,/home/peanut/stock_key_info/all_stocks_20260606/工业制造/专业服务/国缆检测.csv
301290,东星医疗,医疗器械,医疗器械,/home/peanut/stock_key_info/all_stocks_20260606/医药/医疗器械/东星医疗.csv
301291,明阳电气,电网设备,电网设备,/home/peanut/stock_key_info/all_stocks_20260606/能源/电网设备/明阳电气.csv
301295,美硕科技,电网设备,电网设备,/home/peanut/stock_key_info/all_stocks_20260606/能源/电网设备/美硕科技.csv
301293,三博脑科,医疗服务,医疗服务,/home/peanut/stock_key_info/all_stocks_20260606/医药/医疗服务/三博脑科.csv
301292,海科新源,电池,电池,/home/peanut/stock_key_info/all_stocks_20260606/能源/电池/海科新源.csv
301296,新巨丰,包装印刷,造纸印刷,/home/peanut/stock_key_info/all_stocks_20260606/旧基建/造纸印刷/新巨丰.csv
301297,富乐德,半导体,半导体,/home/peanut/stock_key_info/all_stocks_20260606/TMT/半导体/富乐德.csv
301298,东利机械,汽车零部件,汽车零部件,/home/peanut/stock_key_info/all_stocks_20260606/工业制造/汽车零部件/东利机械.csv
301299,卓创资讯,数字媒体,文化传媒,/home/peanut/stock_key_info/all_stocks_20260606/衣食住行/文化传媒/卓创资讯.csv
301300,远翔新材,橡胶,橡胶制品,/home/peanut/stock_key_info/all_stocks_20260606/能源/橡胶制品/远翔新材.csv
301301,川宁生物,化学制药,化学制药,/home/peanut/stock_key_info/all_stocks_20260606/医药/化学制药/川宁生物.csv
301302,华如科技,军工电子Ⅱ,航天航空,/home/peanut/stock_key_info/all_stocks_20260606/航天航空/华如科技.csv
301303,真兰仪表,通用设备,通用设备,/home/peanut/stock_key_info/all_stocks_20260606/TMT/通用设备/真兰仪表.csv
301305,朗坤科技,环境治理,环保行业,/home/peanut/stock_key_info/all_stocks_20260606/衣食住行/环保行业/朗坤科技.csv
301306,西测测试,军工电子Ⅱ,航天航空,/home/peanut/stock_key_info/all_stocks_20260606/航天航空/西测测试.csv
301307,美利信,通信设备,通信设备,/home/peanut/stock_key_info/all_stocks_20260606/TMT/通信设备/美利信.csv
301308,江波龙,半导体,半导体,/home/peanut/stock_key_info/all_stocks_20260606/TMT/半导体/江波龙.csv
301309,万得凯,通用设备,通用设备,/home/peanut/stock_key_info/all_stocks_20260606/TMT/通用设备/万得凯.csv
301310,鑫宏业,汽车零部件,汽车零部件,/home/peanut/stock_key_info/all_stocks_20260606/工业制造/汽车零部件/鑫宏业.csv
301311,昆船智能,通用设备,通用设备,/home/peanut/stock_key_info/all_stocks_20260606/TMT/通用设备/昆船智能.csv
301312,智立方,自动化设备,专用设备,/home/peanut/stock_key_info/all_stocks_20260606/工业制造/专用设备/智立方.csv
301315,威士顿,软件开发,软件开发,/home/peanut/stock_key_info/all_stocks_20260606/TMT/软件开发/威士顿.csv
301314,科瑞思,通信设备,通信设备,/home/peanut/stock_key_info/all_stocks_20260606/TMT/通信设备/科瑞思.csv
301313,凡拓数创,数字媒体,文化传媒,/home/peanut/stock_key_info/all_stocks_20260606/衣食住行/文化传媒/凡拓数创.csv
301316,慧博云通,IT服务Ⅱ,软件开发,/home/peanut/stock_key_info/all_stocks_20260606/TMT/软件开发/慧博云通.csv
301317,鑫磊股份,通用设备,通用设备,/home/peanut/stock_key_info/all_stocks_20260606/TMT/通用设备/鑫磊股份.csv
301319,唯特偶,电子化学品Ⅱ,电子化学品,/home/peanut/stock_key_info/all_stocks_20260606/TMT/电子化学品/唯特偶.csv
301318,维海德,计算机设备,计算机设备,/home/peanut/stock_key_info/all_stocks_20260606/TMT/计算机设备/维海德.csv
301320,豪江智能,自动化设备,专用设备,/home/peanut/stock_key_info/all_stocks_20260606/工业制造/专用设备/豪江智能.csv
301323,新莱福,金属新材料,小金属,/home/peanut/stock_key_info/all_stocks_20260606/能源/小金属/新莱福.csv
301321,翰博高新,光学光电子,光学光电子,/home/peanut/stock_key_info/all_stocks_20260606/工业制造/光学光电子/翰博高新.csv
301322,绿通科技,摩托车及其他,汽车整车,/home/peanut/stock_key_info/all_stocks_20260606/工业制造/汽车整车/绿通科技.csv
301325,曼恩斯特,电池,电池,/home/peanut/stock_key_info/all_stocks_20260606/能源/电池/曼恩斯特.csv
301326,捷邦科技,消费电子,消费电子,/home/peanut/stock_key_info/all_stocks_20260606/工业制造/消费电子/捷邦科技.csv
301328,维峰电子,其他电子Ⅱ,消费电子,/home/peanut/stock_key_info/all_stocks_20260606/工业制造/消费电子/维峰电子.csv
301327,华宝新能,电池,电池,/home/peanut/stock_key_info/all_stocks_20260606/能源/电池/华宝新能.csv
301329,信音电子,消费电子,消费电子,/home/peanut/stock_key_info/all_stocks_20260606/工业制造/消费电子/信音电子.csv
301331,恩威医药,中药Ⅱ,中药,/home/peanut/stock_key_info/all_stocks_20260606/医药/中药/恩威医药.csv
301330,熵基科技,计算机设备,计算机设备,/home/peanut/stock_key_info/all_stocks_20260606/TMT/计算机设备/熵基科技.csv
301332,德尔玛,小家电,家电行业,/home/peanut/stock_key_info/all_stocks_20260606/衣食住行/家电行业/德尔玛.csv
301333,诺思格,医疗服务,医疗服务,/home/peanut/stock_key_info/all_stocks_20260606/医药/医疗服务/诺思格.csv
301335,天元宠物,文娱用品,家用轻工,/home/peanut/stock_key_info/all_stocks_20260606/衣食住行/家用轻工/天元宠物.csv
301337,亚华电子,软件开发,软件开发,/home/peanut/stock_key_info/all_stocks_20260606/TMT/软件开发/亚华电子.csv
301336,趣睡科技,家居用品,家用轻工,/home/peanut/stock_key_info/all_stocks_20260606/衣食住行/家用轻工/趣睡科技.csv
301338,凯格精机,专用设备,专用设备,/home/peanut/stock_key_info/all_stocks_20260606/工业制造/专用设备/凯格精机.csv
301339,通行宝,计算机设备,计算机设备,/home/peanut/stock_key_info/all_stocks_20260606/TMT/计算机设备/通行宝.csv
301345,涛涛车业,摩托车及其他,汽车整车,/home/peanut/stock_key_info/all_stocks_20260606/工业制造/汽车整车/涛涛车业.csv
301348,蓝箭电子,半导体,半导体,/home/peanut/stock_key_info/all_stocks_20260606/TMT/半导体/蓝箭电子.csv
301349,信德新材,电池,电池,/home/peanut/stock_key_info/all_stocks_20260606/能源/电池/信德新材.csv
301353,普莱得,通用设备,通用设备,/home/peanut/stock_key_info/all_stocks_20260606/TMT/通用设备/普莱得.csv
301355,南王科技,包装印刷,造纸印刷,/home/peanut/stock_key_info/all_stocks_20260606/旧基建/造纸印刷/南王科技.csv
301356,天振股份,家居用品,家用轻工,/home/peanut/stock_key_info/all_stocks_20260606/衣食住行/家用轻工/天振股份.csv
301357,北方长龙,地面兵装Ⅱ,航天航空,/home/peanut/stock_key_info/all_stocks_20260606/航天航空/北方长龙.csv
301358,湖南裕能,电池,电池,/home/peanut/stock_key_info/all_stocks_20260606/能源/电池/湖南裕能.csv
301359,东南电子,其他电子Ⅱ,消费电子,/home/peanut/stock_key_info/all_stocks_20260606/工业制造/消费电子/东南电子.csv
301360,荣旗科技,通用设备,通用设备,/home/peanut/stock_key_info/all_stocks_20260606/TMT/通用设备/荣旗科技.csv
301361,众智科技,电网设备,电网设备,/home/peanut/stock_key_info/all_stocks_20260606/能源/电网设备/众智科技.csv
301362,民爆光电,照明设备Ⅱ,光学光电子,/home/peanut/stock_key_info/all_stocks_20260606/工业制造/光学光电子/民爆光电.csv
301363,美好医疗,医疗器械,医疗器械,/home/peanut/stock_key_info/all_stocks_20260606/医药/医疗器械/美好医疗.csv
301365,矩阵股份,工程咨询服务Ⅱ,工程咨询服务,/home/peanut/stock_key_info/all_stocks_20260606/旧基建/工程咨询服务/矩阵股份.csv
301366,一博科技,元件,电子元件,/home/peanut/stock_key_info/all_stocks_20260606/TMT/电子元件/一博科技.csv
301367,瑞迈特,医疗器械,医疗器械,/home/peanut/stock_key_info/all_stocks_20260606/医药/医疗器械/瑞迈特.csv
301368,丰立智能,通用设备,通用设备,/home/peanut/stock_key_info/all_stocks_20260606/TMT/通用设备/丰立智能.csv
301369,联动科技,半导体,半导体,/home/peanut/stock_key_info/all_stocks_20260606/TMT/半导体/联动科技.csv
301370,国科恒泰,医疗器械,医疗器械,/home/peanut/stock_key_info/all_stocks_20260606/医药/医疗器械/国科恒泰.csv
301371,敷尔佳,化妆品,美容护理,/home/peanut/stock_key_info/all_stocks_20260606/衣食住行/美容护理/敷尔佳.csv
301372,科净源,环境治理,环保行业,/home/peanut/stock_key_info/all_stocks_20260606/衣食住行/环保行业/科净源.csv
301373,凌玮科技,化学制品,化学制品,/home/peanut/stock_key_info/all_stocks_20260606/化工行业/化学制品/凌玮科技.csv
301376,致欧科技,家居用品,家用轻工,/home/peanut/stock_key_info/all_stocks_20260606/衣食住行/家用轻工/致欧科技.csv
301377,鼎泰高科,通用设备,通用设备,/home/peanut/stock_key_info/all_stocks_20260606/TMT/通用设备/鼎泰高科.csv
301378,通达海,软件开发,软件开发,/home/peanut/stock_key_info/all_stocks_20260606/TMT/软件开发/通达海.csv
301379,天山电子,光学光电子,光学光电子,/home/peanut/stock_key_info/all_stocks_20260606/工业制造/光学光电子/天山电子.csv
301380,挖金客,通信服务,通信服务,/home/peanut/stock_key_info/all_stocks_20260606/TMT/通信服务/挖金客.csv
301381,赛维时代,互联网电商,互联网服务,/home/peanut/stock_key_info/all_stocks_20260606/TMT/互联网服务/赛维时代.csv
301382,蜂助手,通信服务,通信服务,/home/peanut/stock_key_info/all_stocks_20260606/TMT/通信服务/蜂助手.csv
301383,天键股份,消费电子,消费电子,/home/peanut/stock_key_info/all_stocks_20260606/工业制造/消费电子/天键股份.csv
301386,未来电器,电网设备,电网设备,/home/peanut/stock_key_info/all_stocks_20260606/能源/电网设备/未来电器.csv
301387,光大同创,消费电子,消费电子,/home/peanut/stock_key_info/all_stocks_20260606/工业制造/消费电子/光大同创.csv
301388,欣灵电气,电网设备,电网设备,/home/peanut/stock_key_info/all_stocks_20260606/能源/电网设备/欣灵电气.csv
301389,隆扬电子,消费电子,消费电子,/home/peanut/stock_key_info/all_stocks_20260606/工业制造/消费电子/隆扬电子.csv
301390,经纬股份,工程咨询服务Ⅱ,工程咨询服务,/home/peanut/stock_key_info/all_stocks_20260606/旧基建/工程咨询服务/经纬股份.csv
301391,卡莱特,计算机设备,计算机设备,/home/peanut/stock_key_info/all_stocks_20260606/TMT/计算机设备/卡莱特.csv
301392,汇成真空,专用设备,专用设备,/home/peanut/stock_key_info/all_stocks_20260606/工业制造/专用设备/汇成真空.csv
301393,昊帆生物,生物制品,生物制品,/home/peanut/stock_key_info/all_stocks_20260606/医药/生物制品/昊帆生物.csv
301395,仁信新材,塑料,塑料制品,/home/peanut/stock_key_info/all_stocks_20260606/化工行业/塑料制品/仁信新材.csv
301396,宏景科技,IT服务Ⅱ,软件开发,/home/peanut/stock_key_info/all_stocks_20260606/TMT/软件开发/宏景科技.csv
301398,星源卓镁,汽车零部件,汽车零部件,/home/peanut/stock_key_info/all_stocks_20260606/工业制造/汽车零部件/星源卓镁.csv
301397,溯联股份,汽车零部件,汽车零部件,/home/peanut/stock_key_info/all_stocks_20260606/工业制造/汽车零部件/溯联股份.csv
301399,英特科技,通用设备,通用设备,/home/peanut/stock_key_info/all_stocks_20260606/TMT/通用设备/英特科技.csv
301408,华人健康,医药商业,医药商业,/home/peanut/stock_key_info/all_stocks_20260606/医药/医药商业/华人健康.csv
301413,安培龙,通用设备,通用设备,/home/peanut/stock_key_info/all_stocks_20260606/TMT/通用设备/安培龙.csv
301418,协昌科技,自动化设备,专用设备,/home/peanut/stock_key_info/all_stocks_20260606/工业制造/专用设备/协昌科技.csv
301419,阿莱德,通信设备,通信设备,/home/peanut/stock_key_info/all_stocks_20260606/TMT/通信设备/阿莱德.csv
301421,波长光电,光学光电子,光学光电子,/home/peanut/stock_key_info/all_stocks_20260606/工业制造/光学光电子/波长光电.csv
301428,世纪恒通,通信服务,通信服务,/home/peanut/stock_key_info/all_stocks_20260606/TMT/通信服务/世纪恒通.csv
301439,泓淋电力,电网设备,电网设备,/home/peanut/stock_key_info/all_stocks_20260606/能源/电网设备/泓淋电力.csv
301429,森泰股份,装修建材,装修建材,/home/peanut/stock_key_info/all_stocks_20260606/旧基建/装修建材/森泰股份.csv
301446,福事特,工程机械,工程机械,/home/peanut/stock_key_info/all_stocks_20260606/旧基建/工程机械/福事特.csv
301448,开创电气,通用设备,通用设备,/home/peanut/stock_key_info/all_stocks_20260606/TMT/通用设备/开创电气.csv
301449,天溯计量,专业服务,专业服务,/home/peanut/stock_key_info/all_stocks_20260606/工业制造/专业服务/天溯计量.csv
301456,盘古智能,风电设备,风电设备,/home/peanut/stock_key_info/all_stocks_20260606/能源/风电设备/盘古智能.csv
301458,钧崴电子,元件,电子元件,/home/peanut/stock_key_info/all_stocks_20260606/TMT/电子元件/钧崴电子.csv
300225,金力泰,化学制品,化学制品,/home/peanut/stock_key_info/all_stocks_20260606/化工行业/化学制品/金力泰.csv
003032,传智教育,教育,教育,/home/peanut/stock_key_info/all_stocks_20260606/衣食住行/教育/传智教育.csv
301459,丰茂股份,橡胶,橡胶制品,/home/peanut/stock_key_info/all_stocks_20260606/能源/橡胶制品/丰茂股份.csv
301468,博盈特焊,通用设备,通用设备,/home/peanut/stock_key_info/all_stocks_20260606/TMT/通用设备/博盈特焊.csv
301469,恒达新材,造纸,造纸印刷,/home/peanut/stock_key_info/all_stocks_20260606/旧基建/造纸印刷/恒达新材.csv
301479,弘景光电,光学光电子,光学光电子,/home/peanut/stock_key_info/all_stocks_20260606/工业制造/光学光电子/弘景光电.csv
301486,致尚科技,消费电子,消费电子,/home/peanut/stock_key_info/all_stocks_20260606/工业制造/消费电子/致尚科技.csv
301487,盟固利,电池,电池,/home/peanut/stock_key_info/all_stocks_20260606/能源/电池/盟固利.csv
301488,豪恩汽电,汽车零部件,汽车零部件,/home/peanut/stock_key_info/all_stocks_20260606/工业制造/汽车零部件/豪恩汽电.csv
301489,思泉新材,电子化学品Ⅱ,电子化学品,/home/peanut/stock_key_info/all_stocks_20260606/TMT/电子化学品/思泉新材.csv
301491,汉桑科技,消费电子,消费电子,/home/peanut/stock_key_info/all_stocks_20260606/工业制造/消费电子/汉桑科技.csv
301498,乖宝宠物,饲料,农牧饲渔,/home/peanut/stock_key_info/all_stocks_20260606/衣食住行/农牧饲渔/乖宝宠物.csv
301499,维科精密,汽车零部件,汽车零部件,/home/peanut/stock_key_info/all_stocks_20260606/工业制造/汽车零部件/维科精密.csv
301500,飞南资源,环境治理,环保行业,/home/peanut/stock_key_info/all_stocks_20260606/衣食住行/环保行业/飞南资源.csv
301501,恒鑫生活,家居用品,家用轻工,/home/peanut/stock_key_info/all_stocks_20260606/衣食住行/家用轻工/恒鑫生活.csv
301502,华阳智能,电机Ⅱ,电机,/home/peanut/stock_key_info/all_stocks_20260606/工业制造/电机/华阳智能.csv
301503,智迪科技,计算机设备,计算机设备,/home/peanut/stock_key_info/all_stocks_20260606/TMT/计算机设备/智迪科技.csv
301505,苏州规划,工程咨询服务Ⅱ,工程咨询服务,/home/peanut/stock_key_info/all_stocks_20260606/旧基建/工程咨询服务/苏州规划.csv
301507,民生健康,化学制药,化学制药,/home/peanut/stock_key_info/all_stocks_20260606/医药/化学制药/民生健康.csv
301508,中机认检,专业服务,专业服务,/home/peanut/stock_key_info/all_stocks_20260606/工业制造/专业服务/中机认检.csv
301509,金凯生科,医疗服务,医疗服务,/home/peanut/stock_key_info/all_stocks_20260606/医药/医疗服务/金凯生科.csv
301510,固高科技,自动化设备,专用设备,/home/peanut/stock_key_info/all_stocks_20260606/工业制造/专用设备/固高科技.csv
301511,德福科技,电池,电池,/home/peanut/stock_key_info/all_stocks_20260606/能源/电池/德福科技.csv
301512,智信精密,自动化设备,专用设备,/home/peanut/stock_key_info/all_stocks_20260606/工业制造/专用设备/智信精密.csv
301513,尚水智能,电池,电池,/home/peanut/stock_key_info/all_stocks_20260606/能源/电池/尚水智能.csv
301515,港通医疗,医疗器械,医疗器械,/home/peanut/stock_key_info/all_stocks_20260606/医药/医疗器械/港通医疗.csv
301516,中远通,其他电源设备Ⅱ,电源设备,/home/peanut/stock_key_info/all_stocks_20260606/能源/电源设备/中远通.csv
301517,陕西华达,军工电子Ⅱ,航天航空,/home/peanut/stock_key_info/all_stocks_20260606/航天航空/陕西华达.csv
301518,长华化学,化学制品,化学制品,/home/peanut/stock_key_info/all_stocks_20260606/化工行业/化学制品/长华化学.csv
301519,舜禹股份,环境治理,环保行业,/home/peanut/stock_key_info/all_stocks_20260606/衣食住行/环保行业/舜禹股份.csv
301520,万邦医药,医疗服务,医疗服务,/home/peanut/stock_key_info/all_stocks_20260606/医药/医疗服务/万邦医药.csv
301522,上大股份,金属新材料,小金属,/home/peanut/stock_key_info/all_stocks_20260606/能源/小金属/上大股份.csv
301525,儒竞科技,通用设备,通用设备,/home/peanut/stock_key_info/all_stocks_20260606/TMT/通用设备/儒竞科技.csv
301526,国际复材,玻璃玻纤,玻璃玻纤,/home/peanut/stock_key_info/all_stocks_20260606/能源/玻璃玻纤/国际复材.csv
301528,多浦乐,通用设备,通用设备,/home/peanut/stock_key_info/all_stocks_20260606/TMT/通用设备/多浦乐.csv
301529,福赛科技,汽车零部件,汽车零部件,/home/peanut/stock_key_info/all_stocks_20260606/工业制造/汽车零部件/福赛科技.csv
301531,春光集团,金属新材料,小金属,/home/peanut/stock_key_info/all_stocks_20260606/能源/小金属/春光集团.csv
301533,威马农机,专用设备,专用设备,/home/peanut/stock_key_info/all_stocks_20260606/工业制造/专用设备/威马农机.csv
301535,浙江华远,汽车零部件,汽车零部件,/home/peanut/stock_key_info/all_stocks_20260606/工业制造/汽车零部件/浙江华远.csv
301536,星宸科技,半导体,半导体,/home/peanut/stock_key_info/all_stocks_20260606/TMT/半导体/星宸科技.csv
301538,骏鼎达,塑料,塑料制品,/home/peanut/stock_key_info/all_stocks_20260606/化工行业/塑料制品/骏鼎达.csv
301539,宏鑫科技,汽车零部件,汽车零部件,/home/peanut/stock_key_info/all_stocks_20260606/工业制造/汽车零部件/宏鑫科技.csv
301548,崇德科技,通用设备,通用设备,/home/peanut/stock_key_info/all_stocks_20260606/TMT/通用设备/崇德科技.csv
301550,斯菱智驱,汽车零部件,汽车零部件,/home/peanut/stock_key_info/all_stocks_20260606/工业制造/汽车零部件/斯菱智驱.csv
301551,无线传媒,电视广播Ⅱ,文化传媒,/home/peanut/stock_key_info/all_stocks_20260606/衣食住行/文化传媒/无线传媒.csv
301552,科力装备,汽车零部件,汽车零部件,/home/peanut/stock_key_info/all_stocks_20260606/工业制造/汽车零部件/科力装备.csv
301555,惠柏新材,塑料,塑料制品,/home/peanut/stock_key_info/all_stocks_20260606/化工行业/塑料制品/惠柏新材.csv
301556,托普云农,IT服务Ⅱ,软件开发,/home/peanut/stock_key_info/all_stocks_20260606/TMT/软件开发/托普云农.csv
301557,常友科技,风电设备,风电设备,/home/peanut/stock_key_info/all_stocks_20260606/能源/风电设备/常友科技.csv
301558,三态股份,互联网电商,互联网服务,/home/peanut/stock_key_info/all_stocks_20260606/TMT/互联网服务/三态股份.csv
301559,中集环科,通用设备,通用设备,/home/peanut/stock_key_info/all_stocks_20260606/TMT/通用设备/中集环科.csv
301560,众捷汽车,汽车零部件,汽车零部件,/home/peanut/stock_key_info/all_stocks_20260606/工业制造/汽车零部件/众捷汽车.csv
301563,云汉芯城,其他电子Ⅱ,消费电子,/home/peanut/stock_key_info/all_stocks_20260606/工业制造/消费电子/云汉芯城.csv
301566,达利凯普,元件,电子元件,/home/peanut/stock_key_info/all_stocks_20260606/TMT/电子元件/达利凯普.csv
301565,中仑新材,塑料,塑料制品,/home/peanut/stock_key_info/all_stocks_20260606/化工行业/塑料制品/中仑新材.csv
301567,贝隆精密,消费电子,消费电子,/home/peanut/stock_key_info/all_stocks_20260606/工业制造/消费电子/贝隆精密.csv
301568,思泰克,自动化设备,专用设备,/home/peanut/stock_key_info/all_stocks_20260606/工业制造/专用设备/思泰克.csv
301571,国科天成,军工电子Ⅱ,航天航空,/home/peanut/stock_key_info/all_stocks_20260606/航天航空/国科天成.csv
301575,艾芬达,家居用品,家用轻工,/home/peanut/stock_key_info/all_stocks_20260606/衣食住行/家用轻工/艾芬达.csv
301577,美信科技,通信设备,通信设备,/home/peanut/stock_key_info/all_stocks_20260606/TMT/通信设备/美信科技.csv
301578,辰奕智能,黑色家电,家电行业,/home/peanut/stock_key_info/all_stocks_20260606/衣食住行/家电行业/辰奕智能.csv
301580,爱迪特,医疗器械,医疗器械,/home/peanut/stock_key_info/all_stocks_20260606/医药/医疗器械/爱迪特.csv
301581,黄山谷捷,汽车零部件,汽车零部件,/home/peanut/stock_key_info/all_stocks_20260606/工业制造/汽车零部件/黄山谷捷.csv
301584,建发致新,医药商业,医药商业,/home/peanut/stock_key_info/all_stocks_20260606/医药/医药商业/建发致新.csv
301585,蓝宇股份,化学制品,化学制品,/home/peanut/stock_key_info/all_stocks_20260606/化工行业/化学制品/蓝宇股份.csv
301587,中瑞股份,电池,电池,/home/peanut/stock_key_info/all_stocks_20260606/能源/电池/中瑞股份.csv
301586,佳力奇,航空装备Ⅱ,航天航空,/home/peanut/stock_key_info/all_stocks_20260606/航天航空/佳力奇.csv
301588,美新科技,家居用品,家用轻工,/home/peanut/stock_key_info/all_stocks_20260606/衣食住行/家用轻工/美新科技.csv
301589,诺瓦星云,计算机设备,计算机设备,/home/peanut/stock_key_info/all_stocks_20260606/TMT/计算机设备/诺瓦星云.csv
301590,优优绿能,其他电源设备Ⅱ,电源设备,/home/peanut/stock_key_info/all_stocks_20260606/能源/电源设备/优优绿能.csv
301591,肯特股份,塑料,塑料制品,/home/peanut/stock_key_info/all_stocks_20260606/化工行业/塑料制品/肯特股份.csv
301592,六九一二,军工电子Ⅱ,航天航空,/home/peanut/stock_key_info/all_stocks_20260606/航天航空/六九一二.csv
301595,太力科技,家居用品,家用轻工,/home/peanut/stock_key_info/all_stocks_20260606/衣食住行/家用轻工/太力科技.csv
301596,瑞迪智驱,通用设备,通用设备,/home/peanut/stock_key_info/all_stocks_20260606/TMT/通用设备/瑞迪智驱.csv
301598,博科测试,专用设备,专用设备,/home/peanut/stock_key_info/all_stocks_20260606/工业制造/专用设备/博科测试.csv
301599,理奇智能,自动化设备,专用设备,/home/peanut/stock_key_info/all_stocks_20260606/工业制造/专用设备/理奇智能.csv
301600,慧翰股份,计算机设备,计算机设备,/home/peanut/stock_key_info/all_stocks_20260606/TMT/计算机设备/慧翰股份.csv
301602,超研股份,医疗器械,医疗器械,/home/peanut/stock_key_info/all_stocks_20260606/医药/医疗器械/超研股份.csv
301601,惠通科技,专用设备,专用设备,/home/peanut/stock_key_info/all_stocks_20260606/工业制造/专用设备/惠通科技.csv
301603,乔锋智能,通用设备,通用设备,/home/peanut/stock_key_info/all_stocks_20260606/TMT/通用设备/乔锋智能.csv
301606,绿联科技,消费电子,消费电子,/home/peanut/stock_key_info/all_stocks_20260606/工业制造/消费电子/绿联科技.csv
301607,富特科技,汽车零部件,汽车零部件,/home/peanut/stock_key_info/all_stocks_20260606/工业制造/汽车零部件/富特科技.csv
301608,博实结,计算机设备,计算机设备,/home/peanut/stock_key_info/all_stocks_20260606/TMT/计算机设备/博实结.csv
301609,山大电力,电网设备,电网设备,/home/peanut/stock_key_info/all_stocks_20260606/能源/电网设备/山大电力.csv
301611,珂玛科技,半导体,半导体,/home/peanut/stock_key_info/all_stocks_20260606/TMT/半导体/珂玛科技.csv
301613,新铝时代,汽车零部件,汽车零部件,/home/peanut/stock_key_info/all_stocks_20260606/工业制造/汽车零部件/新铝时代.csv
301616,浙江华业,通用设备,通用设备,/home/peanut/stock_key_info/all_stocks_20260606/TMT/通用设备/浙江华业.csv
301618,长联科技,化学制品,化学制品,/home/peanut/stock_key_info/all_stocks_20260606/化工行业/化学制品/长联科技.csv
301617,博苑新材,化学制品,化学制品,/home/peanut/stock_key_info/all_stocks_20260606/化工行业/化学制品/博苑新材.csv
301622,英思特,金属新材料,小金属,/home/peanut/stock_key_info/all_stocks_20260606/能源/小金属/英思特.csv
301626,苏州天脉,消费电子,消费电子,/home/peanut/stock_key_info/all_stocks_20260606/工业制造/消费电子/苏州天脉.csv
301629,矽电股份,半导体,半导体,/home/peanut/stock_key_info/all_stocks_20260606/TMT/半导体/矽电股份.csv
301628,强达电路,元件,电子元件,/home/peanut/stock_key_info/all_stocks_20260606/TMT/电子元件/强达电路.csv
301631,壹连科技,汽车零部件,汽车零部件,/home/peanut/stock_key_info/all_stocks_20260606/工业制造/汽车零部件/壹连科技.csv
301630,同宇新材,电子化学品Ⅱ,电子化学品,/home/peanut/stock_key_info/all_stocks_20260606/TMT/电子化学品/同宇新材.csv
301632,广东建科,专业服务,专业服务,/home/peanut/stock_key_info/all_stocks_20260606/工业制造/专业服务/广东建科.csv
301633,港迪技术,自动化设备,专用设备,/home/peanut/stock_key_info/all_stocks_20260606/工业制造/专用设备/港迪技术.csv
301636,泽润新能,光伏设备,光伏设备,/home/peanut/stock_key_info/all_stocks_20260606/能源/光伏设备/泽润新能.csv
301638,南网数字,IT服务Ⅱ,软件开发,/home/peanut/stock_key_info/all_stocks_20260606/TMT/软件开发/南网数字.csv
301656,联合动力,汽车零部件,汽车零部件,/home/peanut/stock_key_info/all_stocks_20260606/工业制造/汽车零部件/联合动力.csv
301658,首航新能,光伏设备,光伏设备,/home/peanut/stock_key_info/all_stocks_20260606/能源/光伏设备/首航新能.csv
301662,宏工科技,电池,电池,/home/peanut/stock_key_info/all_stocks_20260606/能源/电池/宏工科技.csv
301665,泰禾股份,农化制品,农药兽药,/home/peanut/stock_key_info/all_stocks_20260606/化工行业/农药兽药/泰禾股份.csv
301666,大普微-UW,计算机设备,计算机设备,/home/peanut/stock_key_info/all_stocks_20260606/TMT/计算机设备/大普微-UW.csv
301667,纳百川,汽车零部件,汽车零部件,/home/peanut/stock_key_info/all_stocks_20260606/工业制造/汽车零部件/纳百川.csv
301668,昊创瑞通,电网设备,电网设备,/home/peanut/stock_key_info/all_stocks_20260606/能源/电网设备/昊创瑞通.csv
301669,C高特电子,其他电源设备Ⅱ,电源设备,/home/peanut/stock_key_info/all_stocks_20260606/能源/电源设备/C高特电子.csv
301678,新恒汇,半导体,半导体,/home/peanut/stock_key_info/all_stocks_20260606/TMT/半导体/新恒汇.csv
301680,固德电材,汽车零部件,汽车零部件,/home/peanut/stock_key_info/all_stocks_20260606/工业制造/汽车零部件/固德电材.csv
301682,宏明电子,军工电子Ⅱ,航天航空,/home/peanut/stock_key_info/all_stocks_20260606/航天航空/宏明电子.csv
301683,慧谷新材,化学制品,化学制品,/home/peanut/stock_key_info/all_stocks_20260606/化工行业/化学制品/慧谷新材.csv
301696,三瑞智能,航空装备Ⅱ,航天航空,/home/peanut/stock_key_info/all_stocks_20260606/航天航空/三瑞智能.csv
301687,新广益,塑料,塑料制品,/home/peanut/stock_key_info/all_stocks_20260606/化工行业/塑料制品/新广益.csv
302132,中航成飞,军工电子Ⅱ,航天航空,/home/peanut/stock_key_info/all_stocks_20260606/航天航空/中航成飞.csv
600000,浦发银行,银行Ⅱ,银行,/home/peanut/stock_key_info/all_stocks_20260606/金融/银行/浦发银行.csv
600006,东风股份,商用车,汽车整车,/home/peanut/stock_key_info/all_stocks_20260606/工业制造/汽车整车/东风股份.csv
600004,白云机场,航空机场,航空机场,/home/peanut/stock_key_info/all_stocks_20260606/衣食住行/航空机场/白云机场.csv
600007,中国国贸,房地产开发,房地产开发,/home/peanut/stock_key_info/all_stocks_20260606/旧基建/房地产开发/中国国贸.csv
600008,首创环保,环境治理,环保行业,/home/peanut/stock_key_info/all_stocks_20260606/衣食住行/环保行业/首创环保.csv
600009,上海机场,航空机场,航空机场,/home/peanut/stock_key_info/all_stocks_20260606/衣食住行/航空机场/上海机场.csv
600010,包钢股份,普钢,钢铁行业,/home/peanut/stock_key_info/all_stocks_20260606/能源/钢铁行业/包钢股份.csv
600011,华能国际,电力,电力行业,/home/peanut/stock_key_info/all_stocks_20260606/电力行业/华能国际.csv
600012,皖通高速,铁路公路,铁路公路,/home/peanut/stock_key_info/all_stocks_20260606/旧基建/铁路公路/皖通高速.csv
600015,华夏银行,银行Ⅱ,银行,/home/peanut/stock_key_info/all_stocks_20260606/金融/银行/华夏银行.csv
600016,民生银行,银行Ⅱ,银行,/home/peanut/stock_key_info/all_stocks_20260606/金融/银行/民生银行.csv
600017,日照港,航运港口,航运港口,/home/peanut/stock_key_info/all_stocks_20260606/航运物流/航运港口/日照港.csv
600018,上港集团,航运港口,航运港口,/home/peanut/stock_key_info/all_stocks_20260606/航运物流/航运港口/上港集团.csv
600019,宝钢股份,普钢,钢铁行业,/home/peanut/stock_key_info/all_stocks_20260606/能源/钢铁行业/宝钢股份.csv
600020,中原高速,铁路公路,铁路公路,/home/peanut/stock_key_info/all_stocks_20260606/旧基建/铁路公路/中原高速.csv
600021,上海电力,电力,电力行业,/home/peanut/stock_key_info/all_stocks_20260606/电力行业/上海电力.csv
600022,山东钢铁,普钢,钢铁行业,/home/peanut/stock_key_info/all_stocks_20260606/能源/钢铁行业/山东钢铁.csv
600023,浙能电力,电力,电力行业,/home/peanut/stock_key_info/all_stocks_20260606/电力行业/浙能电力.csv
600025,华能水电,电力,电力行业,/home/peanut/stock_key_info/all_stocks_20260606/电力行业/华能水电.csv
600026,中远海能,航运港口,航运港口,/home/peanut/stock_key_info/all_stocks_20260606/航运物流/航运港口/中远海能.csv
600027,华电国际,电力,电力行业,/home/peanut/stock_key_info/all_stocks_20260606/电力行业/华电国际.csv
600028,中国石化,炼化及贸易,石油行业,/home/peanut/stock_key_info/all_stocks_20260606/能源/石油行业/中国石化.csv
600029,南方航空,航空机场,航空机场,/home/peanut/stock_key_info/all_stocks_20260606/衣食住行/航空机场/南方航空.csv
600031,三一重工,工程机械,工程机械,/home/peanut/stock_key_info/all_stocks_20260606/旧基建/工程机械/三一重工.csv
600030,中信证券,证券Ⅱ,证券,/home/peanut/stock_key_info/all_stocks_20260606/金融/证券/中信证券.csv
600032,XD浙江新,电力,电力行业,/home/peanut/stock_key_info/all_stocks_20260606/电力行业/XD浙江新.csv
600033,福建高速,铁路公路,铁路公路,/home/peanut/stock_key_info/all_stocks_20260606/旧基建/铁路公路/福建高速.csv
600035,楚天高速,铁路公路,铁路公路,/home/peanut/stock_key_info/all_stocks_20260606/旧基建/铁路公路/楚天高速.csv
600036,招商银行,银行Ⅱ,银行,/home/peanut/stock_key_info/all_stocks_20260606/金融/银行/招商银行.csv
600037,歌华有线,电视广播Ⅱ,文化传媒,/home/peanut/stock_key_info/all_stocks_20260606/衣食住行/文化传媒/歌华有线.csv
600038,中直股份,航空装备Ⅱ,航天航空,/home/peanut/stock_key_info/all_stocks_20260606/航天航空/中直股份.csv
600039,四川路桥,基础建设,工程建设,/home/peanut/stock_key_info/all_stocks_20260606/旧基建/工程建设/四川路桥.csv
600048,保利发展,房地产开发,房地产开发,/home/peanut/stock_key_info/all_stocks_20260606/旧基建/房地产开发/保利发展.csv
600050,中国联通,通信服务,通信服务,/home/peanut/stock_key_info/all_stocks_20260606/TMT/通信服务/中国联通.csv
600051,宁波联合,综合Ⅱ,综合行业,/home/peanut/stock_key_info/all_stocks_20260606/综合行业/宁波联合.csv
600052,东望时代,电力,电力行业,/home/peanut/stock_key_info/all_stocks_20260606/电力行业/东望时代.csv
600054,黄山旅游,旅游及景区,旅游酒店,/home/peanut/stock_key_info/all_stocks_20260606/衣食住行/旅游酒店/黄山旅游.csv
600055,万东医疗,医疗器械,医疗器械,/home/peanut/stock_key_info/all_stocks_20260606/医药/医疗器械/万东医疗.csv
600056,中国医药,医药商业,医药商业,/home/peanut/stock_key_info/all_stocks_20260606/医药/医药商业/中国医药.csv
600057,厦门象屿,物流,物流行业,/home/peanut/stock_key_info/all_stocks_20260606/航运物流/物流行业/厦门象屿.csv
600058,五矿发展,贸易Ⅱ,贸易行业,/home/peanut/stock_key_info/all_stocks_20260606/衣食住行/贸易行业/五矿发展.csv
600059,古越龙山,非白酒,酿酒行业,/home/peanut/stock_key_info/all_stocks_20260606/旧基建/酿酒行业/古越龙山.csv
600060,海信视像,黑色家电,家电行业,/home/peanut/stock_key_info/all_stocks_20260606/衣食住行/家电行业/海信视像.csv
600061,国投资本,多元金融,多元金融,/home/peanut/stock_key_info/all_stocks_20260606/金融/多元金融/国投资本.csv
600062,华润双鹤,化学制药,化学制药,/home/peanut/stock_key_info/all_stocks_20260606/医药/化学制药/华润双鹤.csv
600063,皖维高新,化学纤维,化纤行业,/home/peanut/stock_key_info/all_stocks_20260606/化工行业/化纤行业/皖维高新.csv
600064,南京高科,房地产开发,房地产开发,/home/peanut/stock_key_info/all_stocks_20260606/旧基建/房地产开发/南京高科.csv
600066,宇通客车,商用车,汽车整车,/home/peanut/stock_key_info/all_stocks_20260606/工业制造/汽车整车/宇通客车.csv
600067,冠城新材,电网设备,电网设备,/home/peanut/stock_key_info/all_stocks_20260606/能源/电网设备/冠城新材.csv
600071,凤凰光学,光学光电子,光学光电子,/home/peanut/stock_key_info/all_stocks_20260606/工业制造/光学光电子/凤凰光学.csv
600072,中船科技,风电设备,风电设备,/home/peanut/stock_key_info/all_stocks_20260606/能源/风电设备/中船科技.csv
600073,光明肉业,食品加工,食品饮料,/home/peanut/stock_key_info/all_stocks_20260606/衣食住行/食品饮料/光明肉业.csv
600075,新疆天业,化学原料,化学原料,/home/peanut/stock_key_info/all_stocks_20260606/化工行业/化学原料/新疆天业.csv
600076,康欣新材,包装印刷,造纸印刷,/home/peanut/stock_key_info/all_stocks_20260606/旧基建/造纸印刷/康欣新材.csv
600078,澄星股份,农化制品,农药兽药,/home/peanut/stock_key_info/all_stocks_20260606/化工行业/农药兽药/澄星股份.csv
600081,东风科技,汽车零部件,汽车零部件,/home/peanut/stock_key_info/all_stocks_20260606/工业制造/汽车零部件/东风科技.csv
600085,同仁堂,中药Ⅱ,中药,/home/peanut/stock_key_info/all_stocks_20260606/医药/中药/同仁堂.csv
600088,中视传媒,影视院线,文化传媒,/home/peanut/stock_key_info/all_stocks_20260606/衣食住行/文化传媒/中视传媒.csv
600089,特变电工,电网设备,电网设备,/home/peanut/stock_key_info/all_stocks_20260606/能源/电网设备/特变电工.csv
600094,大名城,房地产开发,房地产开发,/home/peanut/stock_key_info/all_stocks_20260606/旧基建/房地产开发/大名城.csv
600095,湘财股份,证券Ⅱ,证券,/home/peanut/stock_key_info/all_stocks_20260606/金融/证券/湘财股份.csv
600096,云天化,农化制品,农药兽药,/home/peanut/stock_key_info/all_stocks_20260606/化工行业/农药兽药/云天化.csv
600097,开创国际,渔业,农牧饲渔,/home/peanut/stock_key_info/all_stocks_20260606/衣食住行/农牧饲渔/开创国际.csv
600098,广州发展,电力,电力行业,/home/peanut/stock_key_info/all_stocks_20260606/电力行业/广州发展.csv
600099,林海股份,摩托车及其他,汽车整车,/home/peanut/stock_key_info/all_stocks_20260606/工业制造/汽车整车/林海股份.csv
600100,同方股份,计算机设备,计算机设备,/home/peanut/stock_key_info/all_stocks_20260606/TMT/计算机设备/同方股份.csv
600101,明星电力,电力,电力行业,/home/peanut/stock_key_info/all_stocks_20260606/电力行业/明星电力.csv
600103,青山纸业,造纸,造纸印刷,/home/peanut/stock_key_info/all_stocks_20260606/旧基建/造纸印刷/青山纸业.csv
600104,上汽集团,乘用车,汽车整车,/home/peanut/stock_key_info/all_stocks_20260606/工业制造/汽车整车/上汽集团.csv
600105,永鼎股份,通信设备,通信设备,/home/peanut/stock_key_info/all_stocks_20260606/TMT/通信设备/永鼎股份.csv
600106,重庆路桥,铁路公路,铁路公路,/home/peanut/stock_key_info/all_stocks_20260606/旧基建/铁路公路/重庆路桥.csv
600108,亚盛集团,种植业,农牧饲渔,/home/peanut/stock_key_info/all_stocks_20260606/衣食住行/农牧饲渔/亚盛集团.csv
600109,国金证券,证券Ⅱ,证券,/home/peanut/stock_key_info/all_stocks_20260606/金融/证券/国金证券.csv
600110,诺德股份,电池,电池,/home/peanut/stock_key_info/all_stocks_20260606/能源/电池/诺德股份.csv
600111,XD北方稀,小金属,小金属,/home/peanut/stock_key_info/all_stocks_20260606/能源/小金属/XD北方稀.csv
600113,浙江东日,一般零售,商业百货,/home/peanut/stock_key_info/all_stocks_20260606/衣食住行/商业百货/浙江东日.csv
600114,东睦股份,通用设备,通用设备,/home/peanut/stock_key_info/all_stocks_20260606/TMT/通用设备/东睦股份.csv
600115,中国东航,航空机场,航空机场,/home/peanut/stock_key_info/all_stocks_20260606/衣食住行/航空机场/中国东航.csv
600116,三峡水利,电力,电力行业,/home/peanut/stock_key_info/all_stocks_20260606/电力行业/三峡水利.csv
600117,西宁特钢,特钢Ⅱ,钢铁行业,/home/peanut/stock_key_info/all_stocks_20260606/能源/钢铁行业/西宁特钢.csv
600118,中国卫星,航天装备Ⅱ,航天航空,/home/peanut/stock_key_info/all_stocks_20260606/航天航空/中国卫星.csv
600120,浙江东方,多元金融,多元金融,/home/peanut/stock_key_info/all_stocks_20260606/金融/多元金融/浙江东方.csv
600121,郑州煤电,煤炭开采,煤炭行业,/home/peanut/stock_key_info/all_stocks_20260606/能源/煤炭行业/郑州煤电.csv
600123,兰花科创,煤炭开采,煤炭行业,/home/peanut/stock_key_info/all_stocks_20260606/能源/煤炭行业/兰花科创.csv
600125,铁龙物流,铁路公路,铁路公路,/home/peanut/stock_key_info/all_stocks_20260606/旧基建/铁路公路/铁龙物流.csv
600126,杭钢股份,普钢,钢铁行业,/home/peanut/stock_key_info/all_stocks_20260606/能源/钢铁行业/杭钢股份.csv
600127,金健米业,农产品加工,农牧饲渔,/home/peanut/stock_key_info/all_stocks_20260606/衣食住行/农牧饲渔/金健米业.csv
600128,苏豪弘业,贸易Ⅱ,贸易行业,/home/peanut/stock_key_info/all_stocks_20260606/衣食住行/贸易行业/苏豪弘业.csv
600129,太极集团,中药Ⅱ,中药,/home/peanut/stock_key_info/all_stocks_20260606/医药/中药/太极集团.csv
600130,波导股份,消费电子,消费电子,/home/peanut/stock_key_info/all_stocks_20260606/工业制造/消费电子/波导股份.csv
600131,国网信通,IT服务Ⅱ,软件开发,/home/peanut/stock_key_info/all_stocks_20260606/TMT/软件开发/国网信通.csv
600132,重庆啤酒,非白酒,酿酒行业,/home/peanut/stock_key_info/all_stocks_20260606/旧基建/酿酒行业/重庆啤酒.csv
600133,东湖高新,环境治理,环保行业,/home/peanut/stock_key_info/all_stocks_20260606/衣食住行/环保行业/东湖高新.csv
600135,乐凯胶片,塑料,塑料制品,/home/peanut/stock_key_info/all_stocks_20260606/化工行业/塑料制品/乐凯胶片.csv
600137,浪莎股份,服装家纺,纺织服装,/home/peanut/stock_key_info/all_stocks_20260606/衣食住行/纺织服装/浪莎股份.csv
600138,中青旅,旅游及景区,旅游酒店,/home/peanut/stock_key_info/all_stocks_20260606/衣食住行/旅游酒店/中青旅.csv
600141,兴发集团,农化制品,农药兽药,/home/peanut/stock_key_info/all_stocks_20260606/化工行业/农药兽药/兴发集团.csv
600143,金发科技,塑料,塑料制品,/home/peanut/stock_key_info/all_stocks_20260606/化工行业/塑料制品/金发科技.csv
600148,长春一东,汽车零部件,汽车零部件,/home/peanut/stock_key_info/all_stocks_20260606/工业制造/汽车零部件/长春一东.csv
600149,廊坊发展,电力,电力行业,/home/peanut/stock_key_info/all_stocks_20260606/电力行业/廊坊发展.csv
600150,中国船舶,航海装备Ⅱ,船舶制造,/home/peanut/stock_key_info/all_stocks_20260606/航运物流/船舶制造/中国船舶.csv
600151,航天机电,光伏设备,光伏设备,/home/peanut/stock_key_info/all_stocks_20260606/能源/光伏设备/航天机电.csv
600152,维科技术,电池,电池,/home/peanut/stock_key_info/all_stocks_20260606/能源/电池/维科技术.csv
600153,建发股份,物流,物流行业,/home/peanut/stock_key_info/all_stocks_20260606/航运物流/物流行业/建发股份.csv
600155,华创云信,证券Ⅱ,证券,/home/peanut/stock_key_info/all_stocks_20260606/金融/证券/华创云信.csv
600156,华升股份,纺织制造,纺织服装,/home/peanut/stock_key_info/all_stocks_20260606/衣食住行/纺织服装/华升股份.csv
600157,永泰能源,电力,电力行业,/home/peanut/stock_key_info/all_stocks_20260606/电力行业/永泰能源.csv
600158,中体产业,体育Ⅱ,文化传媒,/home/peanut/stock_key_info/all_stocks_20260606/衣食住行/文化传媒/中体产业.csv
600159,大龙地产,房地产开发,房地产开发,/home/peanut/stock_key_info/all_stocks_20260606/旧基建/房地产开发/大龙地产.csv
600160,XD巨化股,化学制品,化学制品,/home/peanut/stock_key_info/all_stocks_20260606/化工行业/化学制品/XD巨化股.csv
600161,天坛生物,生物制品,生物制品,/home/peanut/stock_key_info/all_stocks_20260606/医药/生物制品/天坛生物.csv
600162,香江控股,房地产开发,房地产开发,/home/peanut/stock_key_info/all_stocks_20260606/旧基建/房地产开发/香江控股.csv
600163,中闽能源,电力,电力行业,/home/peanut/stock_key_info/all_stocks_20260606/电力行业/中闽能源.csv
600166,福田汽车,商用车,汽车整车,/home/peanut/stock_key_info/all_stocks_20260606/工业制造/汽车整车/福田汽车.csv
600167,联美控股,电力,电力行业,/home/peanut/stock_key_info/all_stocks_20260606/电力行业/联美控股.csv
600168,武汉控股,环境治理,环保行业,/home/peanut/stock_key_info/all_stocks_20260606/衣食住行/环保行业/武汉控股.csv
600170,上海建工,房屋建设Ⅱ,工程建设,/home/peanut/stock_key_info/all_stocks_20260606/旧基建/工程建设/上海建工.csv
600171,上海贝岭,半导体,半导体,/home/peanut/stock_key_info/all_stocks_20260606/TMT/半导体/上海贝岭.csv
600172,黄河旋风,通用设备,通用设备,/home/peanut/stock_key_info/all_stocks_20260606/TMT/通用设备/黄河旋风.csv
600173,卧龙新能,房地产开发,房地产开发,/home/peanut/stock_key_info/all_stocks_20260606/旧基建/房地产开发/卧龙新能.csv
600176,中国巨石,玻璃玻纤,玻璃玻纤,/home/peanut/stock_key_info/all_stocks_20260606/能源/玻璃玻纤/中国巨石.csv
600177,雅戈尔,服装家纺,纺织服装,/home/peanut/stock_key_info/all_stocks_20260606/衣食住行/纺织服装/雅戈尔.csv
600178,东安动力,汽车零部件,汽车零部件,/home/peanut/stock_key_info/all_stocks_20260606/工业制造/汽车零部件/东安动力.csv
600179,安通控股,航运港口,航运港口,/home/peanut/stock_key_info/all_stocks_20260606/航运物流/航运港口/安通控股.csv
600182,S佳通,汽车零部件,汽车零部件,/home/peanut/stock_key_info/all_stocks_20260606/工业制造/汽车零部件/S佳通.csv
600183,生益科技,元件,电子元件,/home/peanut/stock_key_info/all_stocks_20260606/TMT/电子元件/生益科技.csv
600184,光电股份,地面兵装Ⅱ,航天航空,/home/peanut/stock_key_info/all_stocks_20260606/航天航空/光电股份.csv
600185,珠免集团,旅游零售Ⅱ,旅游酒店,/home/peanut/stock_key_info/all_stocks_20260606/衣食住行/旅游酒店/珠免集团.csv
600186,莲花控股,调味发酵品Ⅱ,食品饮料,/home/peanut/stock_key_info/all_stocks_20260606/衣食住行/食品饮料/莲花控股.csv
600188,兖矿能源,煤炭开采,煤炭行业,/home/peanut/stock_key_info/all_stocks_20260606/能源/煤炭行业/兖矿能源.csv
600189,泉阳泉,饮料乳品,食品饮料,/home/peanut/stock_key_info/all_stocks_20260606/衣食住行/食品饮料/泉阳泉.csv
600191,华资实业,农产品加工,农牧饲渔,/home/peanut/stock_key_info/all_stocks_20260606/衣食住行/农牧饲渔/华资实业.csv
600192,长城电工,电网设备,电网设备,/home/peanut/stock_key_info/all_stocks_20260606/能源/电网设备/长城电工.csv
600195,中牧股份,动物保健Ⅱ,农药兽药,/home/peanut/stock_key_info/all_stocks_20260606/化工行业/农药兽药/中牧股份.csv
600196,复星医药,化学制药,化学制药,/home/peanut/stock_key_info/all_stocks_20260606/医药/化学制药/复星医药.csv
600197,伊力特,白酒Ⅱ,酿酒行业,/home/peanut/stock_key_info/all_stocks_20260606/旧基建/酿酒行业/伊力特.csv
600198,大唐电信,通信设备,通信设备,/home/peanut/stock_key_info/all_stocks_20260606/TMT/通信设备/大唐电信.csv
600199,金种子酒,白酒Ⅱ,酿酒行业,/home/peanut/stock_key_info/all_stocks_20260606/旧基建/酿酒行业/金种子酒.csv
600201,生物股份,动物保健Ⅱ,农药兽药,/home/peanut/stock_key_info/all_stocks_20260606/化工行业/农药兽药/生物股份.csv
600202,哈空调,通用设备,通用设备,/home/peanut/stock_key_info/all_stocks_20260606/TMT/通用设备/哈空调.csv
600203,福日电子,消费电子,消费电子,/home/peanut/stock_key_info/all_stocks_20260606/工业制造/消费电子/福日电子.csv
600206,有研新材,半导体,半导体,/home/peanut/stock_key_info/all_stocks_20260606/TMT/半导体/有研新材.csv
600207,安彩高科,光伏设备,光伏设备,/home/peanut/stock_key_info/all_stocks_20260606/能源/光伏设备/安彩高科.csv
600208,衢州发展,房地产开发,房地产开发,/home/peanut/stock_key_info/all_stocks_20260606/旧基建/房地产开发/衢州发展.csv
600210,紫江企业,包装印刷,造纸印刷,/home/peanut/stock_key_info/all_stocks_20260606/旧基建/造纸印刷/紫江企业.csv
600211,西藏药业,生物制品,生物制品,/home/peanut/stock_key_info/all_stocks_20260606/医药/生物制品/西藏药业.csv
600212,绿能慧充,其他电源设备Ⅱ,电源设备,/home/peanut/stock_key_info/all_stocks_20260606/能源/电源设备/绿能慧充.csv
600215,派斯林,自动化设备,专用设备,/home/peanut/stock_key_info/all_stocks_20260606/工业制造/专用设备/派斯林.csv
600216,浙江医药,化学制药,化学制药,/home/peanut/stock_key_info/all_stocks_20260606/医药/化学制药/浙江医药.csv
600217,中再资环,环境治理,环保行业,/home/peanut/stock_key_info/all_stocks_20260606/衣食住行/环保行业/中再资环.csv
600218,全柴动力,汽车零部件,汽车零部件,/home/peanut/stock_key_info/all_stocks_20260606/工业制造/汽车零部件/全柴动力.csv
600219,南山铝业,工业金属,有色金属,/home/peanut/stock_key_info/all_stocks_20260606/能源/有色金属/南山铝业.csv
600221,海航控股,航空机场,航空机场,/home/peanut/stock_key_info/all_stocks_20260606/衣食住行/航空机场/海航控股.csv
600222,太龙药业,中药Ⅱ,中药,/home/peanut/stock_key_info/all_stocks_20260606/医药/中药/太龙药业.csv
600223,福瑞达,化妆品,美容护理,/home/peanut/stock_key_info/all_stocks_20260606/衣食住行/美容护理/福瑞达.csv
600226,亨通股份,电力,电力行业,/home/peanut/stock_key_info/all_stocks_20260606/电力行业/亨通股份.csv
600227,赤天化,农化制品,农药兽药,/home/peanut/stock_key_info/all_stocks_20260606/化工行业/农药兽药/赤天化.csv
600228,返利科技,数字媒体,文化传媒,/home/peanut/stock_key_info/all_stocks_20260606/衣食住行/文化传媒/返利科技.csv
600229,城市传媒,出版,文化传媒,/home/peanut/stock_key_info/all_stocks_20260606/衣食住行/文化传媒/城市传媒.csv
600230,沧州大化,化学制品,化学制品,/home/peanut/stock_key_info/all_stocks_20260606/化工行业/化学制品/沧州大化.csv
600231,凌钢股份,普钢,钢铁行业,/home/peanut/stock_key_info/all_stocks_20260606/能源/钢铁行业/凌钢股份.csv
600232,金鹰股份,专用设备,专用设备,/home/peanut/stock_key_info/all_stocks_20260606/工业制造/专用设备/金鹰股份.csv
300093,金刚光伏,光伏设备,光伏设备,/home/peanut/stock_key_info/all_stocks_20260606/能源/光伏设备/金刚光伏.csv
000504,南华生物,医疗服务,医疗服务,/home/peanut/stock_key_info/all_stocks_20260606/医药/医疗服务/南华生物.csv
000908,景峰医药,化学制药,化学制药,/home/peanut/stock_key_info/all_stocks_20260606/医药/化学制药/景峰医药.csv
600233,圆通速递,物流,物流行业,/home/peanut/stock_key_info/all_stocks_20260606/航运物流/物流行业/圆通速递.csv
600234,科新发展,装修装饰Ⅱ,装修装饰,/home/peanut/stock_key_info/all_stocks_20260606/旧基建/装修装饰/科新发展.csv
600235,民丰特纸,造纸,造纸印刷,/home/peanut/stock_key_info/all_stocks_20260606/旧基建/造纸印刷/民丰特纸.csv
600237,铜峰电子,元件,电子元件,/home/peanut/stock_key_info/all_stocks_20260606/TMT/电子元件/铜峰电子.csv
600236,桂冠电力,电力,电力行业,/home/peanut/stock_key_info/all_stocks_20260606/电力行业/桂冠电力.csv
600241,时代万恒,电池,电池,/home/peanut/stock_key_info/all_stocks_20260606/能源/电池/时代万恒.csv
600246,万通发展,房地产开发,房地产开发,/home/peanut/stock_key_info/all_stocks_20260606/旧基建/房地产开发/万通发展.csv
600248,陕建股份,房屋建设Ⅱ,工程建设,/home/peanut/stock_key_info/all_stocks_20260606/旧基建/工程建设/陕建股份.csv
600249,两面针,个护用品,美容护理,/home/peanut/stock_key_info/all_stocks_20260606/衣食住行/美容护理/两面针.csv
600250,南京商旅,贸易Ⅱ,贸易行业,/home/peanut/stock_key_info/all_stocks_20260606/衣食住行/贸易行业/南京商旅.csv
600251,冠农股份,农产品加工,农牧饲渔,/home/peanut/stock_key_info/all_stocks_20260606/衣食住行/农牧饲渔/冠农股份.csv
600252,中恒集团,中药Ⅱ,中药,/home/peanut/stock_key_info/all_stocks_20260606/医药/中药/中恒集团.csv
600255,鑫科材料,金属新材料,小金属,/home/peanut/stock_key_info/all_stocks_20260606/能源/小金属/鑫科材料.csv
600257,大湖股份,渔业,农牧饲渔,/home/peanut/stock_key_info/all_stocks_20260606/衣食住行/农牧饲渔/大湖股份.csv
600256,广汇能源,煤炭开采,煤炭行业,/home/peanut/stock_key_info/all_stocks_20260606/能源/煤炭行业/广汇能源.csv
600258,首旅酒店,酒店餐饮,旅游酒店,/home/peanut/stock_key_info/all_stocks_20260606/衣食住行/旅游酒店/首旅酒店.csv
600259,中稀有色,小金属,小金属,/home/peanut/stock_key_info/all_stocks_20260606/能源/小金属/中稀有色.csv
600262,北方股份,专用设备,专用设备,/home/peanut/stock_key_info/all_stocks_20260606/工业制造/专用设备/北方股份.csv
600261,阳光照明,照明设备Ⅱ,光学光电子,/home/peanut/stock_key_info/all_stocks_20260606/工业制造/光学光电子/阳光照明.csv
600266,城建发展,房地产开发,房地产开发,/home/peanut/stock_key_info/all_stocks_20260606/旧基建/房地产开发/城建发展.csv
600267,海正药业,化学制药,化学制药,/home/peanut/stock_key_info/all_stocks_20260606/医药/化学制药/海正药业.csv
600268,国电南自,电网设备,电网设备,/home/peanut/stock_key_info/all_stocks_20260606/能源/电网设备/国电南自.csv
600269,赣粤高速,铁路公路,铁路公路,/home/peanut/stock_key_info/all_stocks_20260606/旧基建/铁路公路/赣粤高速.csv
600271,航天信息,IT服务Ⅱ,软件开发,/home/peanut/stock_key_info/all_stocks_20260606/TMT/软件开发/航天信息.csv
600272,开开实业,医药商业,医药商业,/home/peanut/stock_key_info/all_stocks_20260606/医药/医药商业/开开实业.csv
600276,恒瑞医药,化学制药,化学制药,/home/peanut/stock_key_info/all_stocks_20260606/医药/化学制药/恒瑞医药.csv
600273,嘉化能源,化学制品,化学制品,/home/peanut/stock_key_info/all_stocks_20260606/化工行业/化学制品/嘉化能源.csv
600278,东方创业,贸易Ⅱ,贸易行业,/home/peanut/stock_key_info/all_stocks_20260606/衣食住行/贸易行业/东方创业.csv
600279,重庆港,航运港口,航运港口,/home/peanut/stock_key_info/all_stocks_20260606/航运物流/航运港口/重庆港.csv
600280,中央商场,一般零售,商业百货,/home/peanut/stock_key_info/all_stocks_20260606/衣食住行/商业百货/中央商场.csv
600281,华阳新材,小金属,小金属,/home/peanut/stock_key_info/all_stocks_20260606/能源/小金属/华阳新材.csv
600282,南钢股份,普钢,钢铁行业,/home/peanut/stock_key_info/all_stocks_20260606/能源/钢铁行业/南钢股份.csv
600283,钱江水利,环境治理,环保行业,/home/peanut/stock_key_info/all_stocks_20260606/衣食住行/环保行业/钱江水利.csv
600284,浦东建设,基础建设,工程建设,/home/peanut/stock_key_info/all_stocks_20260606/旧基建/工程建设/浦东建设.csv
600288,大恒科技,软件开发,软件开发,/home/peanut/stock_key_info/all_stocks_20260606/TMT/软件开发/大恒科技.csv
600285,羚锐制药,中药Ⅱ,中药,/home/peanut/stock_key_info/all_stocks_20260606/医药/中药/羚锐制药.csv
600287,苏豪时尚,贸易Ⅱ,贸易行业,/home/peanut/stock_key_info/all_stocks_20260606/衣食住行/贸易行业/苏豪时尚.csv
600292,电投水电,环境治理,环保行业,/home/peanut/stock_key_info/all_stocks_20260606/衣食住行/环保行业/电投水电.csv
600293,三峡新材,玻璃玻纤,玻璃玻纤,/home/peanut/stock_key_info/all_stocks_20260606/能源/玻璃玻纤/三峡新材.csv
600298,安琪酵母,调味发酵品Ⅱ,食品饮料,/home/peanut/stock_key_info/all_stocks_20260606/衣食住行/食品饮料/安琪酵母.csv
600295,鄂尔多斯,冶钢原料,钢铁行业,/home/peanut/stock_key_info/all_stocks_20260606/能源/钢铁行业/鄂尔多斯.csv
600299,安迪苏,化学制品,化学制品,/home/peanut/stock_key_info/all_stocks_20260606/化工行业/化学制品/安迪苏.csv
600300,维维股份,饮料乳品,食品饮料,/home/peanut/stock_key_info/all_stocks_20260606/衣食住行/食品饮料/维维股份.csv
600301,华锡有色,小金属,小金属,/home/peanut/stock_key_info/all_stocks_20260606/能源/小金属/华锡有色.csv
600303,曙光股份,商用车,汽车整车,/home/peanut/stock_key_info/all_stocks_20260606/工业制造/汽车整车/曙光股份.csv
600305,恒顺醋业,调味发酵品Ⅱ,食品饮料,/home/peanut/stock_key_info/all_stocks_20260606/衣食住行/食品饮料/恒顺醋业.csv
600307,酒钢宏兴,普钢,钢铁行业,/home/peanut/stock_key_info/all_stocks_20260606/能源/钢铁行业/酒钢宏兴.csv
600308,华泰股份,造纸,造纸印刷,/home/peanut/stock_key_info/all_stocks_20260606/旧基建/造纸印刷/华泰股份.csv
600309,万华化学,化学制品,化学制品,/home/peanut/stock_key_info/all_stocks_20260606/化工行业/化学制品/万华化学.csv
600310,广西能源,电力,电力行业,/home/peanut/stock_key_info/all_stocks_20260606/电力行业/广西能源.csv
600312,平高电气,电网设备,电网设备,/home/peanut/stock_key_info/all_stocks_20260606/能源/电网设备/平高电气.csv
600313,农发种业,种植业,农牧饲渔,/home/peanut/stock_key_info/all_stocks_20260606/衣食住行/农牧饲渔/农发种业.csv
600315,上海家化,化妆品,美容护理,/home/peanut/stock_key_info/all_stocks_20260606/衣食住行/美容护理/上海家化.csv
600316,洪都航空,航空装备Ⅱ,航天航空,/home/peanut/stock_key_info/all_stocks_20260606/航天航空/洪都航空.csv
600318,新力金融,多元金融,多元金融,/home/peanut/stock_key_info/all_stocks_20260606/金融/多元金融/新力金融.csv
600319,亚星化学,化学原料,化学原料,/home/peanut/stock_key_info/all_stocks_20260606/化工行业/化学原料/亚星化学.csv
600320,振华重工,专用设备,专用设备,/home/peanut/stock_key_info/all_stocks_20260606/工业制造/专用设备/振华重工.csv
600322,津投城开,房地产开发,房地产开发,/home/peanut/stock_key_info/all_stocks_20260606/旧基建/房地产开发/津投城开.csv
600323,瀚蓝环境,环境治理,环保行业,/home/peanut/stock_key_info/all_stocks_20260606/衣食住行/环保行业/瀚蓝环境.csv
600325,华发股份,房地产开发,房地产开发,/home/peanut/stock_key_info/all_stocks_20260606/旧基建/房地产开发/华发股份.csv
600326,西藏天路,水泥,水泥建材,/home/peanut/stock_key_info/all_stocks_20260606/能源/水泥建材/西藏天路.csv
600327,大东方,一般零售,商业百货,/home/peanut/stock_key_info/all_stocks_20260606/衣食住行/商业百货/大东方.csv
600328,中盐化工,化学原料,化学原料,/home/peanut/stock_key_info/all_stocks_20260606/化工行业/化学原料/中盐化工.csv
600329,达仁堂,中药Ⅱ,中药,/home/peanut/stock_key_info/all_stocks_20260606/医药/中药/达仁堂.csv
600330,天通股份,电子化学品Ⅱ,电子化学品,/home/peanut/stock_key_info/all_stocks_20260606/TMT/电子化学品/天通股份.csv
600331,宏达股份,农化制品,农药兽药,/home/peanut/stock_key_info/all_stocks_20260606/化工行业/农药兽药/宏达股份.csv
600332,白云山,中药Ⅱ,中药,/home/peanut/stock_key_info/all_stocks_20260606/医药/中药/白云山.csv
600333,长春燃气,燃气Ⅱ,燃气,/home/peanut/stock_key_info/all_stocks_20260606/能源/燃气/长春燃气.csv
600335,国机汽车,汽车服务,汽车服务,/home/peanut/stock_key_info/all_stocks_20260606/工业制造/汽车服务/国机汽车.csv
600336,澳柯玛,白色家电,家电行业,/home/peanut/stock_key_info/all_stocks_20260606/衣食住行/家电行业/澳柯玛.csv
600338,西藏珠峰,工业金属,有色金属,/home/peanut/stock_key_info/all_stocks_20260606/能源/有色金属/西藏珠峰.csv
600339,中油工程,油服工程,石油行业,/home/peanut/stock_key_info/all_stocks_20260606/能源/石油行业/中油工程.csv
600343,航天动力,通用设备,通用设备,/home/peanut/stock_key_info/all_stocks_20260606/TMT/通用设备/航天动力.csv
600345,长江通信,通信设备,通信设备,/home/peanut/stock_key_info/all_stocks_20260606/TMT/通信设备/长江通信.csv
600348,华阳股份,煤炭开采,煤炭行业,/home/peanut/stock_key_info/all_stocks_20260606/能源/煤炭行业/华阳股份.csv
600346,恒力石化,炼化及贸易,石油行业,/home/peanut/stock_key_info/all_stocks_20260606/能源/石油行业/恒力石化.csv
600350,山东高速,铁路公路,铁路公路,/home/peanut/stock_key_info/all_stocks_20260606/旧基建/铁路公路/山东高速.csv
600351,亚宝药业,中药Ⅱ,中药,/home/peanut/stock_key_info/all_stocks_20260606/医药/中药/亚宝药业.csv
600352,浙江龙盛,化学制品,化学制品,/home/peanut/stock_key_info/all_stocks_20260606/化工行业/化学制品/浙江龙盛.csv
600353,旭光电子,其他电子Ⅱ,消费电子,/home/peanut/stock_key_info/all_stocks_20260606/工业制造/消费电子/旭光电子.csv
600354,敦煌种业,种植业,农牧饲渔,/home/peanut/stock_key_info/all_stocks_20260606/衣食住行/农牧饲渔/敦煌种业.csv
600356,恒丰纸业,造纸,造纸印刷,/home/peanut/stock_key_info/all_stocks_20260606/旧基建/造纸印刷/恒丰纸业.csv
600358,国旅联合,广告营销,文化传媒,/home/peanut/stock_key_info/all_stocks_20260606/衣食住行/文化传媒/国旅联合.csv
600359,新农开发,种植业,农牧饲渔,/home/peanut/stock_key_info/all_stocks_20260606/衣食住行/农牧饲渔/新农开发.csv
600360,华微电子,半导体,半导体,/home/peanut/stock_key_info/all_stocks_20260606/TMT/半导体/华微电子.csv
600361,创新新材,工业金属,有色金属,/home/peanut/stock_key_info/all_stocks_20260606/能源/有色金属/创新新材.csv
600362,江西铜业,工业金属,有色金属,/home/peanut/stock_key_info/all_stocks_20260606/能源/有色金属/江西铜业.csv
600363,联创光电,消费电子,消费电子,/home/peanut/stock_key_info/all_stocks_20260606/工业制造/消费电子/联创光电.csv
600366,宁波韵升,金属新材料,小金属,/home/peanut/stock_key_info/all_stocks_20260606/能源/小金属/宁波韵升.csv
600367,红星发展,化学原料,化学原料,/home/peanut/stock_key_info/all_stocks_20260606/化工行业/化学原料/红星发展.csv
600369,西南证券,证券Ⅱ,证券,/home/peanut/stock_key_info/all_stocks_20260606/金融/证券/西南证券.csv
600368,五洲交通,铁路公路,铁路公路,/home/peanut/stock_key_info/all_stocks_20260606/旧基建/铁路公路/五洲交通.csv
600371,万向德农,种植业,农牧饲渔,/home/peanut/stock_key_info/all_stocks_20260606/衣食住行/农牧饲渔/万向德农.csv
600372,中航机载,航空装备Ⅱ,航天航空,/home/peanut/stock_key_info/all_stocks_20260606/航天航空/中航机载.csv
600373,XD中文传,出版,文化传媒,/home/peanut/stock_key_info/all_stocks_20260606/衣食住行/文化传媒/XD中文传.csv
600375,汉马科技,商用车,汽车整车,/home/peanut/stock_key_info/all_stocks_20260606/工业制造/汽车整车/汉马科技.csv
600376,首开股份,房地产开发,房地产开发,/home/peanut/stock_key_info/all_stocks_20260606/旧基建/房地产开发/首开股份.csv
600377,宁沪高速,铁路公路,铁路公路,/home/peanut/stock_key_info/all_stocks_20260606/旧基建/铁路公路/宁沪高速.csv
600378,XD昊华科,化学制品,化学制品,/home/peanut/stock_key_info/all_stocks_20260606/化工行业/化学制品/XD昊华科.csv
600379,XD宝光股,电网设备,电网设备,/home/peanut/stock_key_info/all_stocks_20260606/能源/电网设备/XD宝光股.csv
600380,健康元,化学制药,化学制药,/home/peanut/stock_key_info/all_stocks_20260606/医药/化学制药/健康元.csv
600382,广东明珠,冶钢原料,钢铁行业,/home/peanut/stock_key_info/all_stocks_20260606/能源/钢铁行业/广东明珠.csv
600383,金地集团,房地产开发,房地产开发,/home/peanut/stock_key_info/all_stocks_20260606/旧基建/房地产开发/金地集团.csv
600386,北巴传媒,汽车服务,汽车服务,/home/peanut/stock_key_info/all_stocks_20260606/工业制造/汽车服务/北巴传媒.csv
600388,龙净环保,环保设备Ⅱ,环保行业,/home/peanut/stock_key_info/all_stocks_20260606/衣食住行/环保行业/龙净环保.csv
600389,江山股份,农化制品,农药兽药,/home/peanut/stock_key_info/all_stocks_20260606/化工行业/农药兽药/江山股份.csv
600390,五矿资本,多元金融,多元金融,/home/peanut/stock_key_info/all_stocks_20260606/金融/多元金融/五矿资本.csv
600391,航发科技,航空装备Ⅱ,航天航空,/home/peanut/stock_key_info/all_stocks_20260606/航天航空/航发科技.csv
600392,盛和资源,小金属,小金属,/home/peanut/stock_key_info/all_stocks_20260606/能源/小金属/盛和资源.csv
600395,盘江股份,煤炭开采,煤炭行业,/home/peanut/stock_key_info/all_stocks_20260606/能源/煤炭行业/盘江股份.csv
600396,华电辽能,电力,电力行业,/home/peanut/stock_key_info/all_stocks_20260606/电力行业/华电辽能.csv
600397,江钨装备,专用设备,专用设备,/home/peanut/stock_key_info/all_stocks_20260606/工业制造/专用设备/江钨装备.csv
600398,海澜之家,服装家纺,纺织服装,/home/peanut/stock_key_info/all_stocks_20260606/衣食住行/纺织服装/海澜之家.csv
600399,抚顺特钢,特钢Ⅱ,钢铁行业,/home/peanut/stock_key_info/all_stocks_20260606/能源/钢铁行业/抚顺特钢.csv
600400,红豆股份,服装家纺,纺织服装,/home/peanut/stock_key_info/all_stocks_20260606/衣食住行/纺织服装/红豆股份.csv
600403,大有能源,煤炭开采,煤炭行业,/home/peanut/stock_key_info/all_stocks_20260606/能源/煤炭行业/大有能源.csv
600405,动力源,其他电源设备Ⅱ,电源设备,/home/peanut/stock_key_info/all_stocks_20260606/能源/电源设备/动力源.csv
600409,三友化工,化学原料,化学原料,/home/peanut/stock_key_info/all_stocks_20260606/化工行业/化学原料/三友化工.csv
600408,安泰集团,焦炭Ⅱ,煤炭行业,/home/peanut/stock_key_info/all_stocks_20260606/能源/煤炭行业/安泰集团.csv
600406,国电南瑞,电网设备,电网设备,/home/peanut/stock_key_info/all_stocks_20260606/能源/电网设备/国电南瑞.csv
600410,华胜天成,IT服务Ⅱ,软件开发,/home/peanut/stock_key_info/all_stocks_20260606/TMT/软件开发/华胜天成.csv
600415,小商品城,一般零售,商业百货,/home/peanut/stock_key_info/all_stocks_20260606/衣食住行/商业百货/小商品城.csv
600416,湘电股份,电机Ⅱ,电机,/home/peanut/stock_key_info/all_stocks_20260606/工业制造/电机/湘电股份.csv
600418,江淮汽车,商用车,汽车整车,/home/peanut/stock_key_info/all_stocks_20260606/工业制造/汽车整车/江淮汽车.csv
600419,天润乳业,饮料乳品,食品饮料,/home/peanut/stock_key_info/all_stocks_20260606/衣食住行/食品饮料/天润乳业.csv
600420,国药现代,化学制药,化学制药,/home/peanut/stock_key_info/all_stocks_20260606/医药/化学制药/国药现代.csv
600422,昆药集团,中药Ⅱ,中药,/home/peanut/stock_key_info/all_stocks_20260606/医药/中药/昆药集团.csv
600426,华鲁恒升,农化制品,农药兽药,/home/peanut/stock_key_info/all_stocks_20260606/化工行业/农药兽药/华鲁恒升.csv
600425,XD青松建,水泥,水泥建材,/home/peanut/stock_key_info/all_stocks_20260606/能源/水泥建材/XD青松建.csv
600428,中远海特,航运港口,航运港口,/home/peanut/stock_key_info/all_stocks_20260606/航运物流/航运港口/中远海特.csv
600429,三元股份,饮料乳品,食品饮料,/home/peanut/stock_key_info/all_stocks_20260606/衣食住行/食品饮料/三元股份.csv
600433,冠豪高新,造纸,造纸印刷,/home/peanut/stock_key_info/all_stocks_20260606/旧基建/造纸印刷/冠豪高新.csv
600435,北方导航,地面兵装Ⅱ,航天航空,/home/peanut/stock_key_info/all_stocks_20260606/航天航空/北方导航.csv
600436,片仔癀,中药Ⅱ,中药,/home/peanut/stock_key_info/all_stocks_20260606/医药/中药/片仔癀.csv
600438,通威股份,光伏设备,光伏设备,/home/peanut/stock_key_info/all_stocks_20260606/能源/光伏设备/通威股份.csv
600439,瑞贝卡,饰品,珠宝首饰,/home/peanut/stock_key_info/all_stocks_20260606/衣食住行/珠宝首饰/瑞贝卡.csv
600444,国机通用,专用设备,专用设备,/home/peanut/stock_key_info/all_stocks_20260606/工业制造/专用设备/国机通用.csv
600446,金证股份,IT服务Ⅱ,软件开发,/home/peanut/stock_key_info/all_stocks_20260606/TMT/软件开发/金证股份.csv
600448,华纺股份,纺织制造,纺织服装,/home/peanut/stock_key_info/all_stocks_20260606/衣食住行/纺织服装/华纺股份.csv
600452,涪陵电力,电力,电力行业,/home/peanut/stock_key_info/all_stocks_20260606/电力行业/涪陵电力.csv
600449,宁夏建材,水泥,水泥建材,/home/peanut/stock_key_info/all_stocks_20260606/能源/水泥建材/宁夏建材.csv
600456,宝钛股份,小金属,小金属,/home/peanut/stock_key_info/all_stocks_20260606/能源/小金属/宝钛股份.csv
600458,时代新材,轨交设备Ⅱ,交运设备,/home/peanut/stock_key_info/all_stocks_20260606/工业制造/交运设备/时代新材.csv
600459,贵研铂业,小金属,小金属,/home/peanut/stock_key_info/all_stocks_20260606/能源/小金属/贵研铂业.csv
600455,博通股份,软件开发,软件开发,/home/peanut/stock_key_info/all_stocks_20260606/TMT/软件开发/博通股份.csv
600461,洪城环境,环境治理,环保行业,/home/peanut/stock_key_info/all_stocks_20260606/衣食住行/环保行业/洪城环境.csv
600463,空港股份,房地产开发,房地产开发,/home/peanut/stock_key_info/all_stocks_20260606/旧基建/房地产开发/空港股份.csv
600467,好当家,渔业,农牧饲渔,/home/peanut/stock_key_info/all_stocks_20260606/衣食住行/农牧饲渔/好当家.csv
600460,士兰微,半导体,半导体,/home/peanut/stock_key_info/all_stocks_20260606/TMT/半导体/士兰微.csv
600468,百利电气,电网设备,电网设备,/home/peanut/stock_key_info/all_stocks_20260606/能源/电网设备/百利电气.csv
600469,风神股份,汽车零部件,汽车零部件,/home/peanut/stock_key_info/all_stocks_20260606/工业制造/汽车零部件/风神股份.csv
600470,六国化工,农化制品,农药兽药,/home/peanut/stock_key_info/all_stocks_20260606/化工行业/农药兽药/六国化工.csv
600475,华光环能,电力,电力行业,/home/peanut/stock_key_info/all_stocks_20260606/电力行业/华光环能.csv
600477,杭萧钢构,专业工程,工程建设,/home/peanut/stock_key_info/all_stocks_20260606/旧基建/工程建设/杭萧钢构.csv
600478,科力远,电池,电池,/home/peanut/stock_key_info/all_stocks_20260606/能源/电池/科力远.csv
600479,千金药业,中药Ⅱ,中药,/home/peanut/stock_key_info/all_stocks_20260606/医药/中药/千金药业.csv
600480,凌云股份,汽车零部件,汽车零部件,/home/peanut/stock_key_info/all_stocks_20260606/工业制造/汽车零部件/凌云股份.csv
600481,双良节能,光伏设备,光伏设备,/home/peanut/stock_key_info/all_stocks_20260606/能源/光伏设备/双良节能.csv
600482,中国动力,其他电源设备Ⅱ,电源设备,/home/peanut/stock_key_info/all_stocks_20260606/能源/电源设备/中国动力.csv
600483,福能股份,电力,电力行业,/home/peanut/stock_key_info/all_stocks_20260606/电力行业/福能股份.csv
600486,扬农化工,农化制品,农药兽药,/home/peanut/stock_key_info/all_stocks_20260606/化工行业/农药兽药/扬农化工.csv
600487,亨通光电,通信设备,通信设备,/home/peanut/stock_key_info/all_stocks_20260606/TMT/通信设备/亨通光电.csv
600488,津药药业,化学制药,化学制药,/home/peanut/stock_key_info/all_stocks_20260606/医药/化学制药/津药药业.csv
600489,中金黄金,贵金属,贵金属,/home/peanut/stock_key_info/all_stocks_20260606/能源/贵金属/中金黄金.csv
600490,鹏欣资源,工业金属,有色金属,/home/peanut/stock_key_info/all_stocks_20260606/能源/有色金属/鹏欣资源.csv
600493,凤竹纺织,纺织制造,纺织服装,/home/peanut/stock_key_info/all_stocks_20260606/衣食住行/纺织服装/凤竹纺织.csv
600496,精工钢构,专业工程,工程建设,/home/peanut/stock_key_info/all_stocks_20260606/旧基建/工程建设/精工钢构.csv
600495,晋西车轴,轨交设备Ⅱ,交运设备,/home/peanut/stock_key_info/all_stocks_20260606/工业制造/交运设备/晋西车轴.csv
600497,驰宏锌锗,工业金属,有色金属,/home/peanut/stock_key_info/all_stocks_20260606/能源/有色金属/驰宏锌锗.csv
600498,烽火通信,通信设备,通信设备,/home/peanut/stock_key_info/all_stocks_20260606/TMT/通信设备/烽火通信.csv
600499,科达制造,专用设备,专用设备,/home/peanut/stock_key_info/all_stocks_20260606/工业制造/专用设备/科达制造.csv
600500,中化国际,化学制品,化学制品,/home/peanut/stock_key_info/all_stocks_20260606/化工行业/化学制品/中化国际.csv
600501,航天晨光,专用设备,专用设备,/home/peanut/stock_key_info/all_stocks_20260606/工业制造/专用设备/航天晨光.csv
600502,安徽建工,基础建设,工程建设,/home/peanut/stock_key_info/all_stocks_20260606/旧基建/工程建设/安徽建工.csv
600503,华丽家族,房地产开发,房地产开发,/home/peanut/stock_key_info/all_stocks_20260606/旧基建/房地产开发/华丽家族.csv
600505,西昌电力,电力,电力行业,/home/peanut/stock_key_info/all_stocks_20260606/电力行业/西昌电力.csv
600506,统一股份,炼化及贸易,石油行业,/home/peanut/stock_key_info/all_stocks_20260606/能源/石油行业/统一股份.csv
600507,方大特钢,特钢Ⅱ,钢铁行业,/home/peanut/stock_key_info/all_stocks_20260606/能源/钢铁行业/方大特钢.csv
600509,天富能源,电力,电力行业,/home/peanut/stock_key_info/all_stocks_20260606/电力行业/天富能源.csv
600508,上海能源,煤炭开采,煤炭行业,/home/peanut/stock_key_info/all_stocks_20260606/能源/煤炭行业/上海能源.csv
600510,黑牡丹,房地产开发,房地产开发,/home/peanut/stock_key_info/all_stocks_20260606/旧基建/房地产开发/黑牡丹.csv
600511,国药股份,医药商业,医药商业,/home/peanut/stock_key_info/all_stocks_20260606/医药/医药商业/国药股份.csv
600512,腾达建设,基础建设,工程建设,/home/peanut/stock_key_info/all_stocks_20260606/旧基建/工程建设/腾达建设.csv
600513,联环药业,化学制药,化学制药,/home/peanut/stock_key_info/all_stocks_20260606/医药/化学制药/联环药业.csv
600515,海南机场,航空机场,航空机场,/home/peanut/stock_key_info/all_stocks_20260606/衣食住行/航空机场/海南机场.csv
600517,国网英大,多元金融,多元金融,/home/peanut/stock_key_info/all_stocks_20260606/金融/多元金融/国网英大.csv
600516,方大炭素,冶钢原料,钢铁行业,/home/peanut/stock_key_info/all_stocks_20260606/能源/钢铁行业/方大炭素.csv
600518,康美药业,中药Ⅱ,中药,/home/peanut/stock_key_info/all_stocks_20260606/医药/中药/康美药业.csv
600519,贵州茅台,白酒Ⅱ,酿酒行业,/home/peanut/stock_key_info/all_stocks_20260606/旧基建/酿酒行业/贵州茅台.csv
600521,华海药业,化学制药,化学制药,/home/peanut/stock_key_info/all_stocks_20260606/医药/化学制药/华海药业.csv
600520,三佳科技,专用设备,专用设备,/home/peanut/stock_key_info/all_stocks_20260606/工业制造/专用设备/三佳科技.csv
600522,中天科技,通信设备,通信设备,/home/peanut/stock_key_info/all_stocks_20260606/TMT/通信设备/中天科技.csv
600523,贵航股份,汽车零部件,汽车零部件,/home/peanut/stock_key_info/all_stocks_20260606/工业制造/汽车零部件/贵航股份.csv
600527,江南高纤,纺织制造,纺织服装,/home/peanut/stock_key_info/all_stocks_20260606/衣食住行/纺织服装/江南高纤.csv
600526,菲达环保,环保设备Ⅱ,环保行业,/home/peanut/stock_key_info/all_stocks_20260606/衣食住行/环保行业/菲达环保.csv
600528,中铁工业,基础建设,工程建设,/home/peanut/stock_key_info/all_stocks_20260606/旧基建/工程建设/中铁工业.csv
600529,山东药玻,医疗器械,医疗器械,/home/peanut/stock_key_info/all_stocks_20260606/医药/医疗器械/山东药玻.csv
600531,豫光金铅,工业金属,有色金属,/home/peanut/stock_key_info/all_stocks_20260606/能源/有色金属/豫光金铅.csv
600530,交大昂立,食品加工,食品饮料,/home/peanut/stock_key_info/all_stocks_20260606/衣食住行/食品饮料/交大昂立.csv
600533,栖霞建设,房地产开发,房地产开发,/home/peanut/stock_key_info/all_stocks_20260606/旧基建/房地产开发/栖霞建设.csv
600535,天士力,中药Ⅱ,中药,/home/peanut/stock_key_info/all_stocks_20260606/医药/中药/天士力.csv
600538,国发股份,医疗器械,医疗器械,/home/peanut/stock_key_info/all_stocks_20260606/医药/医疗器械/国发股份.csv
600539,狮头股份,互联网电商,互联网服务,/home/peanut/stock_key_info/all_stocks_20260606/TMT/互联网服务/狮头股份.csv
600536,中国软件,IT服务Ⅱ,软件开发,/home/peanut/stock_key_info/all_stocks_20260606/TMT/软件开发/中国软件.csv
600540,新赛股份,种植业,农牧饲渔,/home/peanut/stock_key_info/all_stocks_20260606/衣食住行/农牧饲渔/新赛股份.csv
600545,卓郎智能,专用设备,专用设备,/home/peanut/stock_key_info/all_stocks_20260606/工业制造/专用设备/卓郎智能.csv
600546,山煤国际,煤炭开采,煤炭行业,/home/peanut/stock_key_info/all_stocks_20260606/能源/煤炭行业/山煤国际.csv
600547,山东黄金,贵金属,贵金属,/home/peanut/stock_key_info/all_stocks_20260606/能源/贵金属/山东黄金.csv
600548,深高速,铁路公路,铁路公路,/home/peanut/stock_key_info/all_stocks_20260606/旧基建/铁路公路/深高速.csv
600549,厦门钨业,小金属,小金属,/home/peanut/stock_key_info/all_stocks_20260606/能源/小金属/厦门钨业.csv
600551,时代出版,出版,文化传媒,/home/peanut/stock_key_info/all_stocks_20260606/衣食住行/文化传媒/时代出版.csv
600550,保变电气,电网设备,电网设备,/home/peanut/stock_key_info/all_stocks_20260606/能源/电网设备/保变电气.csv
600552,凯盛科技,光学光电子,光学光电子,/home/peanut/stock_key_info/all_stocks_20260606/工业制造/光学光电子/凯盛科技.csv
600556,天下秀,广告营销,文化传媒,/home/peanut/stock_key_info/all_stocks_20260606/衣食住行/文化传媒/天下秀.csv
600557,康缘药业,中药Ⅱ,中药,/home/peanut/stock_key_info/all_stocks_20260606/医药/中药/康缘药业.csv
600558,大西洋,通用设备,通用设备,/home/peanut/stock_key_info/all_stocks_20260606/TMT/通用设备/大西洋.csv
600559,老白干酒,白酒Ⅱ,酿酒行业,/home/peanut/stock_key_info/all_stocks_20260606/旧基建/酿酒行业/老白干酒.csv
600561,江西长运,铁路公路,铁路公路,/home/peanut/stock_key_info/all_stocks_20260606/旧基建/铁路公路/江西长运.csv
600562,国睿科技,军工电子Ⅱ,航天航空,/home/peanut/stock_key_info/all_stocks_20260606/航天航空/国睿科技.csv
600563,XD法拉电,元件,电子元件,/home/peanut/stock_key_info/all_stocks_20260606/TMT/电子元件/XD法拉电.csv
600560,金自天正,专用设备,专用设备,/home/peanut/stock_key_info/all_stocks_20260606/工业制造/专用设备/金自天正.csv
600566,济川药业,中药Ⅱ,中药,/home/peanut/stock_key_info/all_stocks_20260606/医药/中药/济川药业.csv
600567,山鹰国际,造纸,造纸印刷,/home/peanut/stock_key_info/all_stocks_20260606/旧基建/造纸印刷/山鹰国际.csv
600569,安阳钢铁,普钢,钢铁行业,/home/peanut/stock_key_info/all_stocks_20260606/能源/钢铁行业/安阳钢铁.csv
600570,恒生电子,软件开发,软件开发,/home/peanut/stock_key_info/all_stocks_20260606/TMT/软件开发/恒生电子.csv
600571,信雅达,IT服务Ⅱ,软件开发,/home/peanut/stock_key_info/all_stocks_20260606/TMT/软件开发/信雅达.csv
600572,康恩贝,中药Ⅱ,中药,/home/peanut/stock_key_info/all_stocks_20260606/医药/中药/康恩贝.csv
600573,惠泉啤酒,非白酒,酿酒行业,/home/peanut/stock_key_info/all_stocks_20260606/旧基建/酿酒行业/惠泉啤酒.csv
600575,淮河能源,电力,电力行业,/home/peanut/stock_key_info/all_stocks_20260606/电力行业/淮河能源.csv
600576,祥源文旅,旅游及景区,旅游酒店,/home/peanut/stock_key_info/all_stocks_20260606/衣食住行/旅游酒店/祥源文旅.csv
600577,精达股份,电网设备,电网设备,/home/peanut/stock_key_info/all_stocks_20260606/能源/电网设备/精达股份.csv
600578,京能电力,电力,电力行业,/home/peanut/stock_key_info/all_stocks_20260606/电力行业/京能电力.csv
600579,中化装备,专用设备,专用设备,/home/peanut/stock_key_info/all_stocks_20260606/工业制造/专用设备/中化装备.csv
600580,卧龙电驱,电机Ⅱ,电机,/home/peanut/stock_key_info/all_stocks_20260606/工业制造/电机/卧龙电驱.csv
600582,XD天地科,专用设备,专用设备,/home/peanut/stock_key_info/all_stocks_20260606/工业制造/专用设备/XD天地科.csv
600583,海油工程,油服工程,石油行业,/home/peanut/stock_key_info/all_stocks_20260606/能源/石油行业/海油工程.csv
600584,长电科技,半导体,半导体,/home/peanut/stock_key_info/all_stocks_20260606/TMT/半导体/长电科技.csv
600585,海螺水泥,水泥,水泥建材,/home/peanut/stock_key_info/all_stocks_20260606/能源/水泥建材/海螺水泥.csv
600586,金晶科技,玻璃玻纤,玻璃玻纤,/home/peanut/stock_key_info/all_stocks_20260606/能源/玻璃玻纤/金晶科技.csv
600587,新华医疗,医疗器械,医疗器械,/home/peanut/stock_key_info/all_stocks_20260606/医药/医疗器械/新华医疗.csv
600588,用友网络,软件开发,软件开发,/home/peanut/stock_key_info/all_stocks_20260606/TMT/软件开发/用友网络.csv
600589,大位科技,IT服务Ⅱ,软件开发,/home/peanut/stock_key_info/all_stocks_20260606/TMT/软件开发/大位科技.csv
600590,泰豪科技,军工电子Ⅱ,航天航空,/home/peanut/stock_key_info/all_stocks_20260606/航天航空/泰豪科技.csv
600593,大连圣亚,旅游及景区,旅游酒店,/home/peanut/stock_key_info/all_stocks_20260606/衣食住行/旅游酒店/大连圣亚.csv
600592,龙溪股份,通用设备,通用设备,/home/peanut/stock_key_info/all_stocks_20260606/TMT/通用设备/龙溪股份.csv
600594,益佰制药,中药Ⅱ,中药,/home/peanut/stock_key_info/all_stocks_20260606/医药/中药/益佰制药.csv
600595,中孚实业,工业金属,有色金属,/home/peanut/stock_key_info/all_stocks_20260606/能源/有色金属/中孚实业.csv
600597,光明乳业,饮料乳品,食品饮料,/home/peanut/stock_key_info/all_stocks_20260606/衣食住行/食品饮料/光明乳业.csv
600596,新安股份,农化制品,农药兽药,/home/peanut/stock_key_info/all_stocks_20260606/化工行业/农药兽药/新安股份.csv
600598,北大荒,种植业,农牧饲渔,/home/peanut/stock_key_info/all_stocks_20260606/衣食住行/农牧饲渔/北大荒.csv
600600,青岛啤酒,非白酒,酿酒行业,/home/peanut/stock_key_info/all_stocks_20260606/旧基建/酿酒行业/青岛啤酒.csv
600601,方正科技,元件,电子元件,/home/peanut/stock_key_info/all_stocks_20260606/TMT/电子元件/方正科技.csv
600602,云赛智联,软件开发,软件开发,/home/peanut/stock_key_info/all_stocks_20260606/TMT/软件开发/云赛智联.csv
600603,广汇物流,物流,物流行业,/home/peanut/stock_key_info/all_stocks_20260606/航运物流/物流行业/广汇物流.csv
600604,市北高新,房地产开发,房地产开发,/home/peanut/stock_key_info/all_stocks_20260606/旧基建/房地产开发/市北高新.csv
600605,汇通能源,一般零售,商业百货,/home/peanut/stock_key_info/all_stocks_20260606/衣食住行/商业百货/汇通能源.csv
600606,绿地控股,房地产开发,房地产开发,/home/peanut/stock_key_info/all_stocks_20260606/旧基建/房地产开发/绿地控股.csv
600609,金杯汽车,汽车零部件,汽车零部件,/home/peanut/stock_key_info/all_stocks_20260606/工业制造/汽车零部件/金杯汽车.csv
600610,中毅达,化学原料,化学原料,/home/peanut/stock_key_info/all_stocks_20260606/化工行业/化学原料/中毅达.csv
600611,大众交通,铁路公路,铁路公路,/home/peanut/stock_key_info/all_stocks_20260606/旧基建/铁路公路/大众交通.csv
600612,老凤祥,饰品,珠宝首饰,/home/peanut/stock_key_info/all_stocks_20260606/衣食住行/珠宝首饰/老凤祥.csv
600613,神奇制药,化学制药,化学制药,/home/peanut/stock_key_info/all_stocks_20260606/医药/化学制药/神奇制药.csv
600615,鑫源智造,工业金属,有色金属,/home/peanut/stock_key_info/all_stocks_20260606/能源/有色金属/鑫源智造.csv
600616,金枫酒业,非白酒,酿酒行业,/home/peanut/stock_key_info/all_stocks_20260606/旧基建/酿酒行业/金枫酒业.csv
600617,国新能源,燃气Ⅱ,燃气,/home/peanut/stock_key_info/all_stocks_20260606/能源/燃气/国新能源.csv
600618,氯碱化工,化学原料,化学原料,/home/peanut/stock_key_info/all_stocks_20260606/化工行业/化学原料/氯碱化工.csv
600619,海立股份,家电零部件Ⅱ,家电行业,/home/peanut/stock_key_info/all_stocks_20260606/衣食住行/家电行业/海立股份.csv
600620,天宸股份,综合Ⅱ,综合行业,/home/peanut/stock_key_info/all_stocks_20260606/综合行业/天宸股份.csv
600621,华鑫股份,证券Ⅱ,证券,/home/peanut/stock_key_info/all_stocks_20260606/金融/证券/华鑫股份.csv
600622,光大嘉宝,房地产开发,房地产开发,/home/peanut/stock_key_info/all_stocks_20260606/旧基建/房地产开发/光大嘉宝.csv
600623,华谊集团,化学原料,化学原料,/home/peanut/stock_key_info/all_stocks_20260606/化工行业/化学原料/华谊集团.csv
600626,申达股份,汽车零部件,汽车零部件,/home/peanut/stock_key_info/all_stocks_20260606/工业制造/汽车零部件/申达股份.csv
600628,新世界,一般零售,商业百货,/home/peanut/stock_key_info/all_stocks_20260606/衣食住行/商业百货/新世界.csv
600629,华建集团,工程咨询服务Ⅱ,工程咨询服务,/home/peanut/stock_key_info/all_stocks_20260606/旧基建/工程咨询服务/华建集团.csv
600630,龙头股份,服装家纺,纺织服装,/home/peanut/stock_key_info/all_stocks_20260606/衣食住行/纺织服装/龙头股份.csv
600633,XD浙数文,游戏Ⅱ,游戏,/home/peanut/stock_key_info/all_stocks_20260606/衣食住行/游戏/XD浙数文.csv
600635,大众公用,燃气Ⅱ,燃气,/home/peanut/stock_key_info/all_stocks_20260606/能源/燃气/大众公用.csv
600637,东方明珠,电视广播Ⅱ,文化传媒,/home/peanut/stock_key_info/all_stocks_20260606/衣食住行/文化传媒/东方明珠.csv
600638,新黄浦,房地产开发,房地产开发,/home/peanut/stock_key_info/all_stocks_20260606/旧基建/房地产开发/新黄浦.csv
600639,浦东金桥,房地产开发,房地产开发,/home/peanut/stock_key_info/all_stocks_20260606/旧基建/房地产开发/浦东金桥.csv
600640,国脉文化,广告营销,文化传媒,/home/peanut/stock_key_info/all_stocks_20260606/衣食住行/文化传媒/国脉文化.csv
600641,先导基电,半导体,半导体,/home/peanut/stock_key_info/all_stocks_20260606/TMT/半导体/先导基电.csv
600642,申能股份,电力,电力行业,/home/peanut/stock_key_info/all_stocks_20260606/电力行业/申能股份.csv
600643,爱建集团,多元金融,多元金融,/home/peanut/stock_key_info/all_stocks_20260606/金融/多元金融/爱建集团.csv
600644,乐山电力,电力,电力行业,/home/peanut/stock_key_info/all_stocks_20260606/电力行业/乐山电力.csv
600645,中源协和,生物制品,生物制品,/home/peanut/stock_key_info/all_stocks_20260606/医药/生物制品/中源协和.csv
600648,外高桥,房地产开发,房地产开发,/home/peanut/stock_key_info/all_stocks_20260606/旧基建/房地产开发/外高桥.csv
600649,城投控股,房地产开发,房地产开发,/home/peanut/stock_key_info/all_stocks_20260606/旧基建/房地产开发/城投控股.csv
600650,锦江在线,铁路公路,铁路公路,/home/peanut/stock_key_info/all_stocks_20260606/旧基建/铁路公路/锦江在线.csv
600651,飞乐音响,汽车零部件,汽车零部件,/home/peanut/stock_key_info/all_stocks_20260606/工业制造/汽车零部件/飞乐音响.csv
600653,申华控股,汽车服务,汽车服务,/home/peanut/stock_key_info/all_stocks_20260606/工业制造/汽车服务/申华控股.csv
600654,中安科,软件开发,软件开发,/home/peanut/stock_key_info/all_stocks_20260606/TMT/软件开发/中安科.csv
600655,豫园股份,一般零售,商业百货,/home/peanut/stock_key_info/all_stocks_20260606/衣食住行/商业百货/豫园股份.csv
600657,信达地产,房地产开发,房地产开发,/home/peanut/stock_key_info/all_stocks_20260606/旧基建/房地产开发/信达地产.csv
600658,电子城,房地产开发,房地产开发,/home/peanut/stock_key_info/all_stocks_20260606/旧基建/房地产开发/电子城.csv
600660,福耀玻璃,汽车零部件,汽车零部件,/home/peanut/stock_key_info/all_stocks_20260606/工业制造/汽车零部件/福耀玻璃.csv
600661,昂立教育,教育,教育,/home/peanut/stock_key_info/all_stocks_20260606/衣食住行/教育/昂立教育.csv
600662,外服控股,专业服务,专业服务,/home/peanut/stock_key_info/all_stocks_20260606/工业制造/专业服务/外服控股.csv
600663,陆家嘴,房地产开发,房地产开发,/home/peanut/stock_key_info/all_stocks_20260606/旧基建/房地产开发/陆家嘴.csv
600664,哈药股份,化学制药,化学制药,/home/peanut/stock_key_info/all_stocks_20260606/医药/化学制药/哈药股份.csv
600665,天地源,房地产开发,房地产开发,/home/peanut/stock_key_info/all_stocks_20260606/旧基建/房地产开发/天地源.csv
600666,奥瑞德,光学光电子,光学光电子,/home/peanut/stock_key_info/all_stocks_20260606/工业制造/光学光电子/奥瑞德.csv
600667,太极实业,工程咨询服务Ⅱ,工程咨询服务,/home/peanut/stock_key_info/all_stocks_20260606/旧基建/工程咨询服务/太极实业.csv
600668,尖峰集团,水泥,水泥建材,/home/peanut/stock_key_info/all_stocks_20260606/能源/水泥建材/尖峰集团.csv
600671,天目药业,中药Ⅱ,中药,/home/peanut/stock_key_info/all_stocks_20260606/医药/中药/天目药业.csv
600673,东阳光,综合Ⅱ,综合行业,/home/peanut/stock_key_info/all_stocks_20260606/综合行业/东阳光.csv
600674,川投能源,电力,电力行业,/home/peanut/stock_key_info/all_stocks_20260606/电力行业/川投能源.csv
600675,中华企业,房地产开发,房地产开发,/home/peanut/stock_key_info/all_stocks_20260606/旧基建/房地产开发/中华企业.csv
600676,交运股份,汽车服务,汽车服务,/home/peanut/stock_key_info/all_stocks_20260606/工业制造/汽车服务/交运股份.csv
600679,上海凤凰,摩托车及其他,汽车整车,/home/peanut/stock_key_info/all_stocks_20260606/工业制造/汽车整车/上海凤凰.csv
600681,百川能源,燃气Ⅱ,燃气,/home/peanut/stock_key_info/all_stocks_20260606/能源/燃气/百川能源.csv
600682,南京新百,综合Ⅱ,综合行业,/home/peanut/stock_key_info/all_stocks_20260606/综合行业/南京新百.csv
600683,京投发展,房地产开发,房地产开发,/home/peanut/stock_key_info/all_stocks_20260606/旧基建/房地产开发/京投发展.csv
600684,珠江股份,房地产服务,房地产服务,/home/peanut/stock_key_info/all_stocks_20260606/旧基建/房地产服务/珠江股份.csv
600685,中船防务,航海装备Ⅱ,船舶制造,/home/peanut/stock_key_info/all_stocks_20260606/航运物流/船舶制造/中船防务.csv
600686,金龙汽车,商用车,汽车整车,/home/peanut/stock_key_info/all_stocks_20260606/工业制造/汽车整车/金龙汽车.csv
600688,上海石化,炼化及贸易,石油行业,/home/peanut/stock_key_info/all_stocks_20260606/能源/石油行业/上海石化.csv
600689,上海三毛,综合Ⅱ,综合行业,/home/peanut/stock_key_info/all_stocks_20260606/综合行业/上海三毛.csv
600690,海尔智家,白色家电,家电行业,/home/peanut/stock_key_info/all_stocks_20260606/衣食住行/家电行业/海尔智家.csv
600691,潞化科技,农化制品,农药兽药,/home/peanut/stock_key_info/all_stocks_20260606/化工行业/农药兽药/潞化科技.csv
600692,亚通股份,房地产开发,房地产开发,/home/peanut/stock_key_info/all_stocks_20260606/旧基建/房地产开发/亚通股份.csv
600693,东百集团,一般零售,商业百货,/home/peanut/stock_key_info/all_stocks_20260606/衣食住行/商业百货/东百集团.csv
600694,大商股份,一般零售,商业百货,/home/peanut/stock_key_info/all_stocks_20260606/衣食住行/商业百货/大商股份.csv
600697,欧亚集团,一般零售,商业百货,/home/peanut/stock_key_info/all_stocks_20260606/衣食住行/商业百货/欧亚集团.csv
600698,湖南天雁,汽车零部件,汽车零部件,/home/peanut/stock_key_info/all_stocks_20260606/工业制造/汽车零部件/湖南天雁.csv
600699,均胜电子,汽车零部件,汽车零部件,/home/peanut/stock_key_info/all_stocks_20260606/工业制造/汽车零部件/均胜电子.csv
600702,舍得酒业,白酒Ⅱ,酿酒行业,/home/peanut/stock_key_info/all_stocks_20260606/旧基建/酿酒行业/舍得酒业.csv
600703,三安光电,光学光电子,光学光电子,/home/peanut/stock_key_info/all_stocks_20260606/工业制造/光学光电子/三安光电.csv
600704,物产中大,物流,物流行业,/home/peanut/stock_key_info/all_stocks_20260606/航运物流/物流行业/物产中大.csv
600706,曲江文旅,旅游及景区,旅游酒店,/home/peanut/stock_key_info/all_stocks_20260606/衣食住行/旅游酒店/曲江文旅.csv
600707,彩虹股份,光学光电子,光学光电子,/home/peanut/stock_key_info/all_stocks_20260606/工业制造/光学光电子/彩虹股份.csv
600708,光明地产,房地产开发,房地产开发,/home/peanut/stock_key_info/all_stocks_20260606/旧基建/房地产开发/光明地产.csv
600710,苏美达,贸易Ⅱ,贸易行业,/home/peanut/stock_key_info/all_stocks_20260606/衣食住行/贸易行业/苏美达.csv
600711,盛屯矿业,工业金属,有色金属,/home/peanut/stock_key_info/all_stocks_20260606/能源/有色金属/盛屯矿业.csv
600712,南宁百货,一般零售,商业百货,/home/peanut/stock_key_info/all_stocks_20260606/衣食住行/商业百货/南宁百货.csv
600713,南京医药,医药商业,医药商业,/home/peanut/stock_key_info/all_stocks_20260606/医药/医药商业/南京医药.csv
600714,金瑞矿业,化学原料,化学原料,/home/peanut/stock_key_info/all_stocks_20260606/化工行业/化学原料/金瑞矿业.csv
600715,文投控股,游戏Ⅱ,游戏,/home/peanut/stock_key_info/all_stocks_20260606/衣食住行/游戏/文投控股.csv
600716,凤凰股份,房地产开发,房地产开发,/home/peanut/stock_key_info/all_stocks_20260606/旧基建/房地产开发/凤凰股份.csv
600717,天津港,航运港口,航运港口,/home/peanut/stock_key_info/all_stocks_20260606/航运物流/航运港口/天津港.csv
600718,东软集团,IT服务Ⅱ,软件开发,/home/peanut/stock_key_info/all_stocks_20260606/TMT/软件开发/东软集团.csv
600719,大连热电,电力,电力行业,/home/peanut/stock_key_info/all_stocks_20260606/电力行业/大连热电.csv
600720,中交设计,工程咨询服务Ⅱ,工程咨询服务,/home/peanut/stock_key_info/all_stocks_20260606/旧基建/工程咨询服务/中交设计.csv
600721,百花医药,医疗服务,医疗服务,/home/peanut/stock_key_info/all_stocks_20260606/医药/医疗服务/百花医药.csv
600722,金牛化工,化学原料,化学原料,/home/peanut/stock_key_info/all_stocks_20260606/化工行业/化学原料/金牛化工.csv
600724,XD宁波富,房地产服务,房地产服务,/home/peanut/stock_key_info/all_stocks_20260606/旧基建/房地产服务/XD宁波富.csv
600725,云维股份,贸易Ⅱ,贸易行业,/home/peanut/stock_key_info/all_stocks_20260606/衣食住行/贸易行业/云维股份.csv
600726,华电能源,电力,电力行业,/home/peanut/stock_key_info/all_stocks_20260606/电力行业/华电能源.csv
600727,鲁北化工,化学原料,化学原料,/home/peanut/stock_key_info/all_stocks_20260606/化工行业/化学原料/鲁北化工.csv
600728,佳都科技,IT服务Ⅱ,软件开发,/home/peanut/stock_key_info/all_stocks_20260606/TMT/软件开发/佳都科技.csv
600729,重百集团,一般零售,商业百货,/home/peanut/stock_key_info/all_stocks_20260606/衣食住行/商业百货/重百集团.csv
600731,湖南海利,农化制品,农药兽药,/home/peanut/stock_key_info/all_stocks_20260606/化工行业/农药兽药/湖南海利.csv
600732,爱旭股份,光伏设备,光伏设备,/home/peanut/stock_key_info/all_stocks_20260606/能源/光伏设备/爱旭股份.csv
600733,北汽蓝谷,乘用车,汽车整车,/home/peanut/stock_key_info/all_stocks_20260606/工业制造/汽车整车/北汽蓝谷.csv
600736,苏州高新,房地产开发,房地产开发,/home/peanut/stock_key_info/all_stocks_20260606/旧基建/房地产开发/苏州高新.csv
600737,中粮糖业,农产品加工,农牧饲渔,/home/peanut/stock_key_info/all_stocks_20260606/衣食住行/农牧饲渔/中粮糖业.csv
600738,XD丽尚国,一般零售,商业百货,/home/peanut/stock_key_info/all_stocks_20260606/衣食住行/商业百货/XD丽尚国.csv
600739,辽宁成大,生物制品,生物制品,/home/peanut/stock_key_info/all_stocks_20260606/医药/生物制品/辽宁成大.csv
600740,山西焦化,焦炭Ⅱ,煤炭行业,/home/peanut/stock_key_info/all_stocks_20260606/能源/煤炭行业/山西焦化.csv
600741,华域汽车,汽车零部件,汽车零部件,/home/peanut/stock_key_info/all_stocks_20260606/工业制造/汽车零部件/华域汽车.csv
600742,富维股份,汽车零部件,汽车零部件,/home/peanut/stock_key_info/all_stocks_20260606/工业制造/汽车零部件/富维股份.csv
600743,华远控股,一般零售,商业百货,/home/peanut/stock_key_info/all_stocks_20260606/衣食住行/商业百货/华远控股.csv
600744,华银电力,电力,电力行业,/home/peanut/stock_key_info/all_stocks_20260606/电力行业/华银电力.csv
600746,江苏索普,化学原料,化学原料,/home/peanut/stock_key_info/all_stocks_20260606/化工行业/化学原料/江苏索普.csv
600748,上实发展,房地产开发,房地产开发,/home/peanut/stock_key_info/all_stocks_20260606/旧基建/房地产开发/上实发展.csv
600749,西藏旅游,旅游及景区,旅游酒店,/home/peanut/stock_key_info/all_stocks_20260606/衣食住行/旅游酒店/西藏旅游.csv
600750,华润江中,中药Ⅱ,中药,/home/peanut/stock_key_info/all_stocks_20260606/医药/中药/华润江中.csv
600751,海航科技,航运港口,航运港口,/home/peanut/stock_key_info/all_stocks_20260606/航运物流/航运港口/海航科技.csv
600754,锦江酒店,酒店餐饮,旅游酒店,/home/peanut/stock_key_info/all_stocks_20260606/衣食住行/旅游酒店/锦江酒店.csv
600755,厦门国贸,物流,物流行业,/home/peanut/stock_key_info/all_stocks_20260606/航运物流/物流行业/厦门国贸.csv
600756,浪潮软件,IT服务Ⅱ,软件开发,/home/peanut/stock_key_info/all_stocks_20260606/TMT/软件开发/浪潮软件.csv
600757,长江传媒,出版,文化传媒,/home/peanut/stock_key_info/all_stocks_20260606/衣食住行/文化传媒/长江传媒.csv
600758,辽宁能源,煤炭开采,煤炭行业,/home/peanut/stock_key_info/all_stocks_20260606/能源/煤炭行业/辽宁能源.csv
600760,中航沈飞,航空装备Ⅱ,航天航空,/home/peanut/stock_key_info/all_stocks_20260606/航天航空/中航沈飞.csv
600761,安徽合力,工程机械,工程机械,/home/peanut/stock_key_info/all_stocks_20260606/旧基建/工程机械/安徽合力.csv
600763,通策医疗,医疗服务,医疗服务,/home/peanut/stock_key_info/all_stocks_20260606/医药/医疗服务/通策医疗.csv
600764,中国海防,航海装备Ⅱ,船舶制造,/home/peanut/stock_key_info/all_stocks_20260606/航运物流/船舶制造/中国海防.csv
600765,中航重机,航空装备Ⅱ,航天航空,/home/peanut/stock_key_info/all_stocks_20260606/航天航空/中航重机.csv
600768,宁波富邦,工业金属,有色金属,/home/peanut/stock_key_info/all_stocks_20260606/能源/有色金属/宁波富邦.csv
600769,祥龙电业,环境治理,环保行业,/home/peanut/stock_key_info/all_stocks_20260606/衣食住行/环保行业/祥龙电业.csv
600770,综艺股份,综合Ⅱ,综合行业,/home/peanut/stock_key_info/all_stocks_20260606/综合行业/综艺股份.csv
600771,广誉远,中药Ⅱ,中药,/home/peanut/stock_key_info/all_stocks_20260606/医药/中药/广誉远.csv
600773,西藏城投,房地产开发,房地产开发,/home/peanut/stock_key_info/all_stocks_20260606/旧基建/房地产开发/西藏城投.csv
600774,汉商集团,化学制药,化学制药,/home/peanut/stock_key_info/all_stocks_20260606/医药/化学制药/汉商集团.csv
600775,南京熊猫,通信设备,通信设备,/home/peanut/stock_key_info/all_stocks_20260606/TMT/通信设备/南京熊猫.csv
600776,东方通信,通信设备,通信设备,/home/peanut/stock_key_info/all_stocks_20260606/TMT/通信设备/东方通信.csv
600778,友好集团,一般零售,商业百货,/home/peanut/stock_key_info/all_stocks_20260606/衣食住行/商业百货/友好集团.csv
600779,水井坊,白酒Ⅱ,酿酒行业,/home/peanut/stock_key_info/all_stocks_20260606/旧基建/酿酒行业/水井坊.csv
600780,通宝能源,电力,电力行业,/home/peanut/stock_key_info/all_stocks_20260606/电力行业/通宝能源.csv
600782,新钢股份,普钢,钢铁行业,/home/peanut/stock_key_info/all_stocks_20260606/能源/钢铁行业/新钢股份.csv
600783,鲁信创投,通用设备,通用设备,/home/peanut/stock_key_info/all_stocks_20260606/TMT/通用设备/鲁信创投.csv
600784,鲁银投资,化学原料,化学原料,/home/peanut/stock_key_info/all_stocks_20260606/化工行业/化学原料/鲁银投资.csv
600785,新华百货,一般零售,商业百货,/home/peanut/stock_key_info/all_stocks_20260606/衣食住行/商业百货/新华百货.csv
600787,中储股份,物流,物流行业,/home/peanut/stock_key_info/all_stocks_20260606/航运物流/物流行业/中储股份.csv
600789,鲁抗医药,化学制药,化学制药,/home/peanut/stock_key_info/all_stocks_20260606/医药/化学制药/鲁抗医药.csv
600790,轻纺城,一般零售,商业百货,/home/peanut/stock_key_info/all_stocks_20260606/衣食住行/商业百货/轻纺城.csv
600791,京能置业,房地产开发,房地产开发,/home/peanut/stock_key_info/all_stocks_20260606/旧基建/房地产开发/京能置业.csv
600792,云煤能源,焦炭Ⅱ,煤炭行业,/home/peanut/stock_key_info/all_stocks_20260606/能源/煤炭行业/云煤能源.csv
600793,宜宾纸业,造纸,造纸印刷,/home/peanut/stock_key_info/all_stocks_20260606/旧基建/造纸印刷/宜宾纸业.csv
600794,保税科技,物流,物流行业,/home/peanut/stock_key_info/all_stocks_20260606/航运物流/物流行业/保税科技.csv
600795,国电电力,电力,电力行业,/home/peanut/stock_key_info/all_stocks_20260606/电力行业/国电电力.csv
600796,钱江生化,环境治理,环保行业,/home/peanut/stock_key_info/all_stocks_20260606/衣食住行/环保行业/钱江生化.csv
600797,浙大网新,IT服务Ⅱ,软件开发,/home/peanut/stock_key_info/all_stocks_20260606/TMT/软件开发/浙大网新.csv
600798,宁波海运,航运港口,航运港口,/home/peanut/stock_key_info/all_stocks_20260606/航运物流/航运港口/宁波海运.csv
600800,渤海化学,炼化及贸易,石油行业,/home/peanut/stock_key_info/all_stocks_20260606/能源/石油行业/渤海化学.csv
600801,华新建材,水泥,水泥建材,/home/peanut/stock_key_info/all_stocks_20260606/能源/水泥建材/华新建材.csv
600802,福建水泥,水泥,水泥建材,/home/peanut/stock_key_info/all_stocks_20260606/能源/水泥建材/福建水泥.csv
600803,新奥股份,燃气Ⅱ,燃气,/home/peanut/stock_key_info/all_stocks_20260606/能源/燃气/新奥股份.csv
600805,悦达投资,综合Ⅱ,综合行业,/home/peanut/stock_key_info/all_stocks_20260606/综合行业/悦达投资.csv
600807,济高发展,医疗器械,医疗器械,/home/peanut/stock_key_info/all_stocks_20260606/医药/医疗器械/济高发展.csv
600808,马钢股份,普钢,钢铁行业,/home/peanut/stock_key_info/all_stocks_20260606/能源/钢铁行业/马钢股份.csv
600809,山西汾酒,白酒Ⅱ,酿酒行业,/home/peanut/stock_key_info/all_stocks_20260606/旧基建/酿酒行业/山西汾酒.csv
600810,神马股份,化学纤维,化纤行业,/home/peanut/stock_key_info/all_stocks_20260606/化工行业/化纤行业/神马股份.csv
600812,华北制药,化学制药,化学制药,/home/peanut/stock_key_info/all_stocks_20260606/医药/化学制药/华北制药.csv
600814,杭州解百,一般零售,商业百货,/home/peanut/stock_key_info/all_stocks_20260606/衣食住行/商业百货/杭州解百.csv
600815,厦工股份,工程机械,工程机械,/home/peanut/stock_key_info/all_stocks_20260606/旧基建/工程机械/厦工股份.csv
600816,建元信托,多元金融,多元金融,/home/peanut/stock_key_info/all_stocks_20260606/金融/多元金融/建元信托.csv
600817,宇通重工,环保设备Ⅱ,环保行业,/home/peanut/stock_key_info/all_stocks_20260606/衣食住行/环保行业/宇通重工.csv
600819,耀皮玻璃,玻璃玻纤,玻璃玻纤,/home/peanut/stock_key_info/all_stocks_20260606/能源/玻璃玻纤/耀皮玻璃.csv
600820,隧道股份,基础建设,工程建设,/home/peanut/stock_key_info/all_stocks_20260606/旧基建/工程建设/隧道股份.csv
600821,金开新能,电力,电力行业,/home/peanut/stock_key_info/all_stocks_20260606/电力行业/金开新能.csv
600822,上海物贸,汽车服务,汽车服务,/home/peanut/stock_key_info/all_stocks_20260606/工业制造/汽车服务/上海物贸.csv
600824,益民集团,一般零售,商业百货,/home/peanut/stock_key_info/all_stocks_20260606/衣食住行/商业百货/益民集团.csv
600825,新华传媒,出版,文化传媒,/home/peanut/stock_key_info/all_stocks_20260606/衣食住行/文化传媒/新华传媒.csv
600826,兰生股份,专业服务,专业服务,/home/peanut/stock_key_info/all_stocks_20260606/工业制造/专业服务/兰生股份.csv
600827,百联股份,一般零售,商业百货,/home/peanut/stock_key_info/all_stocks_20260606/衣食住行/商业百货/百联股份.csv
600828,茂业商业,一般零售,商业百货,/home/peanut/stock_key_info/all_stocks_20260606/衣食住行/商业百货/茂业商业.csv
600829,人民同泰,医药商业,医药商业,/home/peanut/stock_key_info/all_stocks_20260606/医药/医药商业/人民同泰.csv
600830,香溢融通,多元金融,多元金融,/home/peanut/stock_key_info/all_stocks_20260606/金融/多元金融/香溢融通.csv
600831,广电网络,电视广播Ⅱ,文化传媒,/home/peanut/stock_key_info/all_stocks_20260606/衣食住行/文化传媒/广电网络.csv
600833,第一医药,医药商业,医药商业,/home/peanut/stock_key_info/all_stocks_20260606/医药/医药商业/第一医药.csv
600834,申通地铁,铁路公路,铁路公路,/home/peanut/stock_key_info/all_stocks_20260606/旧基建/铁路公路/申通地铁.csv
600835,上海机电,专用设备,专用设备,/home/peanut/stock_key_info/all_stocks_20260606/工业制造/专用设备/上海机电.csv
600838,上海九百,一般零售,商业百货,/home/peanut/stock_key_info/all_stocks_20260606/衣食住行/商业百货/上海九百.csv
600839,四川长虹,黑色家电,家电行业,/home/peanut/stock_key_info/all_stocks_20260606/衣食住行/家电行业/四川长虹.csv
600841,动力新科,汽车零部件,汽车零部件,/home/peanut/stock_key_info/all_stocks_20260606/工业制造/汽车零部件/动力新科.csv
600843,上工申贝,专用设备,专用设备,/home/peanut/stock_key_info/all_stocks_20260606/工业制造/专用设备/上工申贝.csv
600844,金煤科技,化学原料,化学原料,/home/peanut/stock_key_info/all_stocks_20260606/化工行业/化学原料/金煤科技.csv
600845,宝信软件,IT服务Ⅱ,软件开发,/home/peanut/stock_key_info/all_stocks_20260606/TMT/软件开发/宝信软件.csv
600846,同济科技,工程咨询服务Ⅱ,工程咨询服务,/home/peanut/stock_key_info/all_stocks_20260606/旧基建/工程咨询服务/同济科技.csv
600847,万里股份,电池,电池,/home/peanut/stock_key_info/all_stocks_20260606/能源/电池/万里股份.csv
600848,上海临港,房地产开发,房地产开发,/home/peanut/stock_key_info/all_stocks_20260606/旧基建/房地产开发/上海临港.csv
600850,电科数字,IT服务Ⅱ,软件开发,/home/peanut/stock_key_info/all_stocks_20260606/TMT/软件开发/电科数字.csv
600851,海欣股份,化学制药,化学制药,/home/peanut/stock_key_info/all_stocks_20260606/医药/化学制药/海欣股份.csv
600853,龙建股份,基础建设,工程建设,/home/peanut/stock_key_info/all_stocks_20260606/旧基建/工程建设/龙建股份.csv
600854,春兰股份,房地产开发,房地产开发,/home/peanut/stock_key_info/all_stocks_20260606/旧基建/房地产开发/春兰股份.csv
600855,航天长峰,军工电子Ⅱ,航天航空,/home/peanut/stock_key_info/all_stocks_20260606/航天航空/航天长峰.csv
600857,宁波中百,一般零售,商业百货,/home/peanut/stock_key_info/all_stocks_20260606/衣食住行/商业百货/宁波中百.csv
600858,银座股份,一般零售,商业百货,/home/peanut/stock_key_info/all_stocks_20260606/衣食住行/商业百货/银座股份.csv
600859,王府井,一般零售,商业百货,/home/peanut/stock_key_info/all_stocks_20260606/衣食住行/商业百货/王府井.csv
600860,京城股份,通用设备,通用设备,/home/peanut/stock_key_info/all_stocks_20260606/TMT/通用设备/京城股份.csv
600861,北京人力,专业服务,专业服务,/home/peanut/stock_key_info/all_stocks_20260606/工业制造/专业服务/北京人力.csv
600862,中航高科,航空装备Ⅱ,航天航空,/home/peanut/stock_key_info/all_stocks_20260606/航天航空/中航高科.csv
600863,华能蒙电,电力,电力行业,/home/peanut/stock_key_info/all_stocks_20260606/电力行业/华能蒙电.csv
600864,哈投股份,证券Ⅱ,证券,/home/peanut/stock_key_info/all_stocks_20260606/金融/证券/哈投股份.csv
600865,百大集团,一般零售,商业百货,/home/peanut/stock_key_info/all_stocks_20260606/衣食住行/商业百货/百大集团.csv
600866,星湖科技,化学制品,化学制品,/home/peanut/stock_key_info/all_stocks_20260606/化工行业/化学制品/星湖科技.csv
600867,通化东宝,生物制品,生物制品,/home/peanut/stock_key_info/all_stocks_20260606/医药/生物制品/通化东宝.csv
600868,梅雁吉祥,电力,电力行业,/home/peanut/stock_key_info/all_stocks_20260606/电力行业/梅雁吉祥.csv
600869,远东股份,电网设备,电网设备,/home/peanut/stock_key_info/all_stocks_20260606/能源/电网设备/远东股份.csv
600871,石化油服,油服工程,石油行业,/home/peanut/stock_key_info/all_stocks_20260606/能源/石油行业/石化油服.csv
600872,中炬高新,调味发酵品Ⅱ,食品饮料,/home/peanut/stock_key_info/all_stocks_20260606/衣食住行/食品饮料/中炬高新.csv
600873,梅花生物,化学制品,化学制品,/home/peanut/stock_key_info/all_stocks_20260606/化工行业/化学制品/梅花生物.csv
600874,创业环保,环境治理,环保行业,/home/peanut/stock_key_info/all_stocks_20260606/衣食住行/环保行业/创业环保.csv
600875,东方电气,其他电源设备Ⅱ,电源设备,/home/peanut/stock_key_info/all_stocks_20260606/能源/电源设备/东方电气.csv
600876,凯盛新能,玻璃玻纤,玻璃玻纤,/home/peanut/stock_key_info/all_stocks_20260606/能源/玻璃玻纤/凯盛新能.csv
600877,电科芯片,半导体,半导体,/home/peanut/stock_key_info/all_stocks_20260606/TMT/半导体/电科芯片.csv
600879,航天电子,航天装备Ⅱ,航天航空,/home/peanut/stock_key_info/all_stocks_20260606/航天航空/航天电子.csv
600880,博瑞传播,教育,教育,/home/peanut/stock_key_info/all_stocks_20260606/衣食住行/教育/博瑞传播.csv
600881,亚泰集团,综合Ⅱ,综合行业,/home/peanut/stock_key_info/all_stocks_20260606/综合行业/亚泰集团.csv
600882,妙可蓝多,饮料乳品,食品饮料,/home/peanut/stock_key_info/all_stocks_20260606/衣食住行/食品饮料/妙可蓝多.csv
600883,博闻科技,种植业,农牧饲渔,/home/peanut/stock_key_info/all_stocks_20260606/衣食住行/农牧饲渔/博闻科技.csv
600884,杉杉股份,电池,电池,/home/peanut/stock_key_info/all_stocks_20260606/能源/电池/杉杉股份.csv
600885,宏发股份,电网设备,电网设备,/home/peanut/stock_key_info/all_stocks_20260606/能源/电网设备/宏发股份.csv
600886,国投电力,电力,电力行业,/home/peanut/stock_key_info/all_stocks_20260606/电力行业/国投电力.csv
600887,伊利股份,饮料乳品,食品饮料,/home/peanut/stock_key_info/all_stocks_20260606/衣食住行/食品饮料/伊利股份.csv
600888,XD新疆众,工业金属,有色金属,/home/peanut/stock_key_info/all_stocks_20260606/能源/有色金属/XD新疆众.csv
600893,航发动力,航空装备Ⅱ,航天航空,/home/peanut/stock_key_info/all_stocks_20260606/航天航空/航发动力.csv
600894,广日股份,专用设备,专用设备,/home/peanut/stock_key_info/all_stocks_20260606/工业制造/专用设备/广日股份.csv
600895,张江高科,房地产开发,房地产开发,/home/peanut/stock_key_info/all_stocks_20260606/旧基建/房地产开发/张江高科.csv
600897,厦门空港,航空机场,航空机场,/home/peanut/stock_key_info/all_stocks_20260606/衣食住行/航空机场/厦门空港.csv
600900,长江电力,电力,电力行业,/home/peanut/stock_key_info/all_stocks_20260606/电力行业/长江电力.csv
600901,江苏金租,多元金融,多元金融,/home/peanut/stock_key_info/all_stocks_20260606/金融/多元金融/江苏金租.csv
600903,贵州燃气,燃气Ⅱ,燃气,/home/peanut/stock_key_info/all_stocks_20260606/能源/燃气/贵州燃气.csv
600905,三峡能源,电力,电力行业,/home/peanut/stock_key_info/all_stocks_20260606/电力行业/三峡能源.csv
600906,财达证券,证券Ⅱ,证券,/home/peanut/stock_key_info/all_stocks_20260606/金融/证券/财达证券.csv
600908,无锡银行,银行Ⅱ,银行,/home/peanut/stock_key_info/all_stocks_20260606/金融/银行/无锡银行.csv
600909,华安证券,证券Ⅱ,证券,/home/peanut/stock_key_info/all_stocks_20260606/金融/证券/华安证券.csv
600916,中国黄金,饰品,珠宝首饰,/home/peanut/stock_key_info/all_stocks_20260606/衣食住行/珠宝首饰/中国黄金.csv
600917,重庆燃气,燃气Ⅱ,燃气,/home/peanut/stock_key_info/all_stocks_20260606/能源/燃气/重庆燃气.csv
600918,中泰证券,证券Ⅱ,证券,/home/peanut/stock_key_info/all_stocks_20260606/金融/证券/中泰证券.csv
600919,江苏银行,银行Ⅱ,银行,/home/peanut/stock_key_info/all_stocks_20260606/金融/银行/江苏银行.csv
600925,苏能股份,煤炭开采,煤炭行业,/home/peanut/stock_key_info/all_stocks_20260606/能源/煤炭行业/苏能股份.csv
600926,杭州银行,银行Ⅱ,银行,/home/peanut/stock_key_info/all_stocks_20260606/金融/银行/杭州银行.csv
600927,永安期货,多元金融,多元金融,/home/peanut/stock_key_info/all_stocks_20260606/金融/多元金融/永安期货.csv
600928,西安银行,银行Ⅱ,银行,/home/peanut/stock_key_info/all_stocks_20260606/金融/银行/西安银行.csv
600929,雪天盐业,化学原料,化学原料,/home/peanut/stock_key_info/all_stocks_20260606/化工行业/化学原料/雪天盐业.csv
600930,华电新能,电力,电力行业,/home/peanut/stock_key_info/all_stocks_20260606/电力行业/华电新能.csv
600933,爱柯迪,汽车零部件,汽车零部件,/home/peanut/stock_key_info/all_stocks_20260606/工业制造/汽车零部件/爱柯迪.csv
600935,华塑股份,化学原料,化学原料,/home/peanut/stock_key_info/all_stocks_20260606/化工行业/化学原料/华塑股份.csv
600936,北投科技,IT服务Ⅱ,软件开发,/home/peanut/stock_key_info/all_stocks_20260606/TMT/软件开发/北投科技.csv
600938,中国海油,油气开采Ⅱ,石油行业,/home/peanut/stock_key_info/all_stocks_20260606/能源/石油行业/中国海油.csv
600939,重庆建工,房屋建设Ⅱ,工程建设,/home/peanut/stock_key_info/all_stocks_20260606/旧基建/工程建设/重庆建工.csv
600941,中国移动,通信服务,通信服务,/home/peanut/stock_key_info/all_stocks_20260606/TMT/通信服务/中国移动.csv
600955,维远股份,化学原料,化学原料,/home/peanut/stock_key_info/all_stocks_20260606/化工行业/化学原料/维远股份.csv
600956,新天绿能,电力,电力行业,/home/peanut/stock_key_info/all_stocks_20260606/电力行业/新天绿能.csv
600958,东方证券,证券Ⅱ,证券,/home/peanut/stock_key_info/all_stocks_20260606/金融/证券/东方证券.csv
600959,江苏有线,电视广播Ⅱ,文化传媒,/home/peanut/stock_key_info/all_stocks_20260606/衣食住行/文化传媒/江苏有线.csv
600960,渤海汽车,汽车零部件,汽车零部件,/home/peanut/stock_key_info/all_stocks_20260606/工业制造/汽车零部件/渤海汽车.csv
600961,株冶集团,工业金属,有色金属,/home/peanut/stock_key_info/all_stocks_20260606/能源/有色金属/株冶集团.csv
600962,国投中鲁,农产品加工,农牧饲渔,/home/peanut/stock_key_info/all_stocks_20260606/衣食住行/农牧饲渔/国投中鲁.csv
600963,岳阳林纸,造纸,造纸印刷,/home/peanut/stock_key_info/all_stocks_20260606/旧基建/造纸印刷/岳阳林纸.csv
600966,博汇纸业,造纸,造纸印刷,/home/peanut/stock_key_info/all_stocks_20260606/旧基建/造纸印刷/博汇纸业.csv
600967,内蒙一机,地面兵装Ⅱ,航天航空,/home/peanut/stock_key_info/all_stocks_20260606/航天航空/内蒙一机.csv
600968,海油发展,油服工程,石油行业,/home/peanut/stock_key_info/all_stocks_20260606/能源/石油行业/海油发展.csv
600969,郴电国际,电力,电力行业,/home/peanut/stock_key_info/all_stocks_20260606/电力行业/郴电国际.csv
600970,中材国际,专业工程,工程建设,/home/peanut/stock_key_info/all_stocks_20260606/旧基建/工程建设/中材国际.csv
600971,恒源煤电,煤炭开采,煤炭行业,/home/peanut/stock_key_info/all_stocks_20260606/能源/煤炭行业/恒源煤电.csv
600973,宝胜股份,电网设备,电网设备,/home/peanut/stock_key_info/all_stocks_20260606/能源/电网设备/宝胜股份.csv
600975,新五丰,养殖业,农牧饲渔,/home/peanut/stock_key_info/all_stocks_20260606/衣食住行/农牧饲渔/新五丰.csv
600976,健民集团,中药Ⅱ,中药,/home/peanut/stock_key_info/all_stocks_20260606/医药/中药/健民集团.csv
600977,中国电影,影视院线,文化传媒,/home/peanut/stock_key_info/all_stocks_20260606/衣食住行/文化传媒/中国电影.csv
600979,广安爱众,电力,电力行业,/home/peanut/stock_key_info/all_stocks_20260606/电力行业/广安爱众.csv
600981,苏豪汇鸿,贸易Ⅱ,贸易行业,/home/peanut/stock_key_info/all_stocks_20260606/衣食住行/贸易行业/苏豪汇鸿.csv
600980,北矿科技,专用设备,专用设备,/home/peanut/stock_key_info/all_stocks_20260606/工业制造/专用设备/北矿科技.csv
600982,宁波能源,电力,电力行业,/home/peanut/stock_key_info/all_stocks_20260606/电力行业/宁波能源.csv
600983,惠而浦,白色家电,家电行业,/home/peanut/stock_key_info/all_stocks_20260606/衣食住行/家电行业/惠而浦.csv
600984,建设机械,工程机械,工程机械,/home/peanut/stock_key_info/all_stocks_20260606/旧基建/工程机械/建设机械.csv
600985,淮北矿业,煤炭开采,煤炭行业,/home/peanut/stock_key_info/all_stocks_20260606/能源/煤炭行业/淮北矿业.csv
600986,浙文互联,广告营销,文化传媒,/home/peanut/stock_key_info/all_stocks_20260606/衣食住行/文化传媒/浙文互联.csv
600987,航民股份,纺织制造,纺织服装,/home/peanut/stock_key_info/all_stocks_20260606/衣食住行/纺织服装/航民股份.csv
600988,赤峰黄金,贵金属,贵金属,/home/peanut/stock_key_info/all_stocks_20260606/能源/贵金属/赤峰黄金.csv
600989,宝丰能源,化学原料,化学原料,/home/peanut/stock_key_info/all_stocks_20260606/化工行业/化学原料/宝丰能源.csv
600990,四创电子,军工电子Ⅱ,航天航空,/home/peanut/stock_key_info/all_stocks_20260606/航天航空/四创电子.csv
600992,贵绳股份,通用设备,通用设备,/home/peanut/stock_key_info/all_stocks_20260606/TMT/通用设备/贵绳股份.csv
600993,马应龙,中药Ⅱ,中药,/home/peanut/stock_key_info/all_stocks_20260606/医药/中药/马应龙.csv
600995,南网储能,电力,电力行业,/home/peanut/stock_key_info/all_stocks_20260606/电力行业/南网储能.csv
600996,贵广网络,电视广播Ⅱ,文化传媒,/home/peanut/stock_key_info/all_stocks_20260606/衣食住行/文化传媒/贵广网络.csv
600997,开滦股份,焦炭Ⅱ,煤炭行业,/home/peanut/stock_key_info/all_stocks_20260606/能源/煤炭行业/开滦股份.csv
600998,九州通,医药商业,医药商业,/home/peanut/stock_key_info/all_stocks_20260606/医药/医药商业/九州通.csv
600999,招商证券,证券Ⅱ,证券,/home/peanut/stock_key_info/all_stocks_20260606/金融/证券/招商证券.csv
601000,唐山港,航运港口,航运港口,/home/peanut/stock_key_info/all_stocks_20260606/航运物流/航运港口/唐山港.csv
601001,晋控煤业,煤炭开采,煤炭行业,/home/peanut/stock_key_info/all_stocks_20260606/能源/煤炭行业/晋控煤业.csv
601002,晋亿实业,通用设备,通用设备,/home/peanut/stock_key_info/all_stocks_20260606/TMT/通用设备/晋亿实业.csv
601003,柳钢股份,普钢,钢铁行业,/home/peanut/stock_key_info/all_stocks_20260606/能源/钢铁行业/柳钢股份.csv
601005,重庆钢铁,普钢,钢铁行业,/home/peanut/stock_key_info/all_stocks_20260606/能源/钢铁行业/重庆钢铁.csv
601006,大秦铁路,铁路公路,铁路公路,/home/peanut/stock_key_info/all_stocks_20260606/旧基建/铁路公路/大秦铁路.csv
601007,金陵饭店,酒店餐饮,旅游酒店,/home/peanut/stock_key_info/all_stocks_20260606/衣食住行/旅游酒店/金陵饭店.csv
601008,连云港,航运港口,航运港口,/home/peanut/stock_key_info/all_stocks_20260606/航运物流/航运港口/连云港.csv
601009,南京银行,银行Ⅱ,银行,/home/peanut/stock_key_info/all_stocks_20260606/金融/银行/南京银行.csv
601011,宝泰隆,焦炭Ⅱ,煤炭行业,/home/peanut/stock_key_info/all_stocks_20260606/能源/煤炭行业/宝泰隆.csv
601012,隆基绿能,光伏设备,光伏设备,/home/peanut/stock_key_info/all_stocks_20260606/能源/光伏设备/隆基绿能.csv
601015,陕西黑猫,焦炭Ⅱ,煤炭行业,/home/peanut/stock_key_info/all_stocks_20260606/能源/煤炭行业/陕西黑猫.csv
601016,XD节能风,电力,电力行业,/home/peanut/stock_key_info/all_stocks_20260606/电力行业/XD节能风.csv
601018,宁波港,航运港口,航运港口,/home/peanut/stock_key_info/all_stocks_20260606/航运物流/航运港口/宁波港.csv
601019,山东出版,出版,文化传媒,/home/peanut/stock_key_info/all_stocks_20260606/衣食住行/文化传媒/山东出版.csv
601020,华钰矿业,工业金属,有色金属,/home/peanut/stock_key_info/all_stocks_20260606/能源/有色金属/华钰矿业.csv
601021,春秋航空,航空机场,航空机场,/home/peanut/stock_key_info/all_stocks_20260606/衣食住行/航空机场/春秋航空.csv
601022,宁波远洋,航运港口,航运港口,/home/peanut/stock_key_info/all_stocks_20260606/航运物流/航运港口/宁波远洋.csv
601026,道生天合,风电设备,风电设备,/home/peanut/stock_key_info/all_stocks_20260606/能源/风电设备/道生天合.csv
601033,永兴股份,环境治理,环保行业,/home/peanut/stock_key_info/all_stocks_20260606/衣食住行/环保行业/永兴股份.csv
601038,一拖股份,专用设备,专用设备,/home/peanut/stock_key_info/all_stocks_20260606/工业制造/专用设备/一拖股份.csv
601058,赛轮轮胎,汽车零部件,汽车零部件,/home/peanut/stock_key_info/all_stocks_20260606/工业制造/汽车零部件/赛轮轮胎.csv
601059,信达证券,证券Ⅱ,证券,/home/peanut/stock_key_info/all_stocks_20260606/金融/证券/信达证券.csv
601061,中信金属,贸易Ⅱ,贸易行业,/home/peanut/stock_key_info/all_stocks_20260606/衣食住行/贸易行业/中信金属.csv
601065,江盐集团,化学原料,化学原料,/home/peanut/stock_key_info/all_stocks_20260606/化工行业/化学原料/江盐集团.csv
601066,中信建投,证券Ⅱ,证券,/home/peanut/stock_key_info/all_stocks_20260606/金融/证券/中信建投.csv
601068,中铝国际,专业工程,工程建设,/home/peanut/stock_key_info/all_stocks_20260606/旧基建/工程建设/中铝国际.csv
601069,西部黄金,贵金属,贵金属,/home/peanut/stock_key_info/all_stocks_20260606/能源/贵金属/西部黄金.csv
601077,渝农商行,银行Ⅱ,银行,/home/peanut/stock_key_info/all_stocks_20260606/金融/银行/渝农商行.csv
601083,锦江航运,航运港口,航运港口,/home/peanut/stock_key_info/all_stocks_20260606/航运物流/航运港口/锦江航运.csv
601086,国芳集团,一般零售,商业百货,/home/peanut/stock_key_info/all_stocks_20260606/衣食住行/商业百货/国芳集团.csv
601088,中国神华,煤炭开采,煤炭行业,/home/peanut/stock_key_info/all_stocks_20260606/能源/煤炭行业/中国神华.csv
601089,福元医药,化学制药,化学制药,/home/peanut/stock_key_info/all_stocks_20260606/医药/化学制药/福元医药.csv
601096,宏盛华源,专业工程,工程建设,/home/peanut/stock_key_info/all_stocks_20260606/旧基建/工程建设/宏盛华源.csv
601098,中南传媒,出版,文化传媒,/home/peanut/stock_key_info/all_stocks_20260606/衣食住行/文化传媒/中南传媒.csv
601099,太平洋,证券Ⅱ,证券,/home/peanut/stock_key_info/all_stocks_20260606/金融/证券/太平洋.csv
601100,恒立液压,工程机械,工程机械,/home/peanut/stock_key_info/all_stocks_20260606/旧基建/工程机械/恒立液压.csv
601101,昊华能源,煤炭开采,煤炭行业,/home/peanut/stock_key_info/all_stocks_20260606/能源/煤炭行业/昊华能源.csv
601106,中国一重,专用设备,专用设备,/home/peanut/stock_key_info/all_stocks_20260606/工业制造/专用设备/中国一重.csv
601107,四川成渝,铁路公路,铁路公路,/home/peanut/stock_key_info/all_stocks_20260606/旧基建/铁路公路/四川成渝.csv
601108,财通证券,证券Ⅱ,证券,/home/peanut/stock_key_info/all_stocks_20260606/金融/证券/财通证券.csv
601111,中国国航,航空机场,航空机场,/home/peanut/stock_key_info/all_stocks_20260606/衣食住行/航空机场/中国国航.csv
601112,振石股份,玻璃玻纤,玻璃玻纤,/home/peanut/stock_key_info/all_stocks_20260606/能源/玻璃玻纤/振石股份.csv
601113,华鼎股份,化学纤维,化纤行业,/home/peanut/stock_key_info/all_stocks_20260606/化工行业/化纤行业/华鼎股份.csv
601116,三江购物,一般零售,商业百货,/home/peanut/stock_key_info/all_stocks_20260606/衣食住行/商业百货/三江购物.csv
601117,中国化学,专业工程,工程建设,/home/peanut/stock_key_info/all_stocks_20260606/旧基建/工程建设/中国化学.csv
601121,宝地矿业,冶钢原料,钢铁行业,/home/peanut/stock_key_info/all_stocks_20260606/能源/钢铁行业/宝地矿业.csv
601118,海南橡胶,种植业,农牧饲渔,/home/peanut/stock_key_info/all_stocks_20260606/衣食住行/农牧饲渔/海南橡胶.csv
601126,四方股份,电网设备,电网设备,/home/peanut/stock_key_info/all_stocks_20260606/能源/电网设备/四方股份.csv
601127,赛力斯,乘用车,汽车整车,/home/peanut/stock_key_info/all_stocks_20260606/工业制造/汽车整车/赛力斯.csv
601133,柏诚股份,专业工程,工程建设,/home/peanut/stock_key_info/all_stocks_20260606/旧基建/工程建设/柏诚股份.csv
601128,常熟银行,银行Ⅱ,银行,/home/peanut/stock_key_info/all_stocks_20260606/金融/银行/常熟银行.csv
601136,首创证券,证券Ⅱ,证券,/home/peanut/stock_key_info/all_stocks_20260606/金融/证券/首创证券.csv
601137,博威合金,金属新材料,小金属,/home/peanut/stock_key_info/all_stocks_20260606/能源/小金属/博威合金.csv
601138,工业富联,消费电子,消费电子,/home/peanut/stock_key_info/all_stocks_20260606/工业制造/消费电子/工业富联.csv
601139,深圳燃气,燃气Ⅱ,燃气,/home/peanut/stock_key_info/all_stocks_20260606/能源/燃气/深圳燃气.csv
601155,新城控股,房地产开发,房地产开发,/home/peanut/stock_key_info/all_stocks_20260606/旧基建/房地产开发/新城控股.csv
601156,东航物流,物流,物流行业,/home/peanut/stock_key_info/all_stocks_20260606/航运物流/物流行业/东航物流.csv
601162,天风证券,证券Ⅱ,证券,/home/peanut/stock_key_info/all_stocks_20260606/金融/证券/天风证券.csv
601158,XD重庆水,环境治理,环保行业,/home/peanut/stock_key_info/all_stocks_20260606/衣食住行/环保行业/XD重庆水.csv
601163,三角轮胎,汽车零部件,汽车零部件,/home/peanut/stock_key_info/all_stocks_20260606/工业制造/汽车零部件/三角轮胎.csv
601166,XD兴业银,银行Ⅱ,银行,/home/peanut/stock_key_info/all_stocks_20260606/金融/银行/XD兴业银.csv
601169,北京银行,银行Ⅱ,银行,/home/peanut/stock_key_info/all_stocks_20260606/金融/银行/北京银行.csv
601168,西部矿业,工业金属,有色金属,/home/peanut/stock_key_info/all_stocks_20260606/能源/有色金属/西部矿业.csv
601177,杭齿前进,通用设备,通用设备,/home/peanut/stock_key_info/all_stocks_20260606/TMT/通用设备/杭齿前进.csv
601179,中国西电,电网设备,电网设备,/home/peanut/stock_key_info/all_stocks_20260606/能源/电网设备/中国西电.csv
601187,厦门银行,银行Ⅱ,银行,/home/peanut/stock_key_info/all_stocks_20260606/金融/银行/厦门银行.csv
601186,中国铁建,基础建设,工程建设,/home/peanut/stock_key_info/all_stocks_20260606/旧基建/工程建设/中国铁建.csv
601188,龙江交通,铁路公路,铁路公路,/home/peanut/stock_key_info/all_stocks_20260606/旧基建/铁路公路/龙江交通.csv
601198,东兴证券,证券Ⅱ,证券,/home/peanut/stock_key_info/all_stocks_20260606/金融/证券/东兴证券.csv
601199,江南水务,环境治理,环保行业,/home/peanut/stock_key_info/all_stocks_20260606/衣食住行/环保行业/江南水务.csv
601200,上海环境,环境治理,环保行业,/home/peanut/stock_key_info/all_stocks_20260606/衣食住行/环保行业/上海环境.csv
601208,东材科技,塑料,塑料制品,/home/peanut/stock_key_info/all_stocks_20260606/化工行业/塑料制品/东材科技.csv
601211,国泰海通,证券Ⅱ,证券,/home/peanut/stock_key_info/all_stocks_20260606/金融/证券/国泰海通.csv
601212,白银有色,工业金属,有色金属,/home/peanut/stock_key_info/all_stocks_20260606/能源/有色金属/白银有色.csv
601216,君正集团,化学原料,化学原料,/home/peanut/stock_key_info/all_stocks_20260606/化工行业/化学原料/君正集团.csv
601218,吉鑫科技,风电设备,风电设备,/home/peanut/stock_key_info/all_stocks_20260606/能源/风电设备/吉鑫科技.csv
601222,林洋能源,电网设备,电网设备,/home/peanut/stock_key_info/all_stocks_20260606/能源/电网设备/林洋能源.csv
601225,陕西煤业,煤炭开采,煤炭行业,/home/peanut/stock_key_info/all_stocks_20260606/能源/煤炭行业/陕西煤业.csv
601226,华电科工,专业工程,工程建设,/home/peanut/stock_key_info/all_stocks_20260606/旧基建/工程建设/华电科工.csv
601228,广州港,航运港口,航运港口,/home/peanut/stock_key_info/all_stocks_20260606/航运物流/航运港口/广州港.csv
601229,上海银行,银行Ⅱ,银行,/home/peanut/stock_key_info/all_stocks_20260606/金融/银行/上海银行.csv
601231,环旭电子,消费电子,消费电子,/home/peanut/stock_key_info/all_stocks_20260606/工业制造/消费电子/环旭电子.csv
601233,桐昆股份,炼化及贸易,石油行业,/home/peanut/stock_key_info/all_stocks_20260606/能源/石油行业/桐昆股份.csv
601236,红塔证券,证券Ⅱ,证券,/home/peanut/stock_key_info/all_stocks_20260606/金融/证券/红塔证券.csv
601238,广汽集团,乘用车,汽车整车,/home/peanut/stock_key_info/all_stocks_20260606/工业制造/汽车整车/广汽集团.csv
601279,英利汽车,汽车零部件,汽车零部件,/home/peanut/stock_key_info/all_stocks_20260606/工业制造/汽车零部件/英利汽车.csv
601288,农业银行,银行Ⅱ,银行,/home/peanut/stock_key_info/all_stocks_20260606/金融/银行/农业银行.csv
601298,青岛港,航运港口,航运港口,/home/peanut/stock_key_info/all_stocks_20260606/航运物流/航运港口/青岛港.csv
601311,骆驼股份,电池,电池,/home/peanut/stock_key_info/all_stocks_20260606/能源/电池/骆驼股份.csv
601318,中国平安,保险Ⅱ,保险,/home/peanut/stock_key_info/all_stocks_20260606/金融/保险/中国平安.csv
601319,中国人保,保险Ⅱ,保险,/home/peanut/stock_key_info/all_stocks_20260606/金融/保险/中国人保.csv
601326,秦港股份,航运港口,航运港口,/home/peanut/stock_key_info/all_stocks_20260606/航运物流/航运港口/秦港股份.csv
601328,交通银行,银行Ⅱ,银行,/home/peanut/stock_key_info/all_stocks_20260606/金融/银行/交通银行.csv
601330,绿色动力,环境治理,环保行业,/home/peanut/stock_key_info/all_stocks_20260606/衣食住行/环保行业/绿色动力.csv
601333,广深铁路,铁路公路,铁路公路,/home/peanut/stock_key_info/all_stocks_20260606/旧基建/铁路公路/广深铁路.csv
601336,新华保险,保险Ⅱ,保险,/home/peanut/stock_key_info/all_stocks_20260606/金融/保险/新华保险.csv
601339,百隆东方,纺织制造,纺织服装,/home/peanut/stock_key_info/all_stocks_20260606/衣食住行/纺织服装/百隆东方.csv
601360,三六零,软件开发,软件开发,/home/peanut/stock_key_info/all_stocks_20260606/TMT/软件开发/三六零.csv
601366,利群股份,一般零售,商业百货,/home/peanut/stock_key_info/all_stocks_20260606/衣食住行/商业百货/利群股份.csv
601368,绿城水务,环境治理,环保行业,/home/peanut/stock_key_info/all_stocks_20260606/衣食住行/环保行业/绿城水务.csv
601369,陕鼓动力,专用设备,专用设备,/home/peanut/stock_key_info/all_stocks_20260606/工业制造/专用设备/陕鼓动力.csv
601375,中原证券,证券Ⅱ,证券,/home/peanut/stock_key_info/all_stocks_20260606/金融/证券/中原证券.csv
601377,兴业证券,证券Ⅱ,证券,/home/peanut/stock_key_info/all_stocks_20260606/金融/证券/兴业证券.csv
601388,怡球资源,工业金属,有色金属,/home/peanut/stock_key_info/all_stocks_20260606/能源/有色金属/怡球资源.csv
601390,中国中铁,基础建设,工程建设,/home/peanut/stock_key_info/all_stocks_20260606/旧基建/工程建设/中国中铁.csv
601398,工商银行,银行Ⅱ,银行,/home/peanut/stock_key_info/all_stocks_20260606/金融/银行/工商银行.csv
601399,国机重装,专用设备,专用设备,/home/peanut/stock_key_info/all_stocks_20260606/工业制造/专用设备/国机重装.csv
601456,国联民生,证券Ⅱ,证券,/home/peanut/stock_key_info/all_stocks_20260606/金融/证券/国联民生.csv
601500,通用股份,汽车零部件,汽车零部件,/home/peanut/stock_key_info/all_stocks_20260606/工业制造/汽车零部件/通用股份.csv
601512,中新集团,房地产开发,房地产开发,/home/peanut/stock_key_info/all_stocks_20260606/旧基建/房地产开发/中新集团.csv
601515,衢州东峰,包装印刷,造纸印刷,/home/peanut/stock_key_info/all_stocks_20260606/旧基建/造纸印刷/衢州东峰.csv
601518,吉林高速,铁路公路,铁路公路,/home/peanut/stock_key_info/all_stocks_20260606/旧基建/铁路公路/吉林高速.csv
601519,大智慧,软件开发,软件开发,/home/peanut/stock_key_info/all_stocks_20260606/TMT/软件开发/大智慧.csv
601528,瑞丰银行,银行Ⅱ,银行,/home/peanut/stock_key_info/all_stocks_20260606/金融/银行/瑞丰银行.csv
601555,东吴证券,证券Ⅱ,证券,/home/peanut/stock_key_info/all_stocks_20260606/金融/证券/东吴证券.csv
601566,九牧王,服装家纺,纺织服装,/home/peanut/stock_key_info/all_stocks_20260606/衣食住行/纺织服装/九牧王.csv
601567,三星电气,电网设备,电网设备,/home/peanut/stock_key_info/all_stocks_20260606/能源/电网设备/三星电气.csv
601568,北元化工,化学原料,化学原料,/home/peanut/stock_key_info/all_stocks_20260606/化工行业/化学原料/北元化工.csv
601577,长沙银行,银行Ⅱ,银行,/home/peanut/stock_key_info/all_stocks_20260606/金融/银行/长沙银行.csv
601579,会稽山,非白酒,酿酒行业,/home/peanut/stock_key_info/all_stocks_20260606/旧基建/酿酒行业/会稽山.csv
601588,北辰实业,房地产开发,房地产开发,/home/peanut/stock_key_info/all_stocks_20260606/旧基建/房地产开发/北辰实业.csv
601595,上海电影,影视院线,文化传媒,/home/peanut/stock_key_info/all_stocks_20260606/衣食住行/文化传媒/上海电影.csv
601598,中国外运,物流,物流行业,/home/peanut/stock_key_info/all_stocks_20260606/航运物流/物流行业/中国外运.csv
601599,浙文影业,纺织制造,纺织服装,/home/peanut/stock_key_info/all_stocks_20260606/衣食住行/纺织服装/浙文影业.csv
601600,中国铝业,工业金属,有色金属,/home/peanut/stock_key_info/all_stocks_20260606/能源/有色金属/中国铝业.csv
601601,中国太保,保险Ⅱ,保险,/home/peanut/stock_key_info/all_stocks_20260606/金融/保险/中国太保.csv
601606,长城军工,地面兵装Ⅱ,航天航空,/home/peanut/stock_key_info/all_stocks_20260606/航天航空/长城军工.csv
601607,上海医药,医药商业,医药商业,/home/peanut/stock_key_info/all_stocks_20260606/医药/医药商业/上海医药.csv
601608,中信重工,专用设备,专用设备,/home/peanut/stock_key_info/all_stocks_20260606/工业制造/专用设备/中信重工.csv
601609,金田股份,工业金属,有色金属,/home/peanut/stock_key_info/all_stocks_20260606/能源/有色金属/金田股份.csv
601611,中国核建,基础建设,工程建设,/home/peanut/stock_key_info/all_stocks_20260606/旧基建/工程建设/中国核建.csv
601615,明阳智能,风电设备,风电设备,/home/peanut/stock_key_info/all_stocks_20260606/能源/风电设备/明阳智能.csv
601616,广电电气,电网设备,电网设备,/home/peanut/stock_key_info/all_stocks_20260606/能源/电网设备/广电电气.csv
601618,中国中冶,专业工程,工程建设,/home/peanut/stock_key_info/all_stocks_20260606/旧基建/工程建设/中国中冶.csv
601619,嘉泽新能,电力,电力行业,/home/peanut/stock_key_info/all_stocks_20260606/电力行业/嘉泽新能.csv
601628,中国人寿,保险Ⅱ,保险,/home/peanut/stock_key_info/all_stocks_20260606/金融/保险/中国人寿.csv
601633,长城汽车,乘用车,汽车整车,/home/peanut/stock_key_info/all_stocks_20260606/工业制造/汽车整车/长城汽车.csv
601636,旗滨集团,玻璃玻纤,玻璃玻纤,/home/peanut/stock_key_info/all_stocks_20260606/能源/玻璃玻纤/旗滨集团.csv
601658,邮储银行,银行Ⅱ,银行,/home/peanut/stock_key_info/all_stocks_20260606/金融/银行/邮储银行.csv
601665,齐鲁银行,银行Ⅱ,银行,/home/peanut/stock_key_info/all_stocks_20260606/金融/银行/齐鲁银行.csv
601666,平煤股份,煤炭开采,煤炭行业,/home/peanut/stock_key_info/all_stocks_20260606/能源/煤炭行业/平煤股份.csv
601668,中国建筑,房屋建设Ⅱ,工程建设,/home/peanut/stock_key_info/all_stocks_20260606/旧基建/工程建设/中国建筑.csv
601669,中国电建,基础建设,工程建设,/home/peanut/stock_key_info/all_stocks_20260606/旧基建/工程建设/中国电建.csv
601677,XD明泰铝,工业金属,有色金属,/home/peanut/stock_key_info/all_stocks_20260606/能源/有色金属/XD明泰铝.csv
601678,滨化股份,化学原料,化学原料,/home/peanut/stock_key_info/all_stocks_20260606/化工行业/化学原料/滨化股份.csv
601686,友发集团,普钢,钢铁行业,/home/peanut/stock_key_info/all_stocks_20260606/能源/钢铁行业/友发集团.csv
601688,华泰证券,证券Ⅱ,证券,/home/peanut/stock_key_info/all_stocks_20260606/金融/证券/华泰证券.csv
601689,拓普集团,汽车零部件,汽车零部件,/home/peanut/stock_key_info/all_stocks_20260606/工业制造/汽车零部件/拓普集团.csv
601696,中银证券,证券Ⅱ,证券,/home/peanut/stock_key_info/all_stocks_20260606/金融/证券/中银证券.csv
601698,中国卫通,航天装备Ⅱ,航天航空,/home/peanut/stock_key_info/all_stocks_20260606/航天航空/中国卫通.csv
601699,潞安环能,煤炭开采,煤炭行业,/home/peanut/stock_key_info/all_stocks_20260606/能源/煤炭行业/潞安环能.csv
601700,风范股份,电网设备,电网设备,/home/peanut/stock_key_info/all_stocks_20260606/能源/电网设备/风范股份.csv
601702,华峰铝业,工业金属,有色金属,/home/peanut/stock_key_info/all_stocks_20260606/能源/有色金属/华峰铝业.csv
601717,中创智领,专用设备,专用设备,/home/peanut/stock_key_info/all_stocks_20260606/工业制造/专用设备/中创智领.csv
601727,上海电气,其他电源设备Ⅱ,电源设备,/home/peanut/stock_key_info/all_stocks_20260606/能源/电源设备/上海电气.csv
601728,中国电信,通信服务,通信服务,/home/peanut/stock_key_info/all_stocks_20260606/TMT/通信服务/中国电信.csv
601766,中国中车,轨交设备Ⅱ,交运设备,/home/peanut/stock_key_info/all_stocks_20260606/工业制造/交运设备/中国中车.csv
601777,千里科技,摩托车及其他,汽车整车,/home/peanut/stock_key_info/all_stocks_20260606/工业制造/汽车整车/千里科技.csv
601778,晶科科技,电力,电力行业,/home/peanut/stock_key_info/all_stocks_20260606/电力行业/晶科科技.csv
601788,光大证券,证券Ⅱ,证券,/home/peanut/stock_key_info/all_stocks_20260606/金融/证券/光大证券.csv
601789,宁波建工,房屋建设Ⅱ,工程建设,/home/peanut/stock_key_info/all_stocks_20260606/旧基建/工程建设/宁波建工.csv
601798,蓝科高新,专用设备,专用设备,/home/peanut/stock_key_info/all_stocks_20260606/工业制造/专用设备/蓝科高新.csv
601799,星宇股份,汽车零部件,汽车零部件,/home/peanut/stock_key_info/all_stocks_20260606/工业制造/汽车零部件/星宇股份.csv
601800,中国交建,基础建设,工程建设,/home/peanut/stock_key_info/all_stocks_20260606/旧基建/工程建设/中国交建.csv
601801,皖新传媒,出版,文化传媒,/home/peanut/stock_key_info/all_stocks_20260606/衣食住行/文化传媒/皖新传媒.csv
601808,中海油服,油服工程,石油行业,/home/peanut/stock_key_info/all_stocks_20260606/能源/石油行业/中海油服.csv
601811,XD新华文,出版,文化传媒,/home/peanut/stock_key_info/all_stocks_20260606/衣食住行/文化传媒/XD新华文.csv
601816,京沪高铁,铁路公路,铁路公路,/home/peanut/stock_key_info/all_stocks_20260606/旧基建/铁路公路/京沪高铁.csv
601818,光大银行,银行Ⅱ,银行,/home/peanut/stock_key_info/all_stocks_20260606/金融/银行/光大银行.csv
601825,沪农商行,银行Ⅱ,银行,/home/peanut/stock_key_info/all_stocks_20260606/金融/银行/沪农商行.csv
601827,三峰环境,环境治理,环保行业,/home/peanut/stock_key_info/all_stocks_20260606/衣食住行/环保行业/三峰环境.csv
601828,美凯龙,一般零售,商业百货,/home/peanut/stock_key_info/all_stocks_20260606/衣食住行/商业百货/美凯龙.csv
601838,成都银行,银行Ⅱ,银行,/home/peanut/stock_key_info/all_stocks_20260606/金融/银行/成都银行.csv
601857,中国石油,炼化及贸易,石油行业,/home/peanut/stock_key_info/all_stocks_20260606/能源/石油行业/中国石油.csv
601858,中国科传,出版,文化传媒,/home/peanut/stock_key_info/all_stocks_20260606/衣食住行/文化传媒/中国科传.csv
601860,紫金银行,银行Ⅱ,银行,/home/peanut/stock_key_info/all_stocks_20260606/金融/银行/紫金银行.csv
601865,福莱特,光伏设备,光伏设备,/home/peanut/stock_key_info/all_stocks_20260606/能源/光伏设备/福莱特.csv
601866,中远海发,航运港口,航运港口,/home/peanut/stock_key_info/all_stocks_20260606/航运物流/航运港口/中远海发.csv
601868,中国能建,基础建设,工程建设,/home/peanut/stock_key_info/all_stocks_20260606/旧基建/工程建设/中国能建.csv
601878,浙商证券,证券Ⅱ,证券,/home/peanut/stock_key_info/all_stocks_20260606/金融/证券/浙商证券.csv
601869,长飞光纤,通信设备,通信设备,/home/peanut/stock_key_info/all_stocks_20260606/TMT/通信设备/长飞光纤.csv
601872,招商轮船,航运港口,航运港口,/home/peanut/stock_key_info/all_stocks_20260606/航运物流/航运港口/招商轮船.csv
601877,正泰电器,电网设备,电网设备,/home/peanut/stock_key_info/all_stocks_20260606/能源/电网设备/正泰电器.csv
601880,辽港股份,航运港口,航运港口,/home/peanut/stock_key_info/all_stocks_20260606/航运物流/航运港口/辽港股份.csv
601881,中国银河,证券Ⅱ,证券,/home/peanut/stock_key_info/all_stocks_20260606/金融/证券/中国银河.csv
601882,海天精工,通用设备,通用设备,/home/peanut/stock_key_info/all_stocks_20260606/TMT/通用设备/海天精工.csv
601886,江河集团,装修装饰Ⅱ,装修装饰,/home/peanut/stock_key_info/all_stocks_20260606/旧基建/装修装饰/江河集团.csv
601888,中国中免,旅游零售Ⅱ,旅游酒店,/home/peanut/stock_key_info/all_stocks_20260606/衣食住行/旅游酒店/中国中免.csv
601890,亚星锚链,航海装备Ⅱ,船舶制造,/home/peanut/stock_key_info/all_stocks_20260606/航运物流/船舶制造/亚星锚链.csv
601898,中煤能源,煤炭开采,煤炭行业,/home/peanut/stock_key_info/all_stocks_20260606/能源/煤炭行业/中煤能源.csv
601899,紫金矿业,工业金属,有色金属,/home/peanut/stock_key_info/all_stocks_20260606/能源/有色金属/紫金矿业.csv
601900,南方传媒,出版,文化传媒,/home/peanut/stock_key_info/all_stocks_20260606/衣食住行/文化传媒/南方传媒.csv
601901,方正证券,证券Ⅱ,证券,/home/peanut/stock_key_info/all_stocks_20260606/金融/证券/方正证券.csv
601908,京运通,电力,电力行业,/home/peanut/stock_key_info/all_stocks_20260606/电力行业/京运通.csv
601916,浙商银行,银行Ⅱ,银行,/home/peanut/stock_key_info/all_stocks_20260606/金融/银行/浙商银行.csv
601918,新集能源,煤炭开采,煤炭行业,/home/peanut/stock_key_info/all_stocks_20260606/能源/煤炭行业/新集能源.csv
601919,中远海控,航运港口,航运港口,/home/peanut/stock_key_info/all_stocks_20260606/航运物流/航运港口/中远海控.csv
601921,浙版传媒,出版,文化传媒,/home/peanut/stock_key_info/all_stocks_20260606/衣食住行/文化传媒/浙版传媒.csv
601928,凤凰传媒,出版,文化传媒,/home/peanut/stock_key_info/all_stocks_20260606/衣食住行/文化传媒/凤凰传媒.csv
601929,吉视传媒,电视广播Ⅱ,文化传媒,/home/peanut/stock_key_info/all_stocks_20260606/衣食住行/文化传媒/吉视传媒.csv
601933,永辉超市,一般零售,商业百货,/home/peanut/stock_key_info/all_stocks_20260606/衣食住行/商业百货/永辉超市.csv
601939,建设银行,银行Ⅱ,银行,/home/peanut/stock_key_info/all_stocks_20260606/金融/银行/建设银行.csv
601949,中国出版,出版,文化传媒,/home/peanut/stock_key_info/all_stocks_20260606/衣食住行/文化传媒/中国出版.csv
601952,苏垦农发,种植业,农牧饲渔,/home/peanut/stock_key_info/all_stocks_20260606/衣食住行/农牧饲渔/苏垦农发.csv
601956,东贝集团,家电零部件Ⅱ,家电行业,/home/peanut/stock_key_info/all_stocks_20260606/衣食住行/家电行业/东贝集团.csv
601958,金钼股份,小金属,小金属,/home/peanut/stock_key_info/all_stocks_20260606/能源/小金属/金钼股份.csv
601963,重庆银行,银行Ⅱ,银行,/home/peanut/stock_key_info/all_stocks_20260606/金融/银行/重庆银行.csv
601965,中国汽研,专业服务,专业服务,/home/peanut/stock_key_info/all_stocks_20260606/工业制造/专业服务/中国汽研.csv
601966,玲珑轮胎,汽车零部件,汽车零部件,/home/peanut/stock_key_info/all_stocks_20260606/工业制造/汽车零部件/玲珑轮胎.csv
601968,宝钢包装,包装印刷,造纸印刷,/home/peanut/stock_key_info/all_stocks_20260606/旧基建/造纸印刷/宝钢包装.csv
601969,海南矿业,油气开采Ⅱ,石油行业,/home/peanut/stock_key_info/all_stocks_20260606/能源/石油行业/海南矿业.csv
601975,招商南油,航运港口,航运港口,/home/peanut/stock_key_info/all_stocks_20260606/航运物流/航运港口/招商南油.csv
601985,中国核电,电力,电力行业,/home/peanut/stock_key_info/all_stocks_20260606/电力行业/中国核电.csv
601988,中国银行,银行Ⅱ,银行,/home/peanut/stock_key_info/all_stocks_20260606/金融/银行/中国银行.csv
601990,南京证券,证券Ⅱ,证券,/home/peanut/stock_key_info/all_stocks_20260606/金融/证券/南京证券.csv
601991,大唐发电,电力,电力行业,/home/peanut/stock_key_info/all_stocks_20260606/电力行业/大唐发电.csv
601992,金隅集团,水泥,水泥建材,/home/peanut/stock_key_info/all_stocks_20260606/能源/水泥建材/金隅集团.csv
601995,中金公司,证券Ⅱ,证券,/home/peanut/stock_key_info/all_stocks_20260606/金融/证券/中金公司.csv
601996,丰林集团,家居用品,家用轻工,/home/peanut/stock_key_info/all_stocks_20260606/衣食住行/家用轻工/丰林集团.csv
601997,贵阳银行,银行Ⅱ,银行,/home/peanut/stock_key_info/all_stocks_20260606/金融/银行/贵阳银行.csv
601998,中信银行,银行Ⅱ,银行,/home/peanut/stock_key_info/all_stocks_20260606/金融/银行/中信银行.csv
601999,出版传媒,出版,文化传媒,/home/peanut/stock_key_info/all_stocks_20260606/衣食住行/文化传媒/出版传媒.csv
603000,人民网,数字媒体,文化传媒,/home/peanut/stock_key_info/all_stocks_20260606/衣食住行/文化传媒/人民网.csv
603001,奥康国际,服装家纺,纺织服装,/home/peanut/stock_key_info/all_stocks_20260606/衣食住行/纺织服装/奥康国际.csv
603002,XD宏昌电,电子化学品Ⅱ,电子化学品,/home/peanut/stock_key_info/all_stocks_20260606/TMT/电子化学品/XD宏昌电.csv
603004,鼎龙科技,化学制品,化学制品,/home/peanut/stock_key_info/all_stocks_20260606/化工行业/化学制品/鼎龙科技.csv
603005,晶方科技,半导体,半导体,/home/peanut/stock_key_info/all_stocks_20260606/TMT/半导体/晶方科技.csv
603006,联明股份,汽车零部件,汽车零部件,/home/peanut/stock_key_info/all_stocks_20260606/工业制造/汽车零部件/联明股份.csv
603007,顺景科技,汽车零部件,汽车零部件,/home/peanut/stock_key_info/all_stocks_20260606/工业制造/汽车零部件/顺景科技.csv
603009,北特科技,汽车零部件,汽车零部件,/home/peanut/stock_key_info/all_stocks_20260606/工业制造/汽车零部件/北特科技.csv
603010,万盛股份,化学制品,化学制品,/home/peanut/stock_key_info/all_stocks_20260606/化工行业/化学制品/万盛股份.csv
603011,合锻智能,专用设备,专用设备,/home/peanut/stock_key_info/all_stocks_20260606/工业制造/专用设备/合锻智能.csv
603012,创力集团,专用设备,专用设备,/home/peanut/stock_key_info/all_stocks_20260606/工业制造/专用设备/创力集团.csv
603013,亚普股份,汽车零部件,汽车零部件,/home/peanut/stock_key_info/all_stocks_20260606/工业制造/汽车零部件/亚普股份.csv
603014,威高血净,医疗器械,医疗器械,/home/peanut/stock_key_info/all_stocks_20260606/医药/医疗器械/威高血净.csv
603015,XD弘讯科,自动化设备,专用设备,/home/peanut/stock_key_info/all_stocks_20260606/工业制造/专用设备/XD弘讯科.csv
603016,新宏泰,电网设备,电网设备,/home/peanut/stock_key_info/all_stocks_20260606/能源/电网设备/新宏泰.csv
603017,中衡设计,工程咨询服务Ⅱ,工程咨询服务,/home/peanut/stock_key_info/all_stocks_20260606/旧基建/工程咨询服务/中衡设计.csv
603018,华设集团,工程咨询服务Ⅱ,工程咨询服务,/home/peanut/stock_key_info/all_stocks_20260606/旧基建/工程咨询服务/华设集团.csv
603019,中科曙光,计算机设备,计算机设备,/home/peanut/stock_key_info/all_stocks_20260606/TMT/计算机设备/中科曙光.csv
603020,爱普股份,化学制品,化学制品,/home/peanut/stock_key_info/all_stocks_20260606/化工行业/化学制品/爱普股份.csv
603022,新通联,包装印刷,造纸印刷,/home/peanut/stock_key_info/all_stocks_20260606/旧基建/造纸印刷/新通联.csv
603023,威帝股份,汽车零部件,汽车零部件,/home/peanut/stock_key_info/all_stocks_20260606/工业制造/汽车零部件/威帝股份.csv
603025,大豪科技,自动化设备,专用设备,/home/peanut/stock_key_info/all_stocks_20260606/工业制造/专用设备/大豪科技.csv
603026,石大胜华,电池,电池,/home/peanut/stock_key_info/all_stocks_20260606/能源/电池/石大胜华.csv
603027,千禾味业,调味发酵品Ⅱ,食品饮料,/home/peanut/stock_key_info/all_stocks_20260606/衣食住行/食品饮料/千禾味业.csv
603028,赛福天,通用设备,通用设备,/home/peanut/stock_key_info/all_stocks_20260606/TMT/通用设备/赛福天.csv
603029,天鹅股份,专用设备,专用设备,/home/peanut/stock_key_info/all_stocks_20260606/工业制造/专用设备/天鹅股份.csv
603030,全筑股份,装修装饰Ⅱ,装修装饰,/home/peanut/stock_key_info/all_stocks_20260606/旧基建/装修装饰/全筑股份.csv
603031,安孚科技,电池,电池,/home/peanut/stock_key_info/all_stocks_20260606/能源/电池/安孚科技.csv
603032,德新科技,电池,电池,/home/peanut/stock_key_info/all_stocks_20260606/能源/电池/德新科技.csv
603033,三维股份,橡胶,橡胶制品,/home/peanut/stock_key_info/all_stocks_20260606/能源/橡胶制品/三维股份.csv
603035,常熟汽饰,汽车零部件,汽车零部件,/home/peanut/stock_key_info/all_stocks_20260606/工业制造/汽车零部件/常熟汽饰.csv
603036,如通股份,专用设备,专用设备,/home/peanut/stock_key_info/all_stocks_20260606/工业制造/专用设备/如通股份.csv
603037,XD凯众股,汽车零部件,汽车零部件,/home/peanut/stock_key_info/all_stocks_20260606/工业制造/汽车零部件/XD凯众股.csv
603038,华立股份,装修建材,装修建材,/home/peanut/stock_key_info/all_stocks_20260606/旧基建/装修建材/华立股份.csv
603039,泛微网络,软件开发,软件开发,/home/peanut/stock_key_info/all_stocks_20260606/TMT/软件开发/泛微网络.csv
603040,新坐标,汽车零部件,汽车零部件,/home/peanut/stock_key_info/all_stocks_20260606/工业制造/汽车零部件/新坐标.csv
603041,美思德,化学制品,化学制品,/home/peanut/stock_key_info/all_stocks_20260606/化工行业/化学制品/美思德.csv
603042,华脉科技,通信设备,通信设备,/home/peanut/stock_key_info/all_stocks_20260606/TMT/通信设备/华脉科技.csv
603043,广州酒家,休闲食品,食品饮料,/home/peanut/stock_key_info/all_stocks_20260606/衣食住行/食品饮料/广州酒家.csv
603045,福达合金,金属新材料,小金属,/home/peanut/stock_key_info/all_stocks_20260606/能源/小金属/福达合金.csv
603048,浙江黎明,汽车零部件,汽车零部件,/home/peanut/stock_key_info/all_stocks_20260606/工业制造/汽车零部件/浙江黎明.csv
603049,中策橡胶,汽车零部件,汽车零部件,/home/peanut/stock_key_info/all_stocks_20260606/工业制造/汽车零部件/中策橡胶.csv
603050,科林电气,电网设备,电网设备,/home/peanut/stock_key_info/all_stocks_20260606/能源/电网设备/科林电气.csv
603051,鹿山新材,化学制品,化学制品,/home/peanut/stock_key_info/all_stocks_20260606/化工行业/化学制品/鹿山新材.csv
603052,可川科技,消费电子,消费电子,/home/peanut/stock_key_info/all_stocks_20260606/工业制造/消费电子/可川科技.csv
603053,成都燃气,燃气Ⅱ,燃气,/home/peanut/stock_key_info/all_stocks_20260606/能源/燃气/成都燃气.csv
603055,台华新材,纺织制造,纺织服装,/home/peanut/stock_key_info/all_stocks_20260606/衣食住行/纺织服装/台华新材.csv
603057,紫燕食品,休闲食品,食品饮料,/home/peanut/stock_key_info/all_stocks_20260606/衣食住行/食品饮料/紫燕食品.csv
603058,永吉股份,包装印刷,造纸印刷,/home/peanut/stock_key_info/all_stocks_20260606/旧基建/造纸印刷/永吉股份.csv
603059,倍加洁,个护用品,美容护理,/home/peanut/stock_key_info/all_stocks_20260606/衣食住行/美容护理/倍加洁.csv
603060,国检集团,专业服务,专业服务,/home/peanut/stock_key_info/all_stocks_20260606/工业制造/专业服务/国检集团.csv
603061,金海通,半导体,半导体,/home/peanut/stock_key_info/all_stocks_20260606/TMT/半导体/金海通.csv
603062,麦加芯彩,化学制品,化学制品,/home/peanut/stock_key_info/all_stocks_20260606/化工行业/化学制品/麦加芯彩.csv
603063,禾望电气,风电设备,风电设备,/home/peanut/stock_key_info/all_stocks_20260606/能源/风电设备/禾望电气.csv
603065,宿迁联盛,化学制品,化学制品,/home/peanut/stock_key_info/all_stocks_20260606/化工行业/化学制品/宿迁联盛.csv
603066,音飞储存,物流,物流行业,/home/peanut/stock_key_info/all_stocks_20260606/航运物流/物流行业/音飞储存.csv
603067,振华股份,化学原料,化学原料,/home/peanut/stock_key_info/all_stocks_20260606/化工行业/化学原料/振华股份.csv
603068,博通集成,半导体,半导体,/home/peanut/stock_key_info/all_stocks_20260606/TMT/半导体/博通集成.csv
603069,海汽集团,铁路公路,铁路公路,/home/peanut/stock_key_info/all_stocks_20260606/旧基建/铁路公路/海汽集团.csv
603070,万控智造,电网设备,电网设备,/home/peanut/stock_key_info/all_stocks_20260606/能源/电网设备/万控智造.csv
603071,物产环能,贸易Ⅱ,贸易行业,/home/peanut/stock_key_info/all_stocks_20260606/衣食住行/贸易行业/物产环能.csv
603072,天和磁材,金属新材料,小金属,/home/peanut/stock_key_info/all_stocks_20260606/能源/小金属/天和磁材.csv
603073,彩蝶实业,化学纤维,化纤行业,/home/peanut/stock_key_info/all_stocks_20260606/化工行业/化纤行业/彩蝶实业.csv
603075,热威股份,家电零部件Ⅱ,家电行业,/home/peanut/stock_key_info/all_stocks_20260606/衣食住行/家电行业/热威股份.csv
603076,乐惠国际,专用设备,专用设备,/home/peanut/stock_key_info/all_stocks_20260606/工业制造/专用设备/乐惠国际.csv
603077,和邦生物,农化制品,农药兽药,/home/peanut/stock_key_info/all_stocks_20260606/化工行业/农药兽药/和邦生物.csv
603078,江化微,电子化学品Ⅱ,电子化学品,/home/peanut/stock_key_info/all_stocks_20260606/TMT/电子化学品/江化微.csv
603079,圣达生物,化学制品,化学制品,/home/peanut/stock_key_info/all_stocks_20260606/化工行业/化学制品/圣达生物.csv
603080,新疆火炬,燃气Ⅱ,燃气,/home/peanut/stock_key_info/all_stocks_20260606/能源/燃气/新疆火炬.csv
603081,大丰实业,专用设备,专用设备,/home/peanut/stock_key_info/all_stocks_20260606/工业制造/专用设备/大丰实业.csv
603082,北自科技,自动化设备,专用设备,/home/peanut/stock_key_info/all_stocks_20260606/工业制造/专用设备/北自科技.csv
603083,剑桥科技,通信设备,通信设备,/home/peanut/stock_key_info/all_stocks_20260606/TMT/通信设备/剑桥科技.csv
603085,天成自控,汽车零部件,汽车零部件,/home/peanut/stock_key_info/all_stocks_20260606/工业制造/汽车零部件/天成自控.csv
603087,甘李药业,生物制品,生物制品,/home/peanut/stock_key_info/all_stocks_20260606/医药/生物制品/甘李药业.csv
603088,宁波精达,通用设备,通用设备,/home/peanut/stock_key_info/all_stocks_20260606/TMT/通用设备/宁波精达.csv
603090,宏盛股份,通用设备,通用设备,/home/peanut/stock_key_info/all_stocks_20260606/TMT/通用设备/宏盛股份.csv
603089,正裕工业,汽车零部件,汽车零部件,/home/peanut/stock_key_info/all_stocks_20260606/工业制造/汽车零部件/正裕工业.csv
603091,众鑫股份,包装印刷,造纸印刷,/home/peanut/stock_key_info/all_stocks_20260606/旧基建/造纸印刷/众鑫股份.csv
603092,德力佳,风电设备,风电设备,/home/peanut/stock_key_info/all_stocks_20260606/能源/风电设备/德力佳.csv
603095,越剑智能,专用设备,专用设备,/home/peanut/stock_key_info/all_stocks_20260606/工业制造/专用设备/越剑智能.csv
603093,南华期货,多元金融,多元金融,/home/peanut/stock_key_info/all_stocks_20260606/金融/多元金融/南华期货.csv
603096,新经典,出版,文化传媒,/home/peanut/stock_key_info/all_stocks_20260606/衣食住行/文化传媒/新经典.csv
603097,江苏华辰,电网设备,电网设备,/home/peanut/stock_key_info/all_stocks_20260606/能源/电网设备/江苏华辰.csv
603098,森特股份,专业工程,工程建设,/home/peanut/stock_key_info/all_stocks_20260606/旧基建/工程建设/森特股份.csv
603099,长白山,旅游及景区,旅游酒店,/home/peanut/stock_key_info/all_stocks_20260606/衣食住行/旅游酒店/长白山.csv
603100,川仪股份,通用设备,通用设备,/home/peanut/stock_key_info/all_stocks_20260606/TMT/通用设备/川仪股份.csv
603101,汇嘉时代,一般零售,商业百货,/home/peanut/stock_key_info/all_stocks_20260606/衣食住行/商业百货/汇嘉时代.csv
603102,百合股份,食品加工,食品饮料,/home/peanut/stock_key_info/all_stocks_20260606/衣食住行/食品饮料/百合股份.csv
603103,横店影视,影视院线,文化传媒,/home/peanut/stock_key_info/all_stocks_20260606/衣食住行/文化传媒/横店影视.csv
603105,芯能科技,电力,电力行业,/home/peanut/stock_key_info/all_stocks_20260606/电力行业/芯能科技.csv
603106,恒银科技,计算机设备,计算机设备,/home/peanut/stock_key_info/all_stocks_20260606/TMT/计算机设备/恒银科技.csv
603107,上海汽配,汽车零部件,汽车零部件,/home/peanut/stock_key_info/all_stocks_20260606/工业制造/汽车零部件/上海汽配.csv
603108,润达医疗,医疗服务,医疗服务,/home/peanut/stock_key_info/all_stocks_20260606/医药/医疗服务/润达医疗.csv
603109,神驰机电,通用设备,通用设备,/home/peanut/stock_key_info/all_stocks_20260606/TMT/通用设备/神驰机电.csv
603110,东方材料,化学制品,化学制品,/home/peanut/stock_key_info/all_stocks_20260606/化工行业/化学制品/东方材料.csv
603111,康尼机电,轨交设备Ⅱ,交运设备,/home/peanut/stock_key_info/all_stocks_20260606/工业制造/交运设备/康尼机电.csv
603112,华翔股份,家电零部件Ⅱ,家电行业,/home/peanut/stock_key_info/all_stocks_20260606/衣食住行/家电行业/华翔股份.csv
603113,金能科技,化学原料,化学原料,/home/peanut/stock_key_info/all_stocks_20260606/化工行业/化学原料/金能科技.csv
603115,海星股份,元件,电子元件,/home/peanut/stock_key_info/all_stocks_20260606/TMT/电子元件/海星股份.csv
603116,红蜻蜓,服装家纺,纺织服装,/home/peanut/stock_key_info/all_stocks_20260606/衣食住行/纺织服装/红蜻蜓.csv
603117,万林物流,物流,物流行业,/home/peanut/stock_key_info/all_stocks_20260606/航运物流/物流行业/万林物流.csv
603118,共进股份,通信设备,通信设备,/home/peanut/stock_key_info/all_stocks_20260606/TMT/通信设备/共进股份.csv
603119,浙江荣泰,汽车零部件,汽车零部件,/home/peanut/stock_key_info/all_stocks_20260606/工业制造/汽车零部件/浙江荣泰.csv
603120,肯特催化,化学制品,化学制品,/home/peanut/stock_key_info/all_stocks_20260606/化工行业/化学制品/肯特催化.csv
603121,华培动力,汽车零部件,汽车零部件,/home/peanut/stock_key_info/all_stocks_20260606/工业制造/汽车零部件/华培动力.csv
603122,合富中国,医疗服务,医疗服务,/home/peanut/stock_key_info/all_stocks_20260606/医药/医疗服务/合富中国.csv
603123,翠微股份,多元金融,多元金融,/home/peanut/stock_key_info/all_stocks_20260606/金融/多元金融/翠微股份.csv
603124,江南新材,金属新材料,小金属,/home/peanut/stock_key_info/all_stocks_20260606/能源/小金属/江南新材.csv
603125,常青科技,化学制品,化学制品,/home/peanut/stock_key_info/all_stocks_20260606/化工行业/化学制品/常青科技.csv
603126,中材节能,环保设备Ⅱ,环保行业,/home/peanut/stock_key_info/all_stocks_20260606/衣食住行/环保行业/中材节能.csv
603128,华贸物流,物流,物流行业,/home/peanut/stock_key_info/all_stocks_20260606/航运物流/物流行业/华贸物流.csv
603127,昭衍新药,医疗服务,医疗服务,/home/peanut/stock_key_info/all_stocks_20260606/医药/医疗服务/昭衍新药.csv
603129,春风动力,摩托车及其他,汽车整车,/home/peanut/stock_key_info/all_stocks_20260606/工业制造/汽车整车/春风动力.csv
603130,云中马,纺织制造,纺织服装,/home/peanut/stock_key_info/all_stocks_20260606/衣食住行/纺织服装/云中马.csv
603131,上海沪工,通用设备,通用设备,/home/peanut/stock_key_info/all_stocks_20260606/TMT/通用设备/上海沪工.csv
603132,金徽股份,工业金属,有色金属,/home/peanut/stock_key_info/all_stocks_20260606/能源/有色金属/金徽股份.csv
603135,中重科技,专用设备,专用设备,/home/peanut/stock_key_info/all_stocks_20260606/工业制造/专用设备/中重科技.csv
603136,天目湖,旅游及景区,旅游酒店,/home/peanut/stock_key_info/all_stocks_20260606/衣食住行/旅游酒店/天目湖.csv
603138,海量数据,IT服务Ⅱ,软件开发,/home/peanut/stock_key_info/all_stocks_20260606/TMT/软件开发/海量数据.csv
603139,康惠股份,中药Ⅱ,中药,/home/peanut/stock_key_info/all_stocks_20260606/医药/中药/康惠股份.csv
603150,万朗磁塑,塑料,塑料制品,/home/peanut/stock_key_info/all_stocks_20260606/化工行业/塑料制品/万朗磁塑.csv
603151,邦基科技,饲料,农牧饲渔,/home/peanut/stock_key_info/all_stocks_20260606/衣食住行/农牧饲渔/邦基科技.csv
603153,上海建科,工程咨询服务Ⅱ,工程咨询服务,/home/peanut/stock_key_info/all_stocks_20260606/旧基建/工程咨询服务/上海建科.csv
603155,新亚强,化学制品,化学制品,/home/peanut/stock_key_info/all_stocks_20260606/化工行业/化学制品/新亚强.csv
603156,养元饮品,饮料乳品,食品饮料,/home/peanut/stock_key_info/all_stocks_20260606/衣食住行/食品饮料/养元饮品.csv
603158,腾龙股份,汽车零部件,汽车零部件,/home/peanut/stock_key_info/all_stocks_20260606/工业制造/汽车零部件/腾龙股份.csv
603159,上海亚虹,专用设备,专用设备,/home/peanut/stock_key_info/all_stocks_20260606/工业制造/专用设备/上海亚虹.csv
603160,汇顶科技,半导体,半导体,/home/peanut/stock_key_info/all_stocks_20260606/TMT/半导体/汇顶科技.csv
603161,科华控股,汽车零部件,汽车零部件,/home/peanut/stock_key_info/all_stocks_20260606/工业制造/汽车零部件/科华控股.csv
603162,海通发展,航运港口,航运港口,/home/peanut/stock_key_info/all_stocks_20260606/航运物流/航运港口/海通发展.csv
603163,XD圣晖集,专业工程,工程建设,/home/peanut/stock_key_info/all_stocks_20260606/旧基建/工程建设/XD圣晖集.csv
603165,荣晟环保,造纸,造纸印刷,/home/peanut/stock_key_info/all_stocks_20260606/旧基建/造纸印刷/荣晟环保.csv
603166,福达股份,汽车零部件,汽车零部件,/home/peanut/stock_key_info/all_stocks_20260606/工业制造/汽车零部件/福达股份.csv
603167,渤海轮渡,航运港口,航运港口,/home/peanut/stock_key_info/all_stocks_20260606/航运物流/航运港口/渤海轮渡.csv
603168,莎普爱思,化学制药,化学制药,/home/peanut/stock_key_info/all_stocks_20260606/医药/化学制药/莎普爱思.csv
603169,兰石重装,专用设备,专用设备,/home/peanut/stock_key_info/all_stocks_20260606/工业制造/专用设备/兰石重装.csv
603170,宝立食品,调味发酵品Ⅱ,食品饮料,/home/peanut/stock_key_info/all_stocks_20260606/衣食住行/食品饮料/宝立食品.csv
603171,税友股份,IT服务Ⅱ,软件开发,/home/peanut/stock_key_info/all_stocks_20260606/TMT/软件开发/税友股份.csv
603172,万丰股份,化学制品,化学制品,/home/peanut/stock_key_info/all_stocks_20260606/化工行业/化学制品/万丰股份.csv
603173,福斯达,专用设备,专用设备,/home/peanut/stock_key_info/all_stocks_20260606/工业制造/专用设备/福斯达.csv
603175,超颖电子,元件,电子元件,/home/peanut/stock_key_info/all_stocks_20260606/TMT/电子元件/超颖电子.csv
603176,汇通集团,基础建设,工程建设,/home/peanut/stock_key_info/all_stocks_20260606/旧基建/工程建设/汇通集团.csv
603177,德创环保,环境治理,环保行业,/home/peanut/stock_key_info/all_stocks_20260606/衣食住行/环保行业/德创环保.csv
603178,圣龙股份,汽车零部件,汽车零部件,/home/peanut/stock_key_info/all_stocks_20260606/工业制造/汽车零部件/圣龙股份.csv
603179,新泉股份,汽车零部件,汽车零部件,/home/peanut/stock_key_info/all_stocks_20260606/工业制造/汽车零部件/新泉股份.csv
603180,金牌家居,家居用品,家用轻工,/home/peanut/stock_key_info/all_stocks_20260606/衣食住行/家用轻工/金牌家居.csv
603181,皇马科技,化学制品,化学制品,/home/peanut/stock_key_info/all_stocks_20260606/化工行业/化学制品/皇马科技.csv
603182,嘉华股份,农产品加工,农牧饲渔,/home/peanut/stock_key_info/all_stocks_20260606/衣食住行/农牧饲渔/嘉华股份.csv
603183,建研院,专业服务,专业服务,/home/peanut/stock_key_info/all_stocks_20260606/工业制造/专业服务/建研院.csv
603185,弘元绿能,光伏设备,光伏设备,/home/peanut/stock_key_info/all_stocks_20260606/能源/光伏设备/弘元绿能.csv
603186,华正新材,元件,电子元件,/home/peanut/stock_key_info/all_stocks_20260606/TMT/电子元件/华正新材.csv
603187,海容冷链,通用设备,通用设备,/home/peanut/stock_key_info/all_stocks_20260606/TMT/通用设备/海容冷链.csv
603188,亚邦股份,化学制品,化学制品,/home/peanut/stock_key_info/all_stocks_20260606/化工行业/化学制品/亚邦股份.csv
603190,亚通精工,汽车零部件,汽车零部件,/home/peanut/stock_key_info/all_stocks_20260606/工业制造/汽车零部件/亚通精工.csv
603191,望变电气,电网设备,电网设备,/home/peanut/stock_key_info/all_stocks_20260606/能源/电网设备/望变电气.csv
603192,汇得科技,化学制品,化学制品,/home/peanut/stock_key_info/all_stocks_20260606/化工行业/化学制品/汇得科技.csv
603193,润本股份,个护用品,美容护理,/home/peanut/stock_key_info/all_stocks_20260606/衣食住行/美容护理/润本股份.csv
603194,中力股份,工程机械,工程机械,/home/peanut/stock_key_info/all_stocks_20260606/旧基建/工程机械/中力股份.csv
603195,公牛集团,家居用品,家用轻工,/home/peanut/stock_key_info/all_stocks_20260606/衣食住行/家用轻工/公牛集团.csv
603196,璞源材料,服装家纺,纺织服装,/home/peanut/stock_key_info/all_stocks_20260606/衣食住行/纺织服装/璞源材料.csv
603197,保隆科技,汽车零部件,汽车零部件,/home/peanut/stock_key_info/all_stocks_20260606/工业制造/汽车零部件/保隆科技.csv
603198,XD迎驾贡,白酒Ⅱ,酿酒行业,/home/peanut/stock_key_info/all_stocks_20260606/旧基建/酿酒行业/XD迎驾贡.csv
603199,九华旅游,旅游及景区,旅游酒店,/home/peanut/stock_key_info/all_stocks_20260606/衣食住行/旅游酒店/九华旅游.csv
603200,上海洗霸,环境治理,环保行业,/home/peanut/stock_key_info/all_stocks_20260606/衣食住行/环保行业/上海洗霸.csv
603201,常润股份,汽车零部件,汽车零部件,/home/peanut/stock_key_info/all_stocks_20260606/工业制造/汽车零部件/常润股份.csv
603202,天有为,汽车零部件,汽车零部件,/home/peanut/stock_key_info/all_stocks_20260606/工业制造/汽车零部件/天有为.csv
603203,快克智能,自动化设备,专用设备,/home/peanut/stock_key_info/all_stocks_20260606/工业制造/专用设备/快克智能.csv
603205,健尔康,医疗器械,医疗器械,/home/peanut/stock_key_info/all_stocks_20260606/医药/医疗器械/健尔康.csv
603206,嘉环科技,通信服务,通信服务,/home/peanut/stock_key_info/all_stocks_20260606/TMT/通信服务/嘉环科技.csv
603207,小方制药,化学制药,化学制药,/home/peanut/stock_key_info/all_stocks_20260606/医药/化学制药/小方制药.csv
603208,江山欧派,家居用品,家用轻工,/home/peanut/stock_key_info/all_stocks_20260606/衣食住行/家用轻工/江山欧派.csv
603209,兴通股份,航运港口,航运港口,/home/peanut/stock_key_info/all_stocks_20260606/航运物流/航运港口/兴通股份.csv
603210,泰鸿万立,汽车零部件,汽车零部件,/home/peanut/stock_key_info/all_stocks_20260606/工业制造/汽车零部件/泰鸿万立.csv
603211,晋拓股份,汽车零部件,汽车零部件,/home/peanut/stock_key_info/all_stocks_20260606/工业制造/汽车零部件/晋拓股份.csv
603212,赛伍技术,光伏设备,光伏设备,/home/peanut/stock_key_info/all_stocks_20260606/能源/光伏设备/赛伍技术.csv
603213,镇洋发展,化学原料,化学原料,/home/peanut/stock_key_info/all_stocks_20260606/化工行业/化学原料/镇洋发展.csv
603214,爱婴室,专业连锁Ⅱ,商业百货,/home/peanut/stock_key_info/all_stocks_20260606/衣食住行/商业百货/爱婴室.csv
603215,比依股份,小家电,家电行业,/home/peanut/stock_key_info/all_stocks_20260606/衣食住行/家电行业/比依股份.csv
603216,梦天家居,家居用品,家用轻工,/home/peanut/stock_key_info/all_stocks_20260606/衣食住行/家用轻工/梦天家居.csv
603217,元利科技,化学制品,化学制品,/home/peanut/stock_key_info/all_stocks_20260606/化工行业/化学制品/元利科技.csv
603218,日月股份,风电设备,风电设备,/home/peanut/stock_key_info/all_stocks_20260606/能源/风电设备/日月股份.csv
603219,富佳股份,小家电,家电行业,/home/peanut/stock_key_info/all_stocks_20260606/衣食住行/家电行业/富佳股份.csv
603220,中贝通信,通信服务,通信服务,/home/peanut/stock_key_info/all_stocks_20260606/TMT/通信服务/中贝通信.csv
603221,爱丽家居,家居用品,家用轻工,/home/peanut/stock_key_info/all_stocks_20260606/衣食住行/家用轻工/爱丽家居.csv
603222,济民健康,医疗器械,医疗器械,/home/peanut/stock_key_info/all_stocks_20260606/医药/医疗器械/济民健康.csv
603223,恒通股份,炼化及贸易,石油行业,/home/peanut/stock_key_info/all_stocks_20260606/能源/石油行业/恒通股份.csv
603225,新凤鸣,化学纤维,化纤行业,/home/peanut/stock_key_info/all_stocks_20260606/化工行业/化纤行业/新凤鸣.csv
603226,菲林格尔,家居用品,家用轻工,/home/peanut/stock_key_info/all_stocks_20260606/衣食住行/家用轻工/菲林格尔.csv
603227,雪峰科技,化学制品,化学制品,/home/peanut/stock_key_info/all_stocks_20260606/化工行业/化学制品/雪峰科技.csv
603228,景旺电子,元件,电子元件,/home/peanut/stock_key_info/all_stocks_20260606/TMT/电子元件/景旺电子.csv
603229,奥翔药业,化学制药,化学制药,/home/peanut/stock_key_info/all_stocks_20260606/医药/化学制药/奥翔药业.csv
603230,内蒙新华,出版,文化传媒,/home/peanut/stock_key_info/all_stocks_20260606/衣食住行/文化传媒/内蒙新华.csv
603231,索宝蛋白,农产品加工,农牧饲渔,/home/peanut/stock_key_info/all_stocks_20260606/衣食住行/农牧饲渔/索宝蛋白.csv
603232,格尔软件,软件开发,软件开发,/home/peanut/stock_key_info/all_stocks_20260606/TMT/软件开发/格尔软件.csv
603233,大参林,医药商业,医药商业,/home/peanut/stock_key_info/all_stocks_20260606/医药/医药商业/大参林.csv
603235,天新药业,化学制品,化学制品,/home/peanut/stock_key_info/all_stocks_20260606/化工行业/化学制品/天新药业.csv
603236,移远通信,通信设备,通信设备,/home/peanut/stock_key_info/all_stocks_20260606/TMT/通信设备/移远通信.csv
603237,五芳斋,食品加工,食品饮料,/home/peanut/stock_key_info/all_stocks_20260606/衣食住行/食品饮料/五芳斋.csv
603239,浙江仙通,汽车零部件,汽车零部件,/home/peanut/stock_key_info/all_stocks_20260606/工业制造/汽车零部件/浙江仙通.csv
603238,诺邦股份,个护用品,美容护理,/home/peanut/stock_key_info/all_stocks_20260606/衣食住行/美容护理/诺邦股份.csv
603248,锡华科技,风电设备,风电设备,/home/peanut/stock_key_info/all_stocks_20260606/能源/风电设备/锡华科技.csv
603255,鼎际得,化学制品,化学制品,/home/peanut/stock_key_info/all_stocks_20260606/化工行业/化学制品/鼎际得.csv
603256,宏和科技,玻璃玻纤,玻璃玻纤,/home/peanut/stock_key_info/all_stocks_20260606/能源/玻璃玻纤/宏和科技.csv
603257,中国瑞林,工程咨询服务Ⅱ,工程咨询服务,/home/peanut/stock_key_info/all_stocks_20260606/旧基建/工程咨询服务/中国瑞林.csv
603258,电魂网络,游戏Ⅱ,游戏,/home/peanut/stock_key_info/all_stocks_20260606/衣食住行/游戏/电魂网络.csv
603259,药明康德,医疗服务,医疗服务,/home/peanut/stock_key_info/all_stocks_20260606/医药/医疗服务/药明康德.csv
603260,合盛硅业,化学制品,化学制品,/home/peanut/stock_key_info/all_stocks_20260606/化工行业/化学制品/合盛硅业.csv
603262,技源集团,食品加工,食品饮料,/home/peanut/stock_key_info/all_stocks_20260606/衣食住行/食品饮料/技源集团.csv
603266,天龙股份,汽车零部件,汽车零部件,/home/peanut/stock_key_info/all_stocks_20260606/工业制造/汽车零部件/天龙股份.csv
603267,鸿远电子,军工电子Ⅱ,航天航空,/home/peanut/stock_key_info/all_stocks_20260606/航天航空/鸿远电子.csv
603268,松发股份,航海装备Ⅱ,船舶制造,/home/peanut/stock_key_info/all_stocks_20260606/航运物流/船舶制造/松发股份.csv
603269,海鸥股份,通用设备,通用设备,/home/peanut/stock_key_info/all_stocks_20260606/TMT/通用设备/海鸥股份.csv
603270,金帝股份,通用设备,通用设备,/home/peanut/stock_key_info/all_stocks_20260606/TMT/通用设备/金帝股份.csv
603271,永杰新材,工业金属,有色金属,/home/peanut/stock_key_info/all_stocks_20260606/能源/有色金属/永杰新材.csv
603273,天元智能,工程机械,工程机械,/home/peanut/stock_key_info/all_stocks_20260606/旧基建/工程机械/天元智能.csv
603275,众辰科技,自动化设备,专用设备,/home/peanut/stock_key_info/all_stocks_20260606/工业制造/专用设备/众辰科技.csv
603276,恒兴新材,化学制品,化学制品,/home/peanut/stock_key_info/all_stocks_20260606/化工行业/化学制品/恒兴新材.csv
603277,银都股份,通用设备,通用设备,/home/peanut/stock_key_info/all_stocks_20260606/TMT/通用设备/银都股份.csv
603278,大业股份,通用设备,通用设备,/home/peanut/stock_key_info/all_stocks_20260606/TMT/通用设备/大业股份.csv
603279,景津装备,通用设备,通用设备,/home/peanut/stock_key_info/all_stocks_20260606/TMT/通用设备/景津装备.csv
603280,南方路机,工程机械,工程机械,/home/peanut/stock_key_info/all_stocks_20260606/旧基建/工程机械/南方路机.csv
603281,江瀚新材,化学制品,化学制品,/home/peanut/stock_key_info/all_stocks_20260606/化工行业/化学制品/江瀚新材.csv
603282,亚光股份,环保设备Ⅱ,环保行业,/home/peanut/stock_key_info/all_stocks_20260606/衣食住行/环保行业/亚光股份.csv
603283,赛腾股份,自动化设备,专用设备,/home/peanut/stock_key_info/all_stocks_20260606/工业制造/专用设备/赛腾股份.csv
603284,林平发展,造纸,造纸印刷,/home/peanut/stock_key_info/all_stocks_20260606/旧基建/造纸印刷/林平发展.csv
603285,键邦股份,化学制品,化学制品,/home/peanut/stock_key_info/all_stocks_20260606/化工行业/化学制品/键邦股份.csv
603286,日盈电子,汽车零部件,汽车零部件,/home/peanut/stock_key_info/all_stocks_20260606/工业制造/汽车零部件/日盈电子.csv
603288,海天味业,调味发酵品Ⅱ,食品饮料,/home/peanut/stock_key_info/all_stocks_20260606/衣食住行/食品饮料/海天味业.csv
603289,泰瑞机器,专用设备,专用设备,/home/peanut/stock_key_info/all_stocks_20260606/工业制造/专用设备/泰瑞机器.csv
603290,斯达半导,半导体,半导体,/home/peanut/stock_key_info/all_stocks_20260606/TMT/半导体/斯达半导.csv
603291,联合水务,环境治理,环保行业,/home/peanut/stock_key_info/all_stocks_20260606/衣食住行/环保行业/联合水务.csv
603293,埃泰克,汽车零部件,汽车零部件,/home/peanut/stock_key_info/all_stocks_20260606/工业制造/汽车零部件/埃泰克.csv
603296,华勤技术,消费电子,消费电子,/home/peanut/stock_key_info/all_stocks_20260606/工业制造/消费电子/华勤技术.csv
603297,永新光学,光学光电子,光学光电子,/home/peanut/stock_key_info/all_stocks_20260606/工业制造/光学光电子/永新光学.csv
603298,杭叉集团,工程机械,工程机械,/home/peanut/stock_key_info/all_stocks_20260606/旧基建/工程机械/杭叉集团.csv
603299,苏盐井神,化学原料,化学原料,/home/peanut/stock_key_info/all_stocks_20260606/化工行业/化学原料/苏盐井神.csv
603300,海南华铁,多元金融,多元金融,/home/peanut/stock_key_info/all_stocks_20260606/金融/多元金融/海南华铁.csv
603301,振德医疗,医疗器械,医疗器械,/home/peanut/stock_key_info/all_stocks_20260606/医药/医疗器械/振德医疗.csv
603303,XD得邦照,照明设备Ⅱ,光学光电子,/home/peanut/stock_key_info/all_stocks_20260606/工业制造/光学光电子/XD得邦照.csv
603305,旭升集团,汽车零部件,汽车零部件,/home/peanut/stock_key_info/all_stocks_20260606/工业制造/汽车零部件/旭升集团.csv
603306,华懋科技,汽车零部件,汽车零部件,/home/peanut/stock_key_info/all_stocks_20260606/工业制造/汽车零部件/华懋科技.csv
603307,扬州金泉,服装家纺,纺织服装,/home/peanut/stock_key_info/all_stocks_20260606/衣食住行/纺织服装/扬州金泉.csv
603308,应流股份,通用设备,通用设备,/home/peanut/stock_key_info/all_stocks_20260606/TMT/通用设备/应流股份.csv
603309,维力医疗,医疗器械,医疗器械,/home/peanut/stock_key_info/all_stocks_20260606/医药/医疗器械/维力医疗.csv
603310,巍华新材,化学制品,化学制品,/home/peanut/stock_key_info/all_stocks_20260606/化工行业/化学制品/巍华新材.csv
603311,金海高科,家电零部件Ⅱ,家电行业,/home/peanut/stock_key_info/all_stocks_20260606/衣食住行/家电行业/金海高科.csv
603312,西典新能,电网设备,电网设备,/home/peanut/stock_key_info/all_stocks_20260606/能源/电网设备/西典新能.csv
603313,梦百合,家居用品,家用轻工,/home/peanut/stock_key_info/all_stocks_20260606/衣食住行/家用轻工/梦百合.csv
603315,福鞍股份,环境治理,环保行业,/home/peanut/stock_key_info/all_stocks_20260606/衣食住行/环保行业/福鞍股份.csv
603316,诚邦股份,基础建设,工程建设,/home/peanut/stock_key_info/all_stocks_20260606/旧基建/工程建设/诚邦股份.csv
603317,天味食品,调味发酵品Ⅱ,食品饮料,/home/peanut/stock_key_info/all_stocks_20260606/衣食住行/食品饮料/天味食品.csv
603318,水发燃气,燃气Ⅱ,燃气,/home/peanut/stock_key_info/all_stocks_20260606/能源/燃气/水发燃气.csv
603319,美湖股份,汽车零部件,汽车零部件,/home/peanut/stock_key_info/all_stocks_20260606/工业制造/汽车零部件/美湖股份.csv
603320,迪贝电气,电机Ⅱ,电机,/home/peanut/stock_key_info/all_stocks_20260606/工业制造/电机/迪贝电气.csv
603321,梅轮电梯,专用设备,专用设备,/home/peanut/stock_key_info/all_stocks_20260606/工业制造/专用设备/梅轮电梯.csv
603322,超讯通信,通信服务,通信服务,/home/peanut/stock_key_info/all_stocks_20260606/TMT/通信服务/超讯通信.csv
603323,苏农银行,银行Ⅱ,银行,/home/peanut/stock_key_info/all_stocks_20260606/金融/银行/苏农银行.csv
603324,盛剑科技,环保设备Ⅱ,环保行业,/home/peanut/stock_key_info/all_stocks_20260606/衣食住行/环保行业/盛剑科技.csv
603325,博隆技术,专用设备,专用设备,/home/peanut/stock_key_info/all_stocks_20260606/工业制造/专用设备/博隆技术.csv
603326,我乐家居,家居用品,家用轻工,/home/peanut/stock_key_info/all_stocks_20260606/衣食住行/家用轻工/我乐家居.csv
603327,福蓉科技,消费电子,消费电子,/home/peanut/stock_key_info/all_stocks_20260606/工业制造/消费电子/福蓉科技.csv
603328,依顿电子,元件,电子元件,/home/peanut/stock_key_info/all_stocks_20260606/TMT/电子元件/依顿电子.csv
603329,上海雅仕,物流,物流行业,/home/peanut/stock_key_info/all_stocks_20260606/航运物流/物流行业/上海雅仕.csv
603330,天洋新材,塑料,塑料制品,/home/peanut/stock_key_info/all_stocks_20260606/化工行业/塑料制品/天洋新材.csv
603331,百达精工,通用设备,通用设备,/home/peanut/stock_key_info/all_stocks_20260606/TMT/通用设备/百达精工.csv
603332,苏州龙杰,化学纤维,化纤行业,/home/peanut/stock_key_info/all_stocks_20260606/化工行业/化纤行业/苏州龙杰.csv
603333,福华尚纬,电网设备,电网设备,/home/peanut/stock_key_info/all_stocks_20260606/能源/电网设备/福华尚纬.csv
603334,丰倍生物,化学制品,化学制品,/home/peanut/stock_key_info/all_stocks_20260606/化工行业/化学制品/丰倍生物.csv
603335,迪生力,汽车零部件,汽车零部件,/home/peanut/stock_key_info/all_stocks_20260606/工业制造/汽车零部件/迪生力.csv
603336,宏辉果蔬,种植业,农牧饲渔,/home/peanut/stock_key_info/all_stocks_20260606/衣食住行/农牧饲渔/宏辉果蔬.csv
603337,杰克科技,专用设备,专用设备,/home/peanut/stock_key_info/all_stocks_20260606/工业制造/专用设备/杰克科技.csv
603338,浙江鼎力,工程机械,工程机械,/home/peanut/stock_key_info/all_stocks_20260606/旧基建/工程机械/浙江鼎力.csv
603339,四方科技,通用设备,通用设备,/home/peanut/stock_key_info/all_stocks_20260606/TMT/通用设备/四方科技.csv
603341,龙旗科技,消费电子,消费电子,/home/peanut/stock_key_info/all_stocks_20260606/工业制造/消费电子/龙旗科技.csv
603344,星德胜,电机Ⅱ,电机,/home/peanut/stock_key_info/all_stocks_20260606/工业制造/电机/星德胜.csv
603345,安井食品,食品加工,食品饮料,/home/peanut/stock_key_info/all_stocks_20260606/衣食住行/食品饮料/安井食品.csv
603348,文灿股份,汽车零部件,汽车零部件,/home/peanut/stock_key_info/all_stocks_20260606/工业制造/汽车零部件/文灿股份.csv
603350,安乃达,电机Ⅱ,电机,/home/peanut/stock_key_info/all_stocks_20260606/工业制造/电机/安乃达.csv
603351,威尔药业,化学制药,化学制药,/home/peanut/stock_key_info/all_stocks_20260606/医药/化学制药/威尔药业.csv
603352,至信股份,汽车零部件,汽车零部件,/home/peanut/stock_key_info/all_stocks_20260606/工业制造/汽车零部件/至信股份.csv
603353,和顺石油,炼化及贸易,石油行业,/home/peanut/stock_key_info/all_stocks_20260606/能源/石油行业/和顺石油.csv
603355,莱克电气,小家电,家电行业,/home/peanut/stock_key_info/all_stocks_20260606/衣食住行/家电行业/莱克电气.csv
603356,华菱精工,专用设备,专用设备,/home/peanut/stock_key_info/all_stocks_20260606/工业制造/专用设备/华菱精工.csv
603357,设计总院,工程咨询服务Ⅱ,工程咨询服务,/home/peanut/stock_key_info/all_stocks_20260606/旧基建/工程咨询服务/设计总院.csv
603358,华达科技,汽车零部件,汽车零部件,/home/peanut/stock_key_info/all_stocks_20260606/工业制造/汽车零部件/华达科技.csv
603360,百傲化学,农化制品,农药兽药,/home/peanut/stock_key_info/all_stocks_20260606/化工行业/农药兽药/百傲化学.csv
603363,傲农生物,饲料,农牧饲渔,/home/peanut/stock_key_info/all_stocks_20260606/衣食住行/农牧饲渔/傲农生物.csv
603365,水星家纺,服装家纺,纺织服装,/home/peanut/stock_key_info/all_stocks_20260606/衣食住行/纺织服装/水星家纺.csv
603366,日出东方,厨卫电器,家电行业,/home/peanut/stock_key_info/all_stocks_20260606/衣食住行/家电行业/日出东方.csv
603367,辰欣药业,化学制药,化学制药,/home/peanut/stock_key_info/all_stocks_20260606/医药/化学制药/辰欣药业.csv
603368,柳药集团,医药商业,医药商业,/home/peanut/stock_key_info/all_stocks_20260606/医药/医药商业/柳药集团.csv
603369,今世缘,白酒Ⅱ,酿酒行业,/home/peanut/stock_key_info/all_stocks_20260606/旧基建/酿酒行业/今世缘.csv
603370,华新精科,电机Ⅱ,电机,/home/peanut/stock_key_info/all_stocks_20260606/工业制造/电机/华新精科.csv
603373,安邦护卫,专业服务,专业服务,/home/peanut/stock_key_info/all_stocks_20260606/工业制造/专业服务/安邦护卫.csv
603375,盛景微,半导体,半导体,/home/peanut/stock_key_info/all_stocks_20260606/TMT/半导体/盛景微.csv
603379,三美股份,化学制品,化学制品,/home/peanut/stock_key_info/all_stocks_20260606/化工行业/化学制品/三美股份.csv
603380,易德龙,消费电子,消费电子,/home/peanut/stock_key_info/all_stocks_20260606/工业制造/消费电子/易德龙.csv
603376,大明电子,汽车零部件,汽车零部件,/home/peanut/stock_key_info/all_stocks_20260606/工业制造/汽车零部件/大明电子.csv
603381,永臻股份,光伏设备,光伏设备,/home/peanut/stock_key_info/all_stocks_20260606/能源/光伏设备/永臻股份.csv
603382,海阳科技,化学纤维,化纤行业,/home/peanut/stock_key_info/all_stocks_20260606/化工行业/化纤行业/海阳科技.csv
603383,顶点软件,软件开发,软件开发,/home/peanut/stock_key_info/all_stocks_20260606/TMT/软件开发/顶点软件.csv
603385,惠达卫浴,家居用品,家用轻工,/home/peanut/stock_key_info/all_stocks_20260606/衣食住行/家用轻工/惠达卫浴.csv
603386,骏亚科技,元件,电子元件,/home/peanut/stock_key_info/all_stocks_20260606/TMT/电子元件/骏亚科技.csv
603387,基蛋生物,医疗器械,医疗器械,/home/peanut/stock_key_info/all_stocks_20260606/医药/医疗器械/基蛋生物.csv
603390,通达电气,汽车零部件,汽车零部件,/home/peanut/stock_key_info/all_stocks_20260606/工业制造/汽车零部件/通达电气.csv
603391,力聚热能,专用设备,专用设备,/home/peanut/stock_key_info/all_stocks_20260606/工业制造/专用设备/力聚热能.csv
603392,万泰生物,生物制品,生物制品,/home/peanut/stock_key_info/all_stocks_20260606/医药/生物制品/万泰生物.csv
603393,新天然气,燃气Ⅱ,燃气,/home/peanut/stock_key_info/all_stocks_20260606/能源/燃气/新天然气.csv
603395,红四方,农化制品,农药兽药,/home/peanut/stock_key_info/all_stocks_20260606/化工行业/农药兽药/红四方.csv
603396,XD金辰股,光伏设备,光伏设备,/home/peanut/stock_key_info/all_stocks_20260606/能源/光伏设备/XD金辰股.csv
603399,永杉锂业,能源金属,能源金属,/home/peanut/stock_key_info/all_stocks_20260606/能源/能源金属/永杉锂业.csv
603400,华之杰,通用设备,通用设备,/home/peanut/stock_key_info/all_stocks_20260606/TMT/通用设备/华之杰.csv
603402,DR陕西旅,旅游及景区,旅游酒店,/home/peanut/stock_key_info/all_stocks_20260606/衣食住行/旅游酒店/DR陕西旅.csv
603406,天富龙,化学纤维,化纤行业,/home/peanut/stock_key_info/all_stocks_20260606/化工行业/化纤行业/天富龙.csv
603407,长裕集团,化学原料,化学原料,/home/peanut/stock_key_info/all_stocks_20260606/化工行业/化学原料/长裕集团.csv
603408,建霖家居,家居用品,家用轻工,/home/peanut/stock_key_info/all_stocks_20260606/衣食住行/家用轻工/建霖家居.csv
603409,汇通控股,汽车零部件,汽车零部件,/home/peanut/stock_key_info/all_stocks_20260606/工业制造/汽车零部件/汇通控股.csv
603416,信捷电气,自动化设备,专用设备,/home/peanut/stock_key_info/all_stocks_20260606/工业制造/专用设备/信捷电气.csv
603418,友升股份,汽车零部件,汽车零部件,/home/peanut/stock_key_info/all_stocks_20260606/工业制造/汽车零部件/友升股份.csv
603421,鼎信通讯,通信设备,通信设备,/home/peanut/stock_key_info/all_stocks_20260606/TMT/通信设备/鼎信通讯.csv
603439,三力制药,中药Ⅱ,中药,/home/peanut/stock_key_info/all_stocks_20260606/医药/中药/三力制药.csv
603435,嘉德利,电子化学品Ⅱ,电子化学品,/home/peanut/stock_key_info/all_stocks_20260606/TMT/电子化学品/嘉德利.csv
603444,吉比特,游戏Ⅱ,游戏,/home/peanut/stock_key_info/all_stocks_20260606/衣食住行/游戏/吉比特.csv
603456,九洲药业,医疗服务,医疗服务,/home/peanut/stock_key_info/all_stocks_20260606/医药/医疗服务/九洲药业.csv
603458,勘设股份,工程咨询服务Ⅱ,工程咨询服务,/home/peanut/stock_key_info/all_stocks_20260606/旧基建/工程咨询服务/勘设股份.csv
603459,红板科技,元件,电子元件,/home/peanut/stock_key_info/all_stocks_20260606/TMT/电子元件/红板科技.csv
603466,风语筑,数字媒体,文化传媒,/home/peanut/stock_key_info/all_stocks_20260606/衣食住行/文化传媒/风语筑.csv
603477,巨星农牧,养殖业,农牧饲渔,/home/peanut/stock_key_info/all_stocks_20260606/衣食住行/农牧饲渔/巨星农牧.csv
603486,科沃斯,小家电,家电行业,/home/peanut/stock_key_info/all_stocks_20260606/衣食住行/家电行业/科沃斯.csv
603488,展鹏科技,专用设备,专用设备,/home/peanut/stock_key_info/all_stocks_20260606/工业制造/专用设备/展鹏科技.csv
603489,八方股份,电机Ⅱ,电机,/home/peanut/stock_key_info/all_stocks_20260606/工业制造/电机/八方股份.csv
603496,恒为科技,计算机设备,计算机设备,/home/peanut/stock_key_info/all_stocks_20260606/TMT/计算机设备/恒为科技.csv
603499,翔港科技,包装印刷,造纸印刷,/home/peanut/stock_key_info/all_stocks_20260606/旧基建/造纸印刷/翔港科技.csv
603500,祥和实业,轨交设备Ⅱ,交运设备,/home/peanut/stock_key_info/all_stocks_20260606/工业制造/交运设备/祥和实业.csv
603501,豪威集团,半导体,半导体,/home/peanut/stock_key_info/all_stocks_20260606/TMT/半导体/豪威集团.csv
603505,金石资源,化学制品,化学制品,/home/peanut/stock_key_info/all_stocks_20260606/化工行业/化学制品/金石资源.csv
603506,南都物业,房地产服务,房地产服务,/home/peanut/stock_key_info/all_stocks_20260606/旧基建/房地产服务/南都物业.csv
603507,振江股份,风电设备,风电设备,/home/peanut/stock_key_info/all_stocks_20260606/能源/风电设备/振江股份.csv
603508,思维列控,计算机设备,计算机设备,/home/peanut/stock_key_info/all_stocks_20260606/TMT/计算机设备/思维列控.csv
603511,爱慕股份,服装家纺,纺织服装,/home/peanut/stock_key_info/all_stocks_20260606/衣食住行/纺织服装/爱慕股份.csv
603515,欧普照明,照明设备Ⅱ,光学光电子,/home/peanut/stock_key_info/all_stocks_20260606/工业制造/光学光电子/欧普照明.csv
603516,淳中科技,计算机设备,计算机设备,/home/peanut/stock_key_info/all_stocks_20260606/TMT/计算机设备/淳中科技.csv
603518,锦泓集团,服装家纺,纺织服装,/home/peanut/stock_key_info/all_stocks_20260606/衣食住行/纺织服装/锦泓集团.csv
603519,立霸股份,家电零部件Ⅱ,家电行业,/home/peanut/stock_key_info/all_stocks_20260606/衣食住行/家电行业/立霸股份.csv
603520,司太立,化学制药,化学制药,/home/peanut/stock_key_info/all_stocks_20260606/医药/化学制药/司太立.csv
603527,众源新材,工业金属,有色金属,/home/peanut/stock_key_info/all_stocks_20260606/能源/有色金属/众源新材.csv
603528,多伦科技,软件开发,软件开发,/home/peanut/stock_key_info/all_stocks_20260606/TMT/软件开发/多伦科技.csv
603529,爱玛科技,摩托车及其他,汽车整车,/home/peanut/stock_key_info/all_stocks_20260606/工业制造/汽车整车/爱玛科技.csv
603530,神马电力,电网设备,电网设备,/home/peanut/stock_key_info/all_stocks_20260606/能源/电网设备/神马电力.csv
603533,掌阅科技,数字媒体,文化传媒,/home/peanut/stock_key_info/all_stocks_20260606/衣食住行/文化传媒/掌阅科技.csv
603535,嘉诚国际,物流,物流行业,/home/peanut/stock_key_info/all_stocks_20260606/航运物流/物流行业/嘉诚国际.csv
603536,惠发食品,食品加工,食品饮料,/home/peanut/stock_key_info/all_stocks_20260606/衣食住行/食品饮料/惠发食品.csv
603538,美诺华,化学制药,化学制药,/home/peanut/stock_key_info/all_stocks_20260606/医药/化学制药/美诺华.csv
603551,奥普科技,厨卫电器,家电行业,/home/peanut/stock_key_info/all_stocks_20260606/衣食住行/家电行业/奥普科技.csv
603556,海兴电力,电网设备,电网设备,/home/peanut/stock_key_info/all_stocks_20260606/能源/电网设备/海兴电力.csv
603558,健盛集团,纺织制造,纺织服装,/home/peanut/stock_key_info/all_stocks_20260606/衣食住行/纺织服装/健盛集团.csv
603566,普莱柯,动物保健Ⅱ,农药兽药,/home/peanut/stock_key_info/all_stocks_20260606/化工行业/农药兽药/普莱柯.csv
603567,珍宝岛,中药Ⅱ,中药,/home/peanut/stock_key_info/all_stocks_20260606/医药/中药/珍宝岛.csv
603568,伟明环保,环境治理,环保行业,/home/peanut/stock_key_info/all_stocks_20260606/衣食住行/环保行业/伟明环保.csv
603569,长久物流,物流,物流行业,/home/peanut/stock_key_info/all_stocks_20260606/航运物流/物流行业/长久物流.csv
603577,汇金通,电网设备,电网设备,/home/peanut/stock_key_info/all_stocks_20260606/能源/电网设备/汇金通.csv
603578,三星新材,家电零部件Ⅱ,家电行业,/home/peanut/stock_key_info/all_stocks_20260606/衣食住行/家电行业/三星新材.csv
603579,荣泰健康,其他家电Ⅱ,家电行业,/home/peanut/stock_key_info/all_stocks_20260606/衣食住行/家电行业/荣泰健康.csv
603583,捷昌驱动,自动化设备,专用设备,/home/peanut/stock_key_info/all_stocks_20260606/工业制造/专用设备/捷昌驱动.csv
603585,苏利股份,农化制品,农药兽药,/home/peanut/stock_key_info/all_stocks_20260606/化工行业/农药兽药/苏利股份.csv
603586,金麒麟,汽车零部件,汽车零部件,/home/peanut/stock_key_info/all_stocks_20260606/工业制造/汽车零部件/金麒麟.csv
603587,地素时尚,服装家纺,纺织服装,/home/peanut/stock_key_info/all_stocks_20260606/衣食住行/纺织服装/地素时尚.csv
603588,高能环境,环境治理,环保行业,/home/peanut/stock_key_info/all_stocks_20260606/衣食住行/环保行业/高能环境.csv
603589,口子窖,白酒Ⅱ,酿酒行业,/home/peanut/stock_key_info/all_stocks_20260606/旧基建/酿酒行业/口子窖.csv
603590,康辰药业,生物制品,生物制品,/home/peanut/stock_key_info/all_stocks_20260606/医药/生物制品/康辰药业.csv
603596,伯特利,汽车零部件,汽车零部件,/home/peanut/stock_key_info/all_stocks_20260606/工业制造/汽车零部件/伯特利.csv
603598,引力传媒,广告营销,文化传媒,/home/peanut/stock_key_info/all_stocks_20260606/衣食住行/文化传媒/引力传媒.csv
603599,广信股份,农化制品,农药兽药,/home/peanut/stock_key_info/all_stocks_20260606/化工行业/农药兽药/广信股份.csv
603600,永艺股份,家居用品,家用轻工,/home/peanut/stock_key_info/all_stocks_20260606/衣食住行/家用轻工/永艺股份.csv
603601,再升科技,专业工程,工程建设,/home/peanut/stock_key_info/all_stocks_20260606/旧基建/工程建设/再升科技.csv
603602,纵横通信,广告营销,文化传媒,/home/peanut/stock_key_info/all_stocks_20260606/衣食住行/文化传媒/纵横通信.csv
603605,珀莱雅,化妆品,美容护理,/home/peanut/stock_key_info/all_stocks_20260606/衣食住行/美容护理/珀莱雅.csv
603606,东方电缆,电网设备,电网设备,/home/peanut/stock_key_info/all_stocks_20260606/能源/电网设备/东方电缆.csv
603607,京华激光,包装印刷,造纸印刷,/home/peanut/stock_key_info/all_stocks_20260606/旧基建/造纸印刷/京华激光.csv
603608,天创时尚,服装家纺,纺织服装,/home/peanut/stock_key_info/all_stocks_20260606/衣食住行/纺织服装/天创时尚.csv
603609,禾丰股份,饲料,农牧饲渔,/home/peanut/stock_key_info/all_stocks_20260606/衣食住行/农牧饲渔/禾丰股份.csv
603610,麒盛科技,家居用品,家用轻工,/home/peanut/stock_key_info/all_stocks_20260606/衣食住行/家用轻工/麒盛科技.csv
603611,诺力股份,工程机械,工程机械,/home/peanut/stock_key_info/all_stocks_20260606/旧基建/工程机械/诺力股份.csv
603612,索通发展,非金属材料Ⅱ,非金属材料,/home/peanut/stock_key_info/all_stocks_20260606/化工行业/非金属材料/索通发展.csv
603615,茶花股份,家居用品,家用轻工,/home/peanut/stock_key_info/all_stocks_20260606/衣食住行/家用轻工/茶花股份.csv
603613,国联股份,互联网电商,互联网服务,/home/peanut/stock_key_info/all_stocks_20260606/TMT/互联网服务/国联股份.csv
603616,韩建河山,水泥,水泥建材,/home/peanut/stock_key_info/all_stocks_20260606/能源/水泥建材/韩建河山.csv
603617,君禾股份,通用设备,通用设备,/home/peanut/stock_key_info/all_stocks_20260606/TMT/通用设备/君禾股份.csv
603618,杭电股份,电网设备,电网设备,/home/peanut/stock_key_info/all_stocks_20260606/能源/电网设备/杭电股份.csv
603619,中曼石油,油服工程,石油行业,/home/peanut/stock_key_info/all_stocks_20260606/能源/石油行业/中曼石油.csv
603626,科森科技,消费电子,消费电子,/home/peanut/stock_key_info/all_stocks_20260606/工业制造/消费电子/科森科技.csv
603628,清源股份,光伏设备,光伏设备,/home/peanut/stock_key_info/all_stocks_20260606/能源/光伏设备/清源股份.csv
603630,拉芳家化,化妆品,美容护理,/home/peanut/stock_key_info/all_stocks_20260606/衣食住行/美容护理/拉芳家化.csv
603629,利通电子,消费电子,消费电子,/home/peanut/stock_key_info/all_stocks_20260606/工业制造/消费电子/利通电子.csv
603633,徕木股份,消费电子,消费电子,/home/peanut/stock_key_info/all_stocks_20260606/工业制造/消费电子/徕木股份.csv
603636,南威软件,IT服务Ⅱ,软件开发,/home/peanut/stock_key_info/all_stocks_20260606/TMT/软件开发/南威软件.csv
603637,镇海股份,专业工程,工程建设,/home/peanut/stock_key_info/all_stocks_20260606/旧基建/工程建设/镇海股份.csv
603638,艾迪精密,工程机械,工程机械,/home/peanut/stock_key_info/all_stocks_20260606/旧基建/工程机械/艾迪精密.csv
603639,海利尔,农化制品,农药兽药,/home/peanut/stock_key_info/all_stocks_20260606/化工行业/农药兽药/海利尔.csv
603648,畅联股份,物流,物流行业,/home/peanut/stock_key_info/all_stocks_20260606/航运物流/物流行业/畅联股份.csv
603650,彤程新材,橡胶,橡胶制品,/home/peanut/stock_key_info/all_stocks_20260606/能源/橡胶制品/彤程新材.csv
603655,朗博科技,汽车零部件,汽车零部件,/home/peanut/stock_key_info/all_stocks_20260606/工业制造/汽车零部件/朗博科技.csv
603656,泰禾智能,专用设备,专用设备,/home/peanut/stock_key_info/all_stocks_20260606/工业制造/专用设备/泰禾智能.csv
603657,春光科技,家电零部件Ⅱ,家电行业,/home/peanut/stock_key_info/all_stocks_20260606/衣食住行/家电行业/春光科技.csv
603658,安图生物,医疗器械,医疗器械,/home/peanut/stock_key_info/all_stocks_20260606/医药/医疗器械/安图生物.csv
603659,璞泰来,电池,电池,/home/peanut/stock_key_info/all_stocks_20260606/能源/电池/璞泰来.csv
603660,苏州科达,计算机设备,计算机设备,/home/peanut/stock_key_info/all_stocks_20260606/TMT/计算机设备/苏州科达.csv
603661,恒林股份,家居用品,家用轻工,/home/peanut/stock_key_info/all_stocks_20260606/衣食住行/家用轻工/恒林股份.csv
603662,柯力传感,通用设备,通用设备,/home/peanut/stock_key_info/all_stocks_20260606/TMT/通用设备/柯力传感.csv
603663,三祥新材,化学原料,化学原料,/home/peanut/stock_key_info/all_stocks_20260606/化工行业/化学原料/三祥新材.csv
603665,康隆达,服装家纺,纺织服装,/home/peanut/stock_key_info/all_stocks_20260606/衣食住行/纺织服装/康隆达.csv
603666,亿嘉和,自动化设备,专用设备,/home/peanut/stock_key_info/all_stocks_20260606/工业制造/专用设备/亿嘉和.csv
603667,XD五洲新,通用设备,通用设备,/home/peanut/stock_key_info/all_stocks_20260606/TMT/通用设备/XD五洲新.csv
603668,天马科技,饲料,农牧饲渔,/home/peanut/stock_key_info/all_stocks_20260606/衣食住行/农牧饲渔/天马科技.csv
603669,灵康药业,化学制药,化学制药,/home/peanut/stock_key_info/all_stocks_20260606/医药/化学制药/灵康药业.csv
603676,卫信康,化学制药,化学制药,/home/peanut/stock_key_info/all_stocks_20260606/医药/化学制药/卫信康.csv
603677,奇精机械,家电零部件Ⅱ,家电行业,/home/peanut/stock_key_info/all_stocks_20260606/衣食住行/家电行业/奇精机械.csv
603678,火炬电子,军工电子Ⅱ,航天航空,/home/peanut/stock_key_info/all_stocks_20260606/航天航空/火炬电子.csv
603679,华体科技,光学光电子,光学光电子,/home/peanut/stock_key_info/all_stocks_20260606/工业制造/光学光电子/华体科技.csv
603680,今创集团,轨交设备Ⅱ,交运设备,/home/peanut/stock_key_info/all_stocks_20260606/工业制造/交运设备/今创集团.csv
603681,永冠新材,化学制品,化学制品,/home/peanut/stock_key_info/all_stocks_20260606/化工行业/化学制品/永冠新材.csv
603682,锦和商管,一般零售,商业百货,/home/peanut/stock_key_info/all_stocks_20260606/衣食住行/商业百货/锦和商管.csv
603683,晶华新材,化学制品,化学制品,/home/peanut/stock_key_info/all_stocks_20260606/化工行业/化学制品/晶华新材.csv
603685,晨丰科技,光学光电子,光学光电子,/home/peanut/stock_key_info/all_stocks_20260606/工业制造/光学光电子/晨丰科技.csv
603686,福龙马,环境治理,环保行业,/home/peanut/stock_key_info/all_stocks_20260606/衣食住行/环保行业/福龙马.csv
603687,大胜达,包装印刷,造纸印刷,/home/peanut/stock_key_info/all_stocks_20260606/旧基建/造纸印刷/大胜达.csv
603688,石英股份,非金属材料Ⅱ,非金属材料,/home/peanut/stock_key_info/all_stocks_20260606/化工行业/非金属材料/石英股份.csv
603689,皖天然气,燃气Ⅱ,燃气,/home/peanut/stock_key_info/all_stocks_20260606/能源/燃气/皖天然气.csv
603693,江苏新能,电力,电力行业,/home/peanut/stock_key_info/all_stocks_20260606/电力行业/江苏新能.csv
603690,至纯科技,半导体,半导体,/home/peanut/stock_key_info/all_stocks_20260606/TMT/半导体/至纯科技.csv
603696,安记食品,调味发酵品Ⅱ,食品饮料,/home/peanut/stock_key_info/all_stocks_20260606/衣食住行/食品饮料/安记食品.csv
603697,有友食品,休闲食品,食品饮料,/home/peanut/stock_key_info/all_stocks_20260606/衣食住行/食品饮料/有友食品.csv
603699,纽威股份,通用设备,通用设备,/home/peanut/stock_key_info/all_stocks_20260606/TMT/通用设备/纽威股份.csv
603700,宁水集团,通用设备,通用设备,/home/peanut/stock_key_info/all_stocks_20260606/TMT/通用设备/宁水集团.csv
603701,德宏股份,汽车零部件,汽车零部件,/home/peanut/stock_key_info/all_stocks_20260606/工业制造/汽车零部件/德宏股份.csv
603703,盛洋科技,光学光电子,光学光电子,/home/peanut/stock_key_info/all_stocks_20260606/工业制造/光学光电子/盛洋科技.csv
603706,东方环宇,燃气Ⅱ,燃气,/home/peanut/stock_key_info/all_stocks_20260606/能源/燃气/东方环宇.csv
603707,健友股份,化学制药,化学制药,/home/peanut/stock_key_info/all_stocks_20260606/医药/化学制药/健友股份.csv
603708,家家悦,一般零售,商业百货,/home/peanut/stock_key_info/all_stocks_20260606/衣食住行/商业百货/家家悦.csv
603709,中源家居,家居用品,家用轻工,/home/peanut/stock_key_info/all_stocks_20260606/衣食住行/家用轻工/中源家居.csv
603711,香飘飘,饮料乳品,食品饮料,/home/peanut/stock_key_info/all_stocks_20260606/衣食住行/食品饮料/香飘飘.csv
603712,七一二,军工电子Ⅱ,航天航空,/home/peanut/stock_key_info/all_stocks_20260606/航天航空/七一二.csv
603713,密尔克卫,物流,物流行业,/home/peanut/stock_key_info/all_stocks_20260606/航运物流/物流行业/密尔克卫.csv
603716,塞力医疗,医药商业,医药商业,/home/peanut/stock_key_info/all_stocks_20260606/医药/医药商业/塞力医疗.csv
603717,天域生物,基础建设,工程建设,/home/peanut/stock_key_info/all_stocks_20260606/旧基建/工程建设/天域生物.csv
603719,良品铺子,休闲食品,食品饮料,/home/peanut/stock_key_info/all_stocks_20260606/衣食住行/食品饮料/良品铺子.csv
603721,中广天择,影视院线,文化传媒,/home/peanut/stock_key_info/all_stocks_20260606/衣食住行/文化传媒/中广天择.csv
603722,阿科力,化学制品,化学制品,/home/peanut/stock_key_info/all_stocks_20260606/化工行业/化学制品/阿科力.csv
603725,天安新材,家居用品,家用轻工,/home/peanut/stock_key_info/all_stocks_20260606/衣食住行/家用轻工/天安新材.csv
603727,博迈科,油服工程,石油行业,/home/peanut/stock_key_info/all_stocks_20260606/能源/石油行业/博迈科.csv
603726,朗迪集团,家电零部件Ⅱ,家电行业,/home/peanut/stock_key_info/all_stocks_20260606/衣食住行/家电行业/朗迪集团.csv
603728,鸣志电器,电机Ⅱ,电机,/home/peanut/stock_key_info/all_stocks_20260606/工业制造/电机/鸣志电器.csv
603730,岱美股份,汽车零部件,汽车零部件,/home/peanut/stock_key_info/all_stocks_20260606/工业制造/汽车零部件/岱美股份.csv
603733,仙鹤股份,造纸,造纸印刷,/home/peanut/stock_key_info/all_stocks_20260606/旧基建/造纸印刷/仙鹤股份.csv
603737,三棵树,装修建材,装修建材,/home/peanut/stock_key_info/all_stocks_20260606/旧基建/装修建材/三棵树.csv
603738,泰晶科技,元件,电子元件,/home/peanut/stock_key_info/all_stocks_20260606/TMT/电子元件/泰晶科技.csv
603739,蔚蓝生物,化学制品,化学制品,/home/peanut/stock_key_info/all_stocks_20260606/化工行业/化学制品/蔚蓝生物.csv
603755,日辰股份,调味发酵品Ⅱ,食品饮料,/home/peanut/stock_key_info/all_stocks_20260606/衣食住行/食品饮料/日辰股份.csv
603757,大元泵业,通用设备,通用设备,/home/peanut/stock_key_info/all_stocks_20260606/TMT/通用设备/大元泵业.csv
603758,秦安股份,汽车零部件,汽车零部件,/home/peanut/stock_key_info/all_stocks_20260606/工业制造/汽车零部件/秦安股份.csv
603759,海天股份,环境治理,环保行业,/home/peanut/stock_key_info/all_stocks_20260606/衣食住行/环保行业/海天股份.csv
603767,中马传动,汽车零部件,汽车零部件,/home/peanut/stock_key_info/all_stocks_20260606/工业制造/汽车零部件/中马传动.csv
603766,隆鑫通用,摩托车及其他,汽车整车,/home/peanut/stock_key_info/all_stocks_20260606/工业制造/汽车整车/隆鑫通用.csv
603768,常青股份,汽车零部件,汽车零部件,/home/peanut/stock_key_info/all_stocks_20260606/工业制造/汽车零部件/常青股份.csv
603773,沃格光电,光学光电子,光学光电子,/home/peanut/stock_key_info/all_stocks_20260606/工业制造/光学光电子/沃格光电.csv
603776,永安行,摩托车及其他,汽车整车,/home/peanut/stock_key_info/all_stocks_20260606/工业制造/汽车整车/永安行.csv
603777,来伊份,休闲食品,食品饮料,/home/peanut/stock_key_info/all_stocks_20260606/衣食住行/食品饮料/来伊份.csv
603778,国晟科技,光伏设备,光伏设备,/home/peanut/stock_key_info/all_stocks_20260606/能源/光伏设备/国晟科技.csv
603779,威龙股份,非白酒,酿酒行业,/home/peanut/stock_key_info/all_stocks_20260606/旧基建/酿酒行业/威龙股份.csv
603786,科博达,汽车零部件,汽车零部件,/home/peanut/stock_key_info/all_stocks_20260606/工业制造/汽车零部件/科博达.csv
603787,新日股份,摩托车及其他,汽车整车,/home/peanut/stock_key_info/all_stocks_20260606/工业制造/汽车整车/新日股份.csv
603788,宁波高发,汽车零部件,汽车零部件,/home/peanut/stock_key_info/all_stocks_20260606/工业制造/汽车零部件/宁波高发.csv
603790,雅运股份,化学制品,化学制品,/home/peanut/stock_key_info/all_stocks_20260606/化工行业/化学制品/雅运股份.csv
603797,联泰环保,环境治理,环保行业,/home/peanut/stock_key_info/all_stocks_20260606/衣食住行/环保行业/联泰环保.csv
603798,康普顿,炼化及贸易,石油行业,/home/peanut/stock_key_info/all_stocks_20260606/能源/石油行业/康普顿.csv
603799,华友钴业,能源金属,能源金属,/home/peanut/stock_key_info/all_stocks_20260606/能源/能源金属/华友钴业.csv
603800,洪田股份,专用设备,专用设备,/home/peanut/stock_key_info/all_stocks_20260606/工业制造/专用设备/洪田股份.csv
603801,志邦家居,家居用品,家用轻工,/home/peanut/stock_key_info/all_stocks_20260606/衣食住行/家用轻工/志邦家居.csv
603803,瑞斯康达,通信设备,通信设备,/home/peanut/stock_key_info/all_stocks_20260606/TMT/通信设备/瑞斯康达.csv
603806,福斯特,光伏设备,光伏设备,/home/peanut/stock_key_info/all_stocks_20260606/能源/光伏设备/福斯特.csv
603808,歌力思,服装家纺,纺织服装,/home/peanut/stock_key_info/all_stocks_20260606/衣食住行/纺织服装/歌力思.csv
603809,豪能股份,汽车零部件,汽车零部件,/home/peanut/stock_key_info/all_stocks_20260606/工业制造/汽车零部件/豪能股份.csv
603810,丰山集团,农化制品,农药兽药,/home/peanut/stock_key_info/all_stocks_20260606/化工行业/农药兽药/丰山集团.csv
603811,诚意药业,化学制药,化学制药,/home/peanut/stock_key_info/all_stocks_20260606/医药/化学制药/诚意药业.csv
603815,交建股份,基础建设,工程建设,/home/peanut/stock_key_info/all_stocks_20260606/旧基建/工程建设/交建股份.csv
603816,顾家家居,家居用品,家用轻工,/home/peanut/stock_key_info/all_stocks_20260606/衣食住行/家用轻工/顾家家居.csv
603817,海峡环保,环境治理,环保行业,/home/peanut/stock_key_info/all_stocks_20260606/衣食住行/环保行业/海峡环保.csv
603818,曲美家居,家居用品,家用轻工,/home/peanut/stock_key_info/all_stocks_20260606/衣食住行/家用轻工/曲美家居.csv
603819,XD神力股,电机Ⅱ,电机,/home/peanut/stock_key_info/all_stocks_20260606/工业制造/电机/XD神力股.csv
603823,百合花,化学制品,化学制品,/home/peanut/stock_key_info/all_stocks_20260606/化工行业/化学制品/百合花.csv
603826,坤彩科技,非金属材料Ⅱ,非金属材料,/home/peanut/stock_key_info/all_stocks_20260606/化工行业/非金属材料/坤彩科技.csv
603829,洛凯股份,电网设备,电网设备,/home/peanut/stock_key_info/all_stocks_20260606/能源/电网设备/洛凯股份.csv
603833,欧派家居,家居用品,家用轻工,/home/peanut/stock_key_info/all_stocks_20260606/衣食住行/家用轻工/欧派家居.csv
603836,海程邦达,物流,物流行业,/home/peanut/stock_key_info/all_stocks_20260606/航运物流/物流行业/海程邦达.csv
603839,安正时尚,服装家纺,纺织服装,/home/peanut/stock_key_info/all_stocks_20260606/衣食住行/纺织服装/安正时尚.csv
603848,好太太,家居用品,家用轻工,/home/peanut/stock_key_info/all_stocks_20260606/衣食住行/家用轻工/好太太.csv
603855,华荣股份,专用设备,专用设备,/home/peanut/stock_key_info/all_stocks_20260606/工业制造/专用设备/华荣股份.csv
603856,东宏股份,装修建材,装修建材,/home/peanut/stock_key_info/all_stocks_20260606/旧基建/装修建材/东宏股份.csv
603858,步长制药,中药Ⅱ,中药,/home/peanut/stock_key_info/all_stocks_20260606/医药/中药/步长制药.csv
603859,能科科技,IT服务Ⅱ,软件开发,/home/peanut/stock_key_info/all_stocks_20260606/TMT/软件开发/能科科技.csv
603860,中公高科,工程咨询服务Ⅱ,工程咨询服务,/home/peanut/stock_key_info/all_stocks_20260606/旧基建/工程咨询服务/中公高科.csv
603861,白云电器,电网设备,电网设备,/home/peanut/stock_key_info/all_stocks_20260606/能源/电网设备/白云电器.csv
603863,松炀资源,造纸,造纸印刷,/home/peanut/stock_key_info/all_stocks_20260606/旧基建/造纸印刷/松炀资源.csv
603866,桃李面包,休闲食品,食品饮料,/home/peanut/stock_key_info/all_stocks_20260606/衣食住行/食品饮料/桃李面包.csv
603867,新化股份,化学制品,化学制品,/home/peanut/stock_key_info/all_stocks_20260606/化工行业/化学制品/新化股份.csv
603868,飞科电器,小家电,家电行业,/home/peanut/stock_key_info/all_stocks_20260606/衣食住行/家电行业/飞科电器.csv
603871,嘉友国际,物流,物流行业,/home/peanut/stock_key_info/all_stocks_20260606/航运物流/物流行业/嘉友国际.csv
603876,鼎胜新材,工业金属,有色金属,/home/peanut/stock_key_info/all_stocks_20260606/能源/有色金属/鼎胜新材.csv
603877,太平鸟,服装家纺,纺织服装,/home/peanut/stock_key_info/all_stocks_20260606/衣食住行/纺织服装/太平鸟.csv
603878,武进不锈,普钢,钢铁行业,/home/peanut/stock_key_info/all_stocks_20260606/能源/钢铁行业/武进不锈.csv
603879,永悦科技,塑料,塑料制品,/home/peanut/stock_key_info/all_stocks_20260606/化工行业/塑料制品/永悦科技.csv
603880,南卫股份,医疗器械,医疗器械,/home/peanut/stock_key_info/all_stocks_20260606/医药/医疗器械/南卫股份.csv
603881,数据港,通信服务,通信服务,/home/peanut/stock_key_info/all_stocks_20260606/TMT/通信服务/数据港.csv
603882,金域医学,医疗服务,医疗服务,/home/peanut/stock_key_info/all_stocks_20260606/医药/医疗服务/金域医学.csv
603883,老百姓,医药商业,医药商业,/home/peanut/stock_key_info/all_stocks_20260606/医药/医药商业/老百姓.csv
603885,吉祥航空,航空机场,航空机场,/home/peanut/stock_key_info/all_stocks_20260606/衣食住行/航空机场/吉祥航空.csv
603886,元祖股份,休闲食品,食品饮料,/home/peanut/stock_key_info/all_stocks_20260606/衣食住行/食品饮料/元祖股份.csv
603887,城地香江,IT服务Ⅱ,软件开发,/home/peanut/stock_key_info/all_stocks_20260606/TMT/软件开发/城地香江.csv
603888,新华网,数字媒体,文化传媒,/home/peanut/stock_key_info/all_stocks_20260606/衣食住行/文化传媒/新华网.csv
603889,新澳股份,纺织制造,纺织服装,/home/peanut/stock_key_info/all_stocks_20260606/衣食住行/纺织服装/新澳股份.csv
603890,春秋电子,消费电子,消费电子,/home/peanut/stock_key_info/all_stocks_20260606/工业制造/消费电子/春秋电子.csv
603893,瑞芯微,半导体,半导体,/home/peanut/stock_key_info/all_stocks_20260606/TMT/半导体/瑞芯微.csv
603895,天永智能,专用设备,专用设备,/home/peanut/stock_key_info/all_stocks_20260606/工业制造/专用设备/天永智能.csv
603896,寿仙谷,中药Ⅱ,中药,/home/peanut/stock_key_info/all_stocks_20260606/医药/中药/寿仙谷.csv
603897,长城科技,电网设备,电网设备,/home/peanut/stock_key_info/all_stocks_20260606/能源/电网设备/长城科技.csv
603898,好莱客,家居用品,家用轻工,/home/peanut/stock_key_info/all_stocks_20260606/衣食住行/家用轻工/好莱客.csv
603899,晨光股份,文娱用品,家用轻工,/home/peanut/stock_key_info/all_stocks_20260606/衣食住行/家用轻工/晨光股份.csv
603900,莱绅通灵,饰品,珠宝首饰,/home/peanut/stock_key_info/all_stocks_20260606/衣食住行/珠宝首饰/莱绅通灵.csv
603901,永创智能,专用设备,专用设备,/home/peanut/stock_key_info/all_stocks_20260606/工业制造/专用设备/永创智能.csv
603903,中持股份,环境治理,环保行业,/home/peanut/stock_key_info/all_stocks_20260606/衣食住行/环保行业/中持股份.csv
603906,龙蟠科技,电池,电池,/home/peanut/stock_key_info/all_stocks_20260606/能源/电池/龙蟠科技.csv
603908,牧高笛,服装家纺,纺织服装,/home/peanut/stock_key_info/all_stocks_20260606/衣食住行/纺织服装/牧高笛.csv
603909,建发合诚,工程咨询服务Ⅱ,工程咨询服务,/home/peanut/stock_key_info/all_stocks_20260606/旧基建/工程咨询服务/建发合诚.csv
603915,XD国茂股,通用设备,通用设备,/home/peanut/stock_key_info/all_stocks_20260606/TMT/通用设备/XD国茂股.csv
603912,佳力图,通用设备,通用设备,/home/peanut/stock_key_info/all_stocks_20260606/TMT/通用设备/佳力图.csv
603916,苏博特,水泥,水泥建材,/home/peanut/stock_key_info/all_stocks_20260606/能源/水泥建材/苏博特.csv
603917,合力科技,汽车零部件,汽车零部件,/home/peanut/stock_key_info/all_stocks_20260606/工业制造/汽车零部件/合力科技.csv
603918,金桥信息,IT服务Ⅱ,软件开发,/home/peanut/stock_key_info/all_stocks_20260606/TMT/软件开发/金桥信息.csv
603919,金徽酒,白酒Ⅱ,酿酒行业,/home/peanut/stock_key_info/all_stocks_20260606/旧基建/酿酒行业/金徽酒.csv
603920,世运电路,元件,电子元件,/home/peanut/stock_key_info/all_stocks_20260606/TMT/电子元件/世运电路.csv
603926,铁流股份,汽车零部件,汽车零部件,/home/peanut/stock_key_info/all_stocks_20260606/工业制造/汽车零部件/铁流股份.csv
603928,兴业股份,塑料,塑料制品,/home/peanut/stock_key_info/all_stocks_20260606/化工行业/塑料制品/兴业股份.csv
603927,中科软,软件开发,软件开发,/home/peanut/stock_key_info/all_stocks_20260606/TMT/软件开发/中科软.csv
603929,亚翔集成,专业工程,工程建设,/home/peanut/stock_key_info/all_stocks_20260606/旧基建/工程建设/亚翔集成.csv
603931,格林达,电子化学品Ⅱ,电子化学品,/home/peanut/stock_key_info/all_stocks_20260606/TMT/电子化学品/格林达.csv
603933,睿能科技,其他电子Ⅱ,消费电子,/home/peanut/stock_key_info/all_stocks_20260606/工业制造/消费电子/睿能科技.csv
603936,博敏电子,元件,电子元件,/home/peanut/stock_key_info/all_stocks_20260606/TMT/电子元件/博敏电子.csv
603937,丽岛新材,工业金属,有色金属,/home/peanut/stock_key_info/all_stocks_20260606/能源/有色金属/丽岛新材.csv
603938,三孚股份,化学原料,化学原料,/home/peanut/stock_key_info/all_stocks_20260606/化工行业/化学原料/三孚股份.csv
603939,益丰药房,医药商业,医药商业,/home/peanut/stock_key_info/all_stocks_20260606/医药/医药商业/益丰药房.csv
603948,建业股份,化学制品,化学制品,/home/peanut/stock_key_info/all_stocks_20260606/化工行业/化学制品/建业股份.csv
603949,雪龙集团,汽车零部件,汽车零部件,/home/peanut/stock_key_info/all_stocks_20260606/工业制造/汽车零部件/雪龙集团.csv
603950,长源东谷,汽车零部件,汽车零部件,/home/peanut/stock_key_info/all_stocks_20260606/工业制造/汽车零部件/长源东谷.csv
603955,大千生态,基础建设,工程建设,/home/peanut/stock_key_info/all_stocks_20260606/旧基建/工程建设/大千生态.csv
603956,威派格,专用设备,专用设备,/home/peanut/stock_key_info/all_stocks_20260606/工业制造/专用设备/威派格.csv
603958,哈森股份,服装家纺,纺织服装,/home/peanut/stock_key_info/all_stocks_20260606/衣食住行/纺织服装/哈森股份.csv
603960,克来机电,自动化设备,专用设备,/home/peanut/stock_key_info/all_stocks_20260606/工业制造/专用设备/克来机电.csv
603966,法兰泰克,专用设备,专用设备,/home/peanut/stock_key_info/all_stocks_20260606/工业制造/专用设备/法兰泰克.csv
603967,中创物流,物流,物流行业,/home/peanut/stock_key_info/all_stocks_20260606/航运物流/物流行业/中创物流.csv
603968,醋化股份,化学制品,化学制品,/home/peanut/stock_key_info/all_stocks_20260606/化工行业/化学制品/醋化股份.csv
603969,银龙股份,通用设备,通用设备,/home/peanut/stock_key_info/all_stocks_20260606/TMT/通用设备/银龙股份.csv
603970,XD中农立,农化制品,农药兽药,/home/peanut/stock_key_info/all_stocks_20260606/化工行业/农药兽药/XD中农立.csv
603976,正川股份,医疗器械,医疗器械,/home/peanut/stock_key_info/all_stocks_20260606/医药/医疗器械/正川股份.csv
603977,国泰集团,化学制品,化学制品,/home/peanut/stock_key_info/all_stocks_20260606/化工行业/化学制品/国泰集团.csv
603978,深圳新星,金属新材料,小金属,/home/peanut/stock_key_info/all_stocks_20260606/能源/小金属/深圳新星.csv
603979,金诚信,工业金属,有色金属,/home/peanut/stock_key_info/all_stocks_20260606/能源/有色金属/金诚信.csv
603980,吉华集团,化学制品,化学制品,/home/peanut/stock_key_info/all_stocks_20260606/化工行业/化学制品/吉华集团.csv
603982,泉峰汽车,汽车零部件,汽车零部件,/home/peanut/stock_key_info/all_stocks_20260606/工业制造/汽车零部件/泉峰汽车.csv
603983,丸美生物,化妆品,美容护理,/home/peanut/stock_key_info/all_stocks_20260606/衣食住行/美容护理/丸美生物.csv
603985,恒润股份,风电设备,风电设备,/home/peanut/stock_key_info/all_stocks_20260606/能源/风电设备/恒润股份.csv
603986,兆易创新,半导体,半导体,/home/peanut/stock_key_info/all_stocks_20260606/TMT/半导体/兆易创新.csv
603987,康德莱,医疗器械,医疗器械,/home/peanut/stock_key_info/all_stocks_20260606/医药/医疗器械/康德莱.csv
603988,中电电机,电机Ⅱ,电机,/home/peanut/stock_key_info/all_stocks_20260606/工业制造/电机/中电电机.csv
603989,艾华集团,元件,电子元件,/home/peanut/stock_key_info/all_stocks_20260606/TMT/电子元件/艾华集团.csv
603990,麦迪科技,软件开发,软件开发,/home/peanut/stock_key_info/all_stocks_20260606/TMT/软件开发/麦迪科技.csv
603991,领先股份,半导体,半导体,/home/peanut/stock_key_info/all_stocks_20260606/TMT/半导体/领先股份.csv
603992,松霖科技,家居用品,家用轻工,/home/peanut/stock_key_info/all_stocks_20260606/衣食住行/家用轻工/松霖科技.csv
603993,洛阳钼业,工业金属,有色金属,/home/peanut/stock_key_info/all_stocks_20260606/能源/有色金属/洛阳钼业.csv
603995,甬金股份,特钢Ⅱ,钢铁行业,/home/peanut/stock_key_info/all_stocks_20260606/能源/钢铁行业/甬金股份.csv
603997,继峰股份,汽车零部件,汽车零部件,/home/peanut/stock_key_info/all_stocks_20260606/工业制造/汽车零部件/继峰股份.csv
603998,方盛制药,中药Ⅱ,中药,/home/peanut/stock_key_info/all_stocks_20260606/医药/中药/方盛制药.csv
603999,读者传媒,出版,文化传媒,/home/peanut/stock_key_info/all_stocks_20260606/衣食住行/文化传媒/读者传媒.csv
605001,威奥股份,轨交设备Ⅱ,交运设备,/home/peanut/stock_key_info/all_stocks_20260606/工业制造/交运设备/威奥股份.csv
605003,众望布艺,服装家纺,纺织服装,/home/peanut/stock_key_info/all_stocks_20260606/衣食住行/纺织服装/众望布艺.csv
605005,合兴股份,汽车零部件,汽车零部件,/home/peanut/stock_key_info/all_stocks_20260606/工业制造/汽车零部件/合兴股份.csv
605007,五洲特纸,造纸,造纸印刷,/home/peanut/stock_key_info/all_stocks_20260606/旧基建/造纸印刷/五洲特纸.csv
605006,山东玻纤,玻璃玻纤,玻璃玻纤,/home/peanut/stock_key_info/all_stocks_20260606/能源/玻璃玻纤/山东玻纤.csv
605008,长鸿高科,塑料,塑料制品,/home/peanut/stock_key_info/all_stocks_20260606/化工行业/塑料制品/长鸿高科.csv
605009,豪悦护理,个护用品,美容护理,/home/peanut/stock_key_info/all_stocks_20260606/衣食住行/美容护理/豪悦护理.csv
605016,百龙创园,化学制品,化学制品,/home/peanut/stock_key_info/all_stocks_20260606/化工行业/化学制品/百龙创园.csv
605011,杭州热电,电力,电力行业,/home/peanut/stock_key_info/all_stocks_20260606/电力行业/杭州热电.csv
605018,长华集团,汽车零部件,汽车零部件,/home/peanut/stock_key_info/all_stocks_20260606/工业制造/汽车零部件/长华集团.csv
605020,永和股份,化学制品,化学制品,/home/peanut/stock_key_info/all_stocks_20260606/化工行业/化学制品/永和股份.csv
605028,世茂能源,电力,电力行业,/home/peanut/stock_key_info/all_stocks_20260606/电力行业/世茂能源.csv
605033,美邦股份,农化制品,农药兽药,/home/peanut/stock_key_info/all_stocks_20260606/化工行业/农药兽药/美邦股份.csv
605050,福然德,物流,物流行业,/home/peanut/stock_key_info/all_stocks_20260606/航运物流/物流行业/福然德.csv
605055,迎丰股份,纺织制造,纺织服装,/home/peanut/stock_key_info/all_stocks_20260606/衣食住行/纺织服装/迎丰股份.csv
605056,咸亨国际,通用设备,通用设备,/home/peanut/stock_key_info/all_stocks_20260606/TMT/通用设备/咸亨国际.csv
605058,澳弘电子,元件,电子元件,/home/peanut/stock_key_info/all_stocks_20260606/TMT/电子元件/澳弘电子.csv
605060,联德股份,通用设备,通用设备,/home/peanut/stock_key_info/all_stocks_20260606/TMT/通用设备/联德股份.csv
605066,天正电气,电网设备,电网设备,/home/peanut/stock_key_info/all_stocks_20260606/能源/电网设备/天正电气.csv
605069,正和生态,环境治理,环保行业,/home/peanut/stock_key_info/all_stocks_20260606/衣食住行/环保行业/正和生态.csv
605068,明新旭腾,汽车零部件,汽车零部件,/home/peanut/stock_key_info/all_stocks_20260606/工业制造/汽车零部件/明新旭腾.csv
605077,华康股份,化学制品,化学制品,/home/peanut/stock_key_info/all_stocks_20260606/化工行业/化学制品/华康股份.csv
605080,浙江自然,文娱用品,家用轻工,/home/peanut/stock_key_info/all_stocks_20260606/衣食住行/家用轻工/浙江自然.csv
605088,冠盛股份,汽车零部件,汽车零部件,/home/peanut/stock_key_info/all_stocks_20260606/工业制造/汽车零部件/冠盛股份.csv
605086,龙高股份,非金属材料Ⅱ,非金属材料,/home/peanut/stock_key_info/all_stocks_20260606/化工行业/非金属材料/龙高股份.csv
605089,味知香,食品加工,食品饮料,/home/peanut/stock_key_info/all_stocks_20260606/衣食住行/食品饮料/味知香.csv
605090,九丰能源,燃气Ⅱ,燃气,/home/peanut/stock_key_info/all_stocks_20260606/能源/燃气/九丰能源.csv
605099,XD共创草,家居用品,家用轻工,/home/peanut/stock_key_info/all_stocks_20260606/衣食住行/家用轻工/XD共创草.csv
605098,行动教育,教育,教育,/home/peanut/stock_key_info/all_stocks_20260606/衣食住行/教育/行动教育.csv
605100,华丰股份,通用设备,通用设备,/home/peanut/stock_key_info/all_stocks_20260606/TMT/通用设备/华丰股份.csv
605108,同庆楼,酒店餐饮,旅游酒店,/home/peanut/stock_key_info/all_stocks_20260606/衣食住行/旅游酒店/同庆楼.csv
605111,新洁能,半导体,半导体,/home/peanut/stock_key_info/all_stocks_20260606/TMT/半导体/新洁能.csv
605116,奥锐特,化学制药,化学制药,/home/peanut/stock_key_info/all_stocks_20260606/医药/化学制药/奥锐特.csv
605117,德业股份,光伏设备,光伏设备,/home/peanut/stock_key_info/all_stocks_20260606/能源/光伏设备/德业股份.csv
605118,力鼎光电,计算机设备,计算机设备,/home/peanut/stock_key_info/all_stocks_20260606/TMT/计算机设备/力鼎光电.csv
605122,四方新材,水泥,水泥建材,/home/peanut/stock_key_info/all_stocks_20260606/能源/水泥建材/四方新材.csv
605123,派克新材,航空装备Ⅱ,航天航空,/home/peanut/stock_key_info/all_stocks_20260606/航天航空/派克新材.csv
605128,上海沿浦,汽车零部件,汽车零部件,/home/peanut/stock_key_info/all_stocks_20260606/工业制造/汽车零部件/上海沿浦.csv
605133,嵘泰股份,汽车零部件,汽车零部件,/home/peanut/stock_key_info/all_stocks_20260606/工业制造/汽车零部件/嵘泰股份.csv
605136,丽人丽妆,互联网电商,互联网服务,/home/peanut/stock_key_info/all_stocks_20260606/TMT/互联网服务/丽人丽妆.csv
605138,盛泰集团,服装家纺,纺织服装,/home/peanut/stock_key_info/all_stocks_20260606/衣食住行/纺织服装/盛泰集团.csv
605151,西上海,汽车零部件,汽车零部件,/home/peanut/stock_key_info/all_stocks_20260606/工业制造/汽车零部件/西上海.csv
605155,西大门,家居用品,家用轻工,/home/peanut/stock_key_info/all_stocks_20260606/衣食住行/家用轻工/西大门.csv
605162,新中港,电力,电力行业,/home/peanut/stock_key_info/all_stocks_20260606/电力行业/新中港.csv
605158,华达新材,金属新材料,小金属,/home/peanut/stock_key_info/all_stocks_20260606/能源/小金属/华达新材.csv
605166,聚合顺,化学纤维,化纤行业,/home/peanut/stock_key_info/all_stocks_20260606/化工行业/化纤行业/聚合顺.csv
605167,利柏特,专业工程,工程建设,/home/peanut/stock_key_info/all_stocks_20260606/旧基建/工程建设/利柏特.csv
605168,三人行,广告营销,文化传媒,/home/peanut/stock_key_info/all_stocks_20260606/衣食住行/文化传媒/三人行.csv
605169,洪通燃气,燃气Ⅱ,燃气,/home/peanut/stock_key_info/all_stocks_20260606/能源/燃气/洪通燃气.csv
605177,东亚药业,化学制药,化学制药,/home/peanut/stock_key_info/all_stocks_20260606/医药/化学制药/东亚药业.csv
605178,时空科技,专业工程,工程建设,/home/peanut/stock_key_info/all_stocks_20260606/旧基建/工程建设/时空科技.csv
605179,一鸣食品,饮料乳品,食品饮料,/home/peanut/stock_key_info/all_stocks_20260606/衣食住行/食品饮料/一鸣食品.csv
605180,华生科技,纺织制造,纺织服装,/home/peanut/stock_key_info/all_stocks_20260606/衣食住行/纺织服装/华生科技.csv
605183,确成股份,橡胶,橡胶制品,/home/peanut/stock_key_info/all_stocks_20260606/能源/橡胶制品/确成股份.csv
605186,健麾信息,自动化设备,专用设备,/home/peanut/stock_key_info/all_stocks_20260606/工业制造/专用设备/健麾信息.csv
605188,国光连锁,一般零售,商业百货,/home/peanut/stock_key_info/all_stocks_20260606/衣食住行/商业百货/国光连锁.csv
605189,富春染织,纺织制造,纺织服装,/home/peanut/stock_key_info/all_stocks_20260606/衣食住行/纺织服装/富春染织.csv
605196,华通线缆,电网设备,电网设备,/home/peanut/stock_key_info/all_stocks_20260606/能源/电网设备/华通线缆.csv
605198,安德利,农产品加工,农牧饲渔,/home/peanut/stock_key_info/all_stocks_20260606/衣食住行/农牧饲渔/安德利.csv
605208,永茂泰,工业金属,有色金属,/home/peanut/stock_key_info/all_stocks_20260606/能源/有色金属/永茂泰.csv
605218,伟时电子,光学光电子,光学光电子,/home/peanut/stock_key_info/all_stocks_20260606/工业制造/光学光电子/伟时电子.csv
605222,起帆电缆,电网设备,电网设备,/home/peanut/stock_key_info/all_stocks_20260606/能源/电网设备/起帆电缆.csv
605228,神通科技,汽车零部件,汽车零部件,/home/peanut/stock_key_info/all_stocks_20260606/工业制造/汽车零部件/神通科技.csv
605255,天普股份,汽车零部件,汽车零部件,/home/peanut/stock_key_info/all_stocks_20260606/工业制造/汽车零部件/天普股份.csv
605258,协和电子,元件,电子元件,/home/peanut/stock_key_info/all_stocks_20260606/TMT/电子元件/协和电子.csv
605259,绿田机械,专用设备,专用设备,/home/peanut/stock_key_info/all_stocks_20260606/工业制造/专用设备/绿田机械.csv
605266,XD健之佳,医药商业,医药商业,/home/peanut/stock_key_info/all_stocks_20260606/医药/医药商业/XD健之佳.csv
605268,王力安防,家居用品,家用轻工,/home/peanut/stock_key_info/all_stocks_20260606/衣食住行/家用轻工/王力安防.csv
605277,新亚电子,消费电子,消费电子,/home/peanut/stock_key_info/all_stocks_20260606/工业制造/消费电子/新亚电子.csv
605286,同力天启,专用设备,专用设备,/home/peanut/stock_key_info/all_stocks_20260606/工业制造/专用设备/同力天启.csv
605287,德才股份,装修装饰Ⅱ,装修装饰,/home/peanut/stock_key_info/all_stocks_20260606/旧基建/装修装饰/德才股份.csv
605288,凯迪股份,自动化设备,专用设备,/home/peanut/stock_key_info/all_stocks_20260606/工业制造/专用设备/凯迪股份.csv
605289,罗曼股份,专业工程,工程建设,/home/peanut/stock_key_info/all_stocks_20260606/旧基建/工程建设/罗曼股份.csv
605296,神农集团,养殖业,农牧饲渔,/home/peanut/stock_key_info/all_stocks_20260606/衣食住行/农牧饲渔/神农集团.csv
605298,必得科技,轨交设备Ⅱ,交运设备,/home/peanut/stock_key_info/all_stocks_20260606/工业制造/交运设备/必得科技.csv
605299,舒华体育,文娱用品,家用轻工,/home/peanut/stock_key_info/all_stocks_20260606/衣食住行/家用轻工/舒华体育.csv
605300,佳禾食品,饮料乳品,食品饮料,/home/peanut/stock_key_info/all_stocks_20260606/衣食住行/食品饮料/佳禾食品.csv
605303,园林股份,基础建设,工程建设,/home/peanut/stock_key_info/all_stocks_20260606/旧基建/工程建设/园林股份.csv
605305,中际联合,工程机械,工程机械,/home/peanut/stock_key_info/all_stocks_20260606/旧基建/工程机械/中际联合.csv
605318,法狮龙,装修建材,装修建材,/home/peanut/stock_key_info/all_stocks_20260606/旧基建/装修建材/法狮龙.csv
605319,无锡振华,汽车零部件,汽车零部件,/home/peanut/stock_key_info/all_stocks_20260606/工业制造/汽车零部件/无锡振华.csv
605333,沪光股份,汽车零部件,汽车零部件,/home/peanut/stock_key_info/all_stocks_20260606/工业制造/汽车零部件/沪光股份.csv
605337,李子园,饮料乳品,食品饮料,/home/peanut/stock_key_info/all_stocks_20260606/衣食住行/食品饮料/李子园.csv
605338,巴比食品,食品加工,食品饮料,/home/peanut/stock_key_info/all_stocks_20260606/衣食住行/食品饮料/巴比食品.csv
605339,南侨食品,休闲食品,食品饮料,/home/peanut/stock_key_info/all_stocks_20260606/衣食住行/食品饮料/南侨食品.csv
605358,立昂微,半导体,半导体,/home/peanut/stock_key_info/all_stocks_20260606/TMT/半导体/立昂微.csv
605365,XD立达信,照明设备Ⅱ,光学光电子,/home/peanut/stock_key_info/all_stocks_20260606/工业制造/光学光电子/XD立达信.csv
605366,宏柏新材,化学制品,化学制品,/home/peanut/stock_key_info/all_stocks_20260606/化工行业/化学制品/宏柏新材.csv
605368,蓝天燃气,燃气Ⅱ,燃气,/home/peanut/stock_key_info/all_stocks_20260606/能源/燃气/蓝天燃气.csv
605369,拱东医疗,医疗器械,医疗器械,/home/peanut/stock_key_info/all_stocks_20260606/医药/医疗器械/拱东医疗.csv
605376,博迁新材,金属新材料,小金属,/home/peanut/stock_key_info/all_stocks_20260606/能源/小金属/博迁新材.csv
605377,华旺科技,造纸,造纸印刷,/home/peanut/stock_key_info/all_stocks_20260606/旧基建/造纸印刷/华旺科技.csv
605378,野马电池,电池,电池,/home/peanut/stock_key_info/all_stocks_20260606/能源/电池/野马电池.csv
605388,均瑶健康,饮料乳品,食品饮料,/home/peanut/stock_key_info/all_stocks_20260606/衣食住行/食品饮料/均瑶健康.csv
605389,长龄液压,工程机械,工程机械,/home/peanut/stock_key_info/all_stocks_20260606/旧基建/工程机械/长龄液压.csv
605398,新炬网络,IT服务Ⅱ,软件开发,/home/peanut/stock_key_info/all_stocks_20260606/TMT/软件开发/新炬网络.csv
605399,晨光新材,化学制品,化学制品,/home/peanut/stock_key_info/all_stocks_20260606/化工行业/化学制品/晨光新材.csv
605488,XD福莱新,塑料,塑料制品,/home/peanut/stock_key_info/all_stocks_20260606/化工行业/塑料制品/XD福莱新.csv
605499,东鹏饮料,饮料乳品,食品饮料,/home/peanut/stock_key_info/all_stocks_20260606/衣食住行/食品饮料/东鹏饮料.csv
605500,森林包装,造纸,造纸印刷,/home/peanut/stock_key_info/all_stocks_20260606/旧基建/造纸印刷/森林包装.csv
605507,国邦医药,化学制药,化学制药,/home/peanut/stock_key_info/all_stocks_20260606/医药/化学制药/国邦医药.csv
605555,德昌股份,小家电,家电行业,/home/peanut/stock_key_info/all_stocks_20260606/衣食住行/家电行业/德昌股份.csv
605566,福莱蒽特,化学制品,化学制品,/home/peanut/stock_key_info/all_stocks_20260606/化工行业/化学制品/福莱蒽特.csv
605567,春雪食品,食品加工,食品饮料,/home/peanut/stock_key_info/all_stocks_20260606/衣食住行/食品饮料/春雪食品.csv
605577,龙版传媒,出版,文化传媒,/home/peanut/stock_key_info/all_stocks_20260606/衣食住行/文化传媒/龙版传媒.csv
605580,恒盛能源,电力,电力行业,/home/peanut/stock_key_info/all_stocks_20260606/电力行业/恒盛能源.csv
605588,冠石科技,光学光电子,光学光电子,/home/peanut/stock_key_info/all_stocks_20260606/工业制造/光学光电子/冠石科技.csv
605598,上海港湾,专业工程,工程建设,/home/peanut/stock_key_info/all_stocks_20260606/旧基建/工程建设/上海港湾.csv
605589,XD圣泉集,塑料,塑料制品,/home/peanut/stock_key_info/all_stocks_20260606/化工行业/塑料制品/XD圣泉集.csv
605599,菜百股份,饰品,珠宝首饰,/home/peanut/stock_key_info/all_stocks_20260606/衣食住行/珠宝首饰/菜百股份.csv
688001,华兴源创,通用设备,通用设备,/home/peanut/stock_key_info/all_stocks_20260606/TMT/通用设备/华兴源创.csv
688002,睿创微纳,军工电子Ⅱ,航天航空,/home/peanut/stock_key_info/all_stocks_20260606/航天航空/睿创微纳.csv
688003,天准科技,自动化设备,专用设备,/home/peanut/stock_key_info/all_stocks_20260606/工业制造/专用设备/天准科技.csv
688004,博汇科技,IT服务Ⅱ,软件开发,/home/peanut/stock_key_info/all_stocks_20260606/TMT/软件开发/博汇科技.csv
688005,容百科技,电池,电池,/home/peanut/stock_key_info/all_stocks_20260606/能源/电池/容百科技.csv
688006,杭可科技,电池,电池,/home/peanut/stock_key_info/all_stocks_20260606/能源/电池/杭可科技.csv
688007,光峰科技,消费电子,消费电子,/home/peanut/stock_key_info/all_stocks_20260606/工业制造/消费电子/光峰科技.csv
688008,澜起科技,半导体,半导体,/home/peanut/stock_key_info/all_stocks_20260606/TMT/半导体/澜起科技.csv
688009,中国通号,轨交设备Ⅱ,交运设备,/home/peanut/stock_key_info/all_stocks_20260606/工业制造/交运设备/中国通号.csv
688010,福光股份,光学光电子,光学光电子,/home/peanut/stock_key_info/all_stocks_20260606/工业制造/光学光电子/福光股份.csv
688011,新光光电,军工电子Ⅱ,航天航空,/home/peanut/stock_key_info/all_stocks_20260606/航天航空/新光光电.csv
688012,中微公司,半导体,半导体,/home/peanut/stock_key_info/all_stocks_20260606/TMT/半导体/中微公司.csv
688013,天臣医疗,医疗器械,医疗器械,/home/peanut/stock_key_info/all_stocks_20260606/医药/医疗器械/天臣医疗.csv
688015,交控科技,轨交设备Ⅱ,交运设备,/home/peanut/stock_key_info/all_stocks_20260606/工业制造/交运设备/交控科技.csv
688016,心脉医疗,医疗器械,医疗器械,/home/peanut/stock_key_info/all_stocks_20260606/医药/医疗器械/心脉医疗.csv
688017,绿的谐波,自动化设备,专用设备,/home/peanut/stock_key_info/all_stocks_20260606/工业制造/专用设备/绿的谐波.csv
688018,乐鑫科技,半导体,半导体,/home/peanut/stock_key_info/all_stocks_20260606/TMT/半导体/乐鑫科技.csv
688019,安集科技,电子化学品Ⅱ,电子化学品,/home/peanut/stock_key_info/all_stocks_20260606/TMT/电子化学品/安集科技.csv
688020,方邦股份,元件,电子元件,/home/peanut/stock_key_info/all_stocks_20260606/TMT/电子元件/方邦股份.csv
688021,奥福科技,汽车零部件,汽车零部件,/home/peanut/stock_key_info/all_stocks_20260606/工业制造/汽车零部件/奥福科技.csv
688023,安恒信息,软件开发,软件开发,/home/peanut/stock_key_info/all_stocks_20260606/TMT/软件开发/安恒信息.csv
688025,杰普特,自动化设备,专用设备,/home/peanut/stock_key_info/all_stocks_20260606/工业制造/专用设备/杰普特.csv
688026,洁特生物,医疗器械,医疗器械,/home/peanut/stock_key_info/all_stocks_20260606/医药/医疗器械/洁特生物.csv
688027,国盾量子,通信设备,通信设备,/home/peanut/stock_key_info/all_stocks_20260606/TMT/通信设备/国盾量子.csv
688028,沃尔德,通用设备,通用设备,/home/peanut/stock_key_info/all_stocks_20260606/TMT/通用设备/沃尔德.csv
688030,山石网科,软件开发,软件开发,/home/peanut/stock_key_info/all_stocks_20260606/TMT/软件开发/山石网科.csv
688029,南微医学,医疗器械,医疗器械,/home/peanut/stock_key_info/all_stocks_20260606/医药/医疗器械/南微医学.csv
688031,星环科技,软件开发,软件开发,/home/peanut/stock_key_info/all_stocks_20260606/TMT/软件开发/星环科技.csv
688032,禾迈股份,光伏设备,光伏设备,/home/peanut/stock_key_info/all_stocks_20260606/能源/光伏设备/禾迈股份.csv
688035,德邦科技,电子化学品Ⅱ,电子化学品,/home/peanut/stock_key_info/all_stocks_20260606/TMT/电子化学品/德邦科技.csv
688036,传音控股,消费电子,消费电子,/home/peanut/stock_key_info/all_stocks_20260606/工业制造/消费电子/传音控股.csv
688037,芯源微,半导体,半导体,/home/peanut/stock_key_info/all_stocks_20260606/TMT/半导体/芯源微.csv
688038,中科通达,软件开发,软件开发,/home/peanut/stock_key_info/all_stocks_20260606/TMT/软件开发/中科通达.csv
688039,当虹科技,IT服务Ⅱ,软件开发,/home/peanut/stock_key_info/all_stocks_20260606/TMT/软件开发/当虹科技.csv
688041,海光信息,半导体,半导体,/home/peanut/stock_key_info/all_stocks_20260606/TMT/半导体/海光信息.csv
688045,必易微,半导体,半导体,/home/peanut/stock_key_info/all_stocks_20260606/TMT/半导体/必易微.csv
688046,药康生物,医疗服务,医疗服务,/home/peanut/stock_key_info/all_stocks_20260606/医药/医疗服务/药康生物.csv
688048,长光华芯,半导体,半导体,/home/peanut/stock_key_info/all_stocks_20260606/TMT/半导体/长光华芯.csv
688047,龙芯中科,半导体,半导体,/home/peanut/stock_key_info/all_stocks_20260606/TMT/半导体/龙芯中科.csv
688049,炬芯科技,半导体,半导体,/home/peanut/stock_key_info/all_stocks_20260606/TMT/半导体/炬芯科技.csv
688050,爱博医疗,医疗器械,医疗器械,/home/peanut/stock_key_info/all_stocks_20260606/医药/医疗器械/爱博医疗.csv
688051,佳华科技,IT服务Ⅱ,软件开发,/home/peanut/stock_key_info/all_stocks_20260606/TMT/软件开发/佳华科技.csv
688052,纳芯微,半导体,半导体,/home/peanut/stock_key_info/all_stocks_20260606/TMT/半导体/纳芯微.csv
688055,龙腾光电,光学光电子,光学光电子,/home/peanut/stock_key_info/all_stocks_20260606/工业制造/光学光电子/龙腾光电.csv
688056,莱伯泰科,通用设备,通用设备,/home/peanut/stock_key_info/all_stocks_20260606/TMT/通用设备/莱伯泰科.csv
688057,金达莱,环境治理,环保行业,/home/peanut/stock_key_info/all_stocks_20260606/衣食住行/环保行业/金达莱.csv
688058,宝兰德,软件开发,软件开发,/home/peanut/stock_key_info/all_stocks_20260606/TMT/软件开发/宝兰德.csv
688059,华锐精密,通用设备,通用设备,/home/peanut/stock_key_info/all_stocks_20260606/TMT/通用设备/华锐精密.csv
688060,云涌科技,计算机设备,计算机设备,/home/peanut/stock_key_info/all_stocks_20260606/TMT/计算机设备/云涌科技.csv
688061,灿瑞科技,半导体,半导体,/home/peanut/stock_key_info/all_stocks_20260606/TMT/半导体/灿瑞科技.csv
688062,迈威生物,化学制药,化学制药,/home/peanut/stock_key_info/all_stocks_20260606/医药/化学制药/迈威生物.csv
688063,派能科技,电池,电池,/home/peanut/stock_key_info/all_stocks_20260606/能源/电池/派能科技.csv
688065,凯赛生物,化学制品,化学制品,/home/peanut/stock_key_info/all_stocks_20260606/化工行业/化学制品/凯赛生物.csv
688067,爱威科技,医疗器械,医疗器械,/home/peanut/stock_key_info/all_stocks_20260606/医药/医疗器械/爱威科技.csv
688068,热景生物,医疗器械,医疗器械,/home/peanut/stock_key_info/all_stocks_20260606/医药/医疗器械/热景生物.csv
688069,德林海,环境治理,环保行业,/home/peanut/stock_key_info/all_stocks_20260606/衣食住行/环保行业/德林海.csv
688070,纵横股份,航空装备Ⅱ,航天航空,/home/peanut/stock_key_info/all_stocks_20260606/航天航空/纵横股份.csv
688071,华依科技,专用设备,专用设备,/home/peanut/stock_key_info/all_stocks_20260606/工业制造/专用设备/华依科技.csv
688072,拓荆科技,半导体,半导体,/home/peanut/stock_key_info/all_stocks_20260606/TMT/半导体/拓荆科技.csv
688073,毕得医药,医疗服务,医疗服务,/home/peanut/stock_key_info/all_stocks_20260606/医药/医疗服务/毕得医药.csv
688075,安旭生物,医疗器械,医疗器械,/home/peanut/stock_key_info/all_stocks_20260606/医药/医疗器械/安旭生物.csv
688077,大地熊,金属新材料,小金属,/home/peanut/stock_key_info/all_stocks_20260606/能源/小金属/大地熊.csv
688078,龙软科技,软件开发,软件开发,/home/peanut/stock_key_info/all_stocks_20260606/TMT/软件开发/龙软科技.csv
688079,美迪凯,光学光电子,光学光电子,/home/peanut/stock_key_info/all_stocks_20260606/工业制造/光学光电子/美迪凯.csv
688080,映翰通,通信设备,通信设备,/home/peanut/stock_key_info/all_stocks_20260606/TMT/通信设备/映翰通.csv
688081,兴图新科,军工电子Ⅱ,航天航空,/home/peanut/stock_key_info/all_stocks_20260606/航天航空/兴图新科.csv
688082,盛美上海,半导体,半导体,/home/peanut/stock_key_info/all_stocks_20260606/TMT/半导体/盛美上海.csv
688083,中望软件,软件开发,软件开发,/home/peanut/stock_key_info/all_stocks_20260606/TMT/软件开发/中望软件.csv
688084,晶品特装,军工电子Ⅱ,航天航空,/home/peanut/stock_key_info/all_stocks_20260606/航天航空/晶品特装.csv
688085,三友医疗,医疗器械,医疗器械,/home/peanut/stock_key_info/all_stocks_20260606/医药/医疗器械/三友医疗.csv
688087,英科再生,塑料,塑料制品,/home/peanut/stock_key_info/all_stocks_20260606/化工行业/塑料制品/英科再生.csv
688088,虹软科技,IT服务Ⅱ,软件开发,/home/peanut/stock_key_info/all_stocks_20260606/TMT/软件开发/虹软科技.csv
688089,嘉必优,化学制品,化学制品,/home/peanut/stock_key_info/all_stocks_20260606/化工行业/化学制品/嘉必优.csv
688090,瑞松科技,自动化设备,专用设备,/home/peanut/stock_key_info/all_stocks_20260606/工业制造/专用设备/瑞松科技.csv
688091,上海谊众,化学制药,化学制药,/home/peanut/stock_key_info/all_stocks_20260606/医药/化学制药/上海谊众.csv
688092,爱科科技,专用设备,专用设备,/home/peanut/stock_key_info/all_stocks_20260606/工业制造/专用设备/爱科科技.csv
688093,世华科技,其他电子Ⅱ,消费电子,/home/peanut/stock_key_info/all_stocks_20260606/工业制造/消费电子/世华科技.csv
688095,福昕软件,软件开发,软件开发,/home/peanut/stock_key_info/all_stocks_20260606/TMT/软件开发/福昕软件.csv
688096,京源环保,环境治理,环保行业,/home/peanut/stock_key_info/all_stocks_20260606/衣食住行/环保行业/京源环保.csv
688097,博众精工,自动化设备,专用设备,/home/peanut/stock_key_info/all_stocks_20260606/工业制造/专用设备/博众精工.csv
688098,申联生物,动物保健Ⅱ,农药兽药,/home/peanut/stock_key_info/all_stocks_20260606/化工行业/农药兽药/申联生物.csv
688099,晶晨股份,半导体,半导体,/home/peanut/stock_key_info/all_stocks_20260606/TMT/半导体/晶晨股份.csv
688100,威胜信息,通信设备,通信设备,/home/peanut/stock_key_info/all_stocks_20260606/TMT/通信设备/威胜信息.csv
688101,三达膜,环境治理,环保行业,/home/peanut/stock_key_info/all_stocks_20260606/衣食住行/环保行业/三达膜.csv
688102,斯瑞新材,金属新材料,小金属,/home/peanut/stock_key_info/all_stocks_20260606/能源/小金属/斯瑞新材.csv
688103,国力电子,其他电子Ⅱ,消费电子,/home/peanut/stock_key_info/all_stocks_20260606/工业制造/消费电子/国力电子.csv
688105,诺唯赞,生物制品,生物制品,/home/peanut/stock_key_info/all_stocks_20260606/医药/生物制品/诺唯赞.csv
688106,金宏气体,电子化学品Ⅱ,电子化学品,/home/peanut/stock_key_info/all_stocks_20260606/TMT/电子化学品/金宏气体.csv
688108,赛诺医疗,医疗器械,医疗器械,/home/peanut/stock_key_info/all_stocks_20260606/医药/医疗器械/赛诺医疗.csv
688107,安路科技,半导体,半导体,/home/peanut/stock_key_info/all_stocks_20260606/TMT/半导体/安路科技.csv
688109,品茗科技,软件开发,软件开发,/home/peanut/stock_key_info/all_stocks_20260606/TMT/软件开发/品茗科技.csv
688110,东芯股份,半导体,半导体,/home/peanut/stock_key_info/all_stocks_20260606/TMT/半导体/东芯股份.csv
688111,金山办公,软件开发,软件开发,/home/peanut/stock_key_info/all_stocks_20260606/TMT/软件开发/金山办公.csv
688112,鼎阳科技,通用设备,通用设备,/home/peanut/stock_key_info/all_stocks_20260606/TMT/通用设备/鼎阳科技.csv
688113,联测科技,专用设备,专用设备,/home/peanut/stock_key_info/all_stocks_20260606/工业制造/专用设备/联测科技.csv
688114,华大智造,医疗器械,医疗器械,/home/peanut/stock_key_info/all_stocks_20260606/医药/医疗器械/华大智造.csv
688115,思林杰,通用设备,通用设备,/home/peanut/stock_key_info/all_stocks_20260606/TMT/通用设备/思林杰.csv
688116,天奈科技,电池,电池,/home/peanut/stock_key_info/all_stocks_20260606/能源/电池/天奈科技.csv
688117,圣诺生物,生物制品,生物制品,/home/peanut/stock_key_info/all_stocks_20260606/医药/生物制品/圣诺生物.csv
688118,普元信息,软件开发,软件开发,/home/peanut/stock_key_info/all_stocks_20260606/TMT/软件开发/普元信息.csv
688119,中钢洛耐,装修建材,装修建材,/home/peanut/stock_key_info/all_stocks_20260606/旧基建/装修建材/中钢洛耐.csv
688120,华海清科,半导体,半导体,/home/peanut/stock_key_info/all_stocks_20260606/TMT/半导体/华海清科.csv
688122,西部超导,航空装备Ⅱ,航天航空,/home/peanut/stock_key_info/all_stocks_20260606/航天航空/西部超导.csv
688123,聚辰股份,半导体,半导体,/home/peanut/stock_key_info/all_stocks_20260606/TMT/半导体/聚辰股份.csv
688125,安达智能,自动化设备,专用设备,/home/peanut/stock_key_info/all_stocks_20260606/工业制造/专用设备/安达智能.csv
688126,沪硅产业,半导体,半导体,/home/peanut/stock_key_info/all_stocks_20260606/TMT/半导体/沪硅产业.csv
688127,蓝特光学,光学光电子,光学光电子,/home/peanut/stock_key_info/all_stocks_20260606/工业制造/光学光电子/蓝特光学.csv
688128,中国电研,专用设备,专用设备,/home/peanut/stock_key_info/all_stocks_20260606/工业制造/专用设备/中国电研.csv
688129,东来技术,化学制品,化学制品,/home/peanut/stock_key_info/all_stocks_20260606/化工行业/化学制品/东来技术.csv
688130,晶华微,半导体,半导体,/home/peanut/stock_key_info/all_stocks_20260606/TMT/半导体/晶华微.csv
688131,皓元医药,医疗服务,医疗服务,/home/peanut/stock_key_info/all_stocks_20260606/医药/医疗服务/皓元医药.csv
688132,邦彦技术,军工电子Ⅱ,航天航空,/home/peanut/stock_key_info/all_stocks_20260606/航天航空/邦彦技术.csv
688133,泰坦科技,化学制品,化学制品,/home/peanut/stock_key_info/all_stocks_20260606/化工行业/化学制品/泰坦科技.csv
688135,利扬芯片,半导体,半导体,/home/peanut/stock_key_info/all_stocks_20260606/TMT/半导体/利扬芯片.csv
688136,科兴制药,生物制品,生物制品,/home/peanut/stock_key_info/all_stocks_20260606/医药/生物制品/科兴制药.csv
688137,近岸蛋白,生物制品,生物制品,/home/peanut/stock_key_info/all_stocks_20260606/医药/生物制品/近岸蛋白.csv
688138,清溢光电,半导体,半导体,/home/peanut/stock_key_info/all_stocks_20260606/TMT/半导体/清溢光电.csv
688139,海尔生物,医疗器械,医疗器械,/home/peanut/stock_key_info/all_stocks_20260606/医药/医疗器械/海尔生物.csv
688141,杰华特,半导体,半导体,/home/peanut/stock_key_info/all_stocks_20260606/TMT/半导体/杰华特.csv
688143,长盈通,通信设备,通信设备,/home/peanut/stock_key_info/all_stocks_20260606/TMT/通信设备/长盈通.csv
688146,中船特气,半导体,半导体,/home/peanut/stock_key_info/all_stocks_20260606/TMT/半导体/中船特气.csv
688147,微导纳米,半导体,半导体,/home/peanut/stock_key_info/all_stocks_20260606/TMT/半导体/微导纳米.csv
688148,芳源股份,电池,电池,/home/peanut/stock_key_info/all_stocks_20260606/能源/电池/芳源股份.csv
688150,莱特光电,电子化学品Ⅱ,电子化学品,/home/peanut/stock_key_info/all_stocks_20260606/TMT/电子化学品/莱特光电.csv
688151,华强科技,医疗器械,医疗器械,/home/peanut/stock_key_info/all_stocks_20260606/医药/医疗器械/华强科技.csv
688152,麒麟信安,软件开发,软件开发,/home/peanut/stock_key_info/all_stocks_20260606/TMT/软件开发/麒麟信安.csv
688153,唯捷创芯,半导体,半导体,/home/peanut/stock_key_info/all_stocks_20260606/TMT/半导体/唯捷创芯.csv
688155,先惠技术,电池,电池,/home/peanut/stock_key_info/all_stocks_20260606/能源/电池/先惠技术.csv
688156,路德科技,环境治理,环保行业,/home/peanut/stock_key_info/all_stocks_20260606/衣食住行/环保行业/路德科技.csv
688157,松井股份,化学制品,化学制品,/home/peanut/stock_key_info/all_stocks_20260606/化工行业/化学制品/松井股份.csv
688158,优刻得,IT服务Ⅱ,软件开发,/home/peanut/stock_key_info/all_stocks_20260606/TMT/软件开发/优刻得.csv
688159,有方科技,通信设备,通信设备,/home/peanut/stock_key_info/all_stocks_20260606/TMT/通信设备/有方科技.csv
688160,步科股份,自动化设备,专用设备,/home/peanut/stock_key_info/all_stocks_20260606/工业制造/专用设备/步科股份.csv
688161,威高骨科,医疗器械,医疗器械,/home/peanut/stock_key_info/all_stocks_20260606/医药/医疗器械/威高骨科.csv
688162,巨一科技,专用设备,专用设备,/home/peanut/stock_key_info/all_stocks_20260606/工业制造/专用设备/巨一科技.csv
688163,赛伦生物,生物制品,生物制品,/home/peanut/stock_key_info/all_stocks_20260606/医药/生物制品/赛伦生物.csv
688166,博瑞医药,化学制药,化学制药,/home/peanut/stock_key_info/all_stocks_20260606/医药/化学制药/博瑞医药.csv
688165,埃夫特,自动化设备,专用设备,/home/peanut/stock_key_info/all_stocks_20260606/工业制造/专用设备/埃夫特.csv
688167,炬光科技,半导体,半导体,/home/peanut/stock_key_info/all_stocks_20260606/TMT/半导体/炬光科技.csv
688168,安博通,软件开发,软件开发,/home/peanut/stock_key_info/all_stocks_20260606/TMT/软件开发/安博通.csv
688169,石头科技,小家电,家电行业,/home/peanut/stock_key_info/all_stocks_20260606/衣食住行/家电行业/石头科技.csv
688170,德龙激光,自动化设备,专用设备,/home/peanut/stock_key_info/all_stocks_20260606/工业制造/专用设备/德龙激光.csv
688171,纬德信息,软件开发,软件开发,/home/peanut/stock_key_info/all_stocks_20260606/TMT/软件开发/纬德信息.csv
688172,燕东微,半导体,半导体,/home/peanut/stock_key_info/all_stocks_20260606/TMT/半导体/燕东微.csv
688175,高凌信息,军工电子Ⅱ,航天航空,/home/peanut/stock_key_info/all_stocks_20260606/航天航空/高凌信息.csv
688173,希荻微,半导体,半导体,/home/peanut/stock_key_info/all_stocks_20260606/TMT/半导体/希荻微.csv
688176,亚虹医药,化学制药,化学制药,/home/peanut/stock_key_info/all_stocks_20260606/医药/化学制药/亚虹医药.csv
688177,百奥泰,生物制品,生物制品,/home/peanut/stock_key_info/all_stocks_20260606/医药/生物制品/百奥泰.csv
688178,万德斯,环境治理,环保行业,/home/peanut/stock_key_info/all_stocks_20260606/衣食住行/环保行业/万德斯.csv
688179,阿拉丁,化学制品,化学制品,/home/peanut/stock_key_info/all_stocks_20260606/化工行业/化学制品/阿拉丁.csv
688181,八亿时空,光学光电子,光学光电子,/home/peanut/stock_key_info/all_stocks_20260606/工业制造/光学光电子/八亿时空.csv
688180,君实生物,生物制品,生物制品,/home/peanut/stock_key_info/all_stocks_20260606/医药/生物制品/君实生物.csv
688182,灿勤科技,通信设备,通信设备,/home/peanut/stock_key_info/all_stocks_20260606/TMT/通信设备/灿勤科技.csv
688183,生益电子,元件,电子元件,/home/peanut/stock_key_info/all_stocks_20260606/TMT/电子元件/生益电子.csv
688186,广大特材,特钢Ⅱ,钢铁行业,/home/peanut/stock_key_info/all_stocks_20260606/能源/钢铁行业/广大特材.csv
688185,康希诺,生物制品,生物制品,/home/peanut/stock_key_info/all_stocks_20260606/医药/生物制品/康希诺.csv
688187,时代电气,轨交设备Ⅱ,交运设备,/home/peanut/stock_key_info/all_stocks_20260606/工业制造/交运设备/时代电气.csv
688188,柏楚电子,计算机设备,计算机设备,/home/peanut/stock_key_info/all_stocks_20260606/TMT/计算机设备/柏楚电子.csv
688190,云路股份,金属新材料,小金属,/home/peanut/stock_key_info/all_stocks_20260606/能源/小金属/云路股份.csv
688191,智洋创新,电网设备,电网设备,/home/peanut/stock_key_info/all_stocks_20260606/能源/电网设备/智洋创新.csv
688193,仁度生物,医疗器械,医疗器械,/home/peanut/stock_key_info/all_stocks_20260606/医药/医疗器械/仁度生物.csv
688192,迪哲医药,化学制药,化学制药,/home/peanut/stock_key_info/all_stocks_20260606/医药/化学制药/迪哲医药.csv
688195,腾景科技,光学光电子,光学光电子,/home/peanut/stock_key_info/all_stocks_20260606/工业制造/光学光电子/腾景科技.csv
688196,卓越新能,化学制品,化学制品,/home/peanut/stock_key_info/all_stocks_20260606/化工行业/化学制品/卓越新能.csv
688198,佰仁医疗,医疗器械,医疗器械,/home/peanut/stock_key_info/all_stocks_20260606/医药/医疗器械/佰仁医疗.csv
688197,首药控股,化学制药,化学制药,/home/peanut/stock_key_info/all_stocks_20260606/医药/化学制药/首药控股.csv
688199,久日新材,化学制品,化学制品,/home/peanut/stock_key_info/all_stocks_20260606/化工行业/化学制品/久日新材.csv
688200,华峰测控,半导体,半导体,/home/peanut/stock_key_info/all_stocks_20260606/TMT/半导体/华峰测控.csv
688202,美迪西,医疗服务,医疗服务,/home/peanut/stock_key_info/all_stocks_20260606/医药/医疗服务/美迪西.csv
688203,海正生材,塑料,塑料制品,/home/peanut/stock_key_info/all_stocks_20260606/化工行业/塑料制品/海正生材.csv
688205,德科立,通信设备,通信设备,/home/peanut/stock_key_info/all_stocks_20260606/TMT/通信设备/德科立.csv
688206,概伦电子,软件开发,软件开发,/home/peanut/stock_key_info/all_stocks_20260606/TMT/软件开发/概伦电子.csv
688207,格灵深瞳,IT服务Ⅱ,软件开发,/home/peanut/stock_key_info/all_stocks_20260606/TMT/软件开发/格灵深瞳.csv
688208,道通科技,计算机设备,计算机设备,/home/peanut/stock_key_info/all_stocks_20260606/TMT/计算机设备/道通科技.csv
688209,英集芯,半导体,半导体,/home/peanut/stock_key_info/all_stocks_20260606/TMT/半导体/英集芯.csv
688210,统联精密,消费电子,消费电子,/home/peanut/stock_key_info/all_stocks_20260606/工业制造/消费电子/统联精密.csv
688211,中科微至,专用设备,专用设备,/home/peanut/stock_key_info/all_stocks_20260606/工业制造/专用设备/中科微至.csv
688212,澳华内镜,医疗器械,医疗器械,/home/peanut/stock_key_info/all_stocks_20260606/医药/医疗器械/澳华内镜.csv
688213,思特威,半导体,半导体,/home/peanut/stock_key_info/all_stocks_20260606/TMT/半导体/思特威.csv
688215,瑞晟智能,自动化设备,专用设备,/home/peanut/stock_key_info/all_stocks_20260606/工业制造/专用设备/瑞晟智能.csv
688216,气派科技,半导体,半导体,/home/peanut/stock_key_info/all_stocks_20260606/TMT/半导体/气派科技.csv
688217,睿昂基因,医疗器械,医疗器械,/home/peanut/stock_key_info/all_stocks_20260606/医药/医疗器械/睿昂基因.csv
688218,江苏北人,自动化设备,专用设备,/home/peanut/stock_key_info/all_stocks_20260606/工业制造/专用设备/江苏北人.csv
688219,会通股份,塑料,塑料制品,/home/peanut/stock_key_info/all_stocks_20260606/化工行业/塑料制品/会通股份.csv
688220,翱捷科技,半导体,半导体,/home/peanut/stock_key_info/all_stocks_20260606/TMT/半导体/翱捷科技.csv
688221,前沿生物,化学制药,化学制药,/home/peanut/stock_key_info/all_stocks_20260606/医药/化学制药/前沿生物.csv
688222,成都先导,医疗服务,医疗服务,/home/peanut/stock_key_info/all_stocks_20260606/医药/医疗服务/成都先导.csv
688223,晶科能源,光伏设备,光伏设备,/home/peanut/stock_key_info/all_stocks_20260606/能源/光伏设备/晶科能源.csv
688225,亚信安全,软件开发,软件开发,/home/peanut/stock_key_info/all_stocks_20260606/TMT/软件开发/亚信安全.csv
688226,威腾电气,电网设备,电网设备,/home/peanut/stock_key_info/all_stocks_20260606/能源/电网设备/威腾电气.csv
688227,品高股份,IT服务Ⅱ,软件开发,/home/peanut/stock_key_info/all_stocks_20260606/TMT/软件开发/品高股份.csv
688228,开普云,IT服务Ⅱ,软件开发,/home/peanut/stock_key_info/all_stocks_20260606/TMT/软件开发/开普云.csv
688229,博睿数据,IT服务Ⅱ,软件开发,/home/peanut/stock_key_info/all_stocks_20260606/TMT/软件开发/博睿数据.csv
688230,芯导科技,半导体,半导体,/home/peanut/stock_key_info/all_stocks_20260606/TMT/半导体/芯导科技.csv
688231,隆达股份,金属新材料,小金属,/home/peanut/stock_key_info/all_stocks_20260606/能源/小金属/隆达股份.csv
688232,新点软件,软件开发,软件开发,/home/peanut/stock_key_info/all_stocks_20260606/TMT/软件开发/新点软件.csv
688233,神工股份,半导体,半导体,/home/peanut/stock_key_info/all_stocks_20260606/TMT/半导体/神工股份.csv
688234,天岳先进,半导体,半导体,/home/peanut/stock_key_info/all_stocks_20260606/TMT/半导体/天岳先进.csv
688236,春立医疗,医疗器械,医疗器械,/home/peanut/stock_key_info/all_stocks_20260606/医药/医疗器械/春立医疗.csv
688235,百济神州,化学制药,化学制药,/home/peanut/stock_key_info/all_stocks_20260606/医药/化学制药/百济神州.csv
688237,超卓航科,航空装备Ⅱ,航天航空,/home/peanut/stock_key_info/all_stocks_20260606/航天航空/超卓航科.csv
688238,和元生物,医疗服务,医疗服务,/home/peanut/stock_key_info/all_stocks_20260606/医药/医疗服务/和元生物.csv
688239,航宇科技,航空装备Ⅱ,航天航空,/home/peanut/stock_key_info/all_stocks_20260606/航天航空/航宇科技.csv
688244,永信至诚,软件开发,软件开发,/home/peanut/stock_key_info/all_stocks_20260606/TMT/软件开发/永信至诚.csv
688246,嘉和美康,软件开发,软件开发,/home/peanut/stock_key_info/all_stocks_20260606/TMT/软件开发/嘉和美康.csv
688247,宣泰医药,化学制药,化学制药,/home/peanut/stock_key_info/all_stocks_20260606/医药/化学制药/宣泰医药.csv
688248,南网科技,电网设备,电网设备,/home/peanut/stock_key_info/all_stocks_20260606/能源/电网设备/南网科技.csv
688249,晶合集成,半导体,半导体,/home/peanut/stock_key_info/all_stocks_20260606/TMT/半导体/晶合集成.csv
688251,井松智能,IT服务Ⅱ,软件开发,/home/peanut/stock_key_info/all_stocks_20260606/TMT/软件开发/井松智能.csv
688252,天德钰,半导体,半导体,/home/peanut/stock_key_info/all_stocks_20260606/TMT/半导体/天德钰.csv
688253,英诺特,医疗器械,医疗器械,/home/peanut/stock_key_info/all_stocks_20260606/医药/医疗器械/英诺特.csv
688255,凯尔达,自动化设备,专用设备,/home/peanut/stock_key_info/all_stocks_20260606/工业制造/专用设备/凯尔达.csv
688256,寒武纪,半导体,半导体,/home/peanut/stock_key_info/all_stocks_20260606/TMT/半导体/寒武纪.csv
688257,新锐股份,通用设备,通用设备,/home/peanut/stock_key_info/all_stocks_20260606/TMT/通用设备/新锐股份.csv
688258,卓易信息,IT服务Ⅱ,软件开发,/home/peanut/stock_key_info/all_stocks_20260606/TMT/软件开发/卓易信息.csv
688259,创耀科技,半导体,半导体,/home/peanut/stock_key_info/all_stocks_20260606/TMT/半导体/创耀科技.csv
688260,昀冢科技,消费电子,消费电子,/home/peanut/stock_key_info/all_stocks_20260606/工业制造/消费电子/昀冢科技.csv
688261,东微半导,半导体,半导体,/home/peanut/stock_key_info/all_stocks_20260606/TMT/半导体/东微半导.csv
688262,国芯科技,半导体,半导体,/home/peanut/stock_key_info/all_stocks_20260606/TMT/半导体/国芯科技.csv
688265,南模生物,医疗服务,医疗服务,/home/peanut/stock_key_info/all_stocks_20260606/医药/医疗服务/南模生物.csv
688267,中触媒,化学制品,化学制品,/home/peanut/stock_key_info/all_stocks_20260606/化工行业/化学制品/中触媒.csv
688266,泽璟制药,化学制药,化学制药,/home/peanut/stock_key_info/all_stocks_20260606/医药/化学制药/泽璟制药.csv
688268,华特气体,电子化学品Ⅱ,电子化学品,/home/peanut/stock_key_info/all_stocks_20260606/TMT/电子化学品/华特气体.csv
688269,凯立新材,化学制品,化学制品,/home/peanut/stock_key_info/all_stocks_20260606/化工行业/化学制品/凯立新材.csv
688271,联影医疗,医疗器械,医疗器械,/home/peanut/stock_key_info/all_stocks_20260606/医药/医疗器械/联影医疗.csv
688272,富吉瑞,军工电子Ⅱ,航天航空,/home/peanut/stock_key_info/all_stocks_20260606/航天航空/富吉瑞.csv
688273,麦澜德,医疗器械,医疗器械,/home/peanut/stock_key_info/all_stocks_20260606/医药/医疗器械/麦澜德.csv
688275,万润新能,电池,电池,/home/peanut/stock_key_info/all_stocks_20260606/能源/电池/万润新能.csv
688276,百克生物,生物制品,生物制品,/home/peanut/stock_key_info/all_stocks_20260606/医药/生物制品/百克生物.csv
688278,特宝生物,生物制品,生物制品,/home/peanut/stock_key_info/all_stocks_20260606/医药/生物制品/特宝生物.csv
688277,天智航,医疗器械,医疗器械,/home/peanut/stock_key_info/all_stocks_20260606/医药/医疗器械/天智航.csv
688279,峰岹科技,半导体,半导体,/home/peanut/stock_key_info/all_stocks_20260606/TMT/半导体/峰岹科技.csv
688280,精进电动,汽车零部件,汽车零部件,/home/peanut/stock_key_info/all_stocks_20260606/工业制造/汽车零部件/精进电动.csv
688281,华秦科技,航空装备Ⅱ,航天航空,/home/peanut/stock_key_info/all_stocks_20260606/航天航空/华秦科技.csv
688282,理工导航,航天装备Ⅱ,航天航空,/home/peanut/stock_key_info/all_stocks_20260606/航天航空/理工导航.csv
688283,XD坤恒顺,通信设备,通信设备,/home/peanut/stock_key_info/all_stocks_20260606/TMT/通信设备/XD坤恒顺.csv
688285,高铁电气,轨交设备Ⅱ,交运设备,/home/peanut/stock_key_info/all_stocks_20260606/工业制造/交运设备/高铁电气.csv
688286,敏芯股份,半导体,半导体,/home/peanut/stock_key_info/all_stocks_20260606/TMT/半导体/敏芯股份.csv
688288,鸿泉技术,计算机设备,计算机设备,/home/peanut/stock_key_info/all_stocks_20260606/TMT/计算机设备/鸿泉技术.csv
688289,圣湘生物,医疗器械,医疗器械,/home/peanut/stock_key_info/all_stocks_20260606/医药/医疗器械/圣湘生物.csv
688290,景业智能,自动化设备,专用设备,/home/peanut/stock_key_info/all_stocks_20260606/工业制造/专用设备/景业智能.csv
688291,金橙子,软件开发,软件开发,/home/peanut/stock_key_info/all_stocks_20260606/TMT/软件开发/金橙子.csv
688292,浩瀚深度,计算机设备,计算机设备,/home/peanut/stock_key_info/all_stocks_20260606/TMT/计算机设备/浩瀚深度.csv
688293,奥浦迈,生物制品,生物制品,/home/peanut/stock_key_info/all_stocks_20260606/医药/生物制品/奥浦迈.csv
688295,中复神鹰,化学纤维,化纤行业,/home/peanut/stock_key_info/all_stocks_20260606/化工行业/化纤行业/中复神鹰.csv
688296,和达科技,软件开发,软件开发,/home/peanut/stock_key_info/all_stocks_20260606/TMT/软件开发/和达科技.csv
688297,中无人机,航空装备Ⅱ,航天航空,/home/peanut/stock_key_info/all_stocks_20260606/航天航空/中无人机.csv
688298,东方生物,医疗器械,医疗器械,/home/peanut/stock_key_info/all_stocks_20260606/医药/医疗器械/东方生物.csv
688299,长阳科技,光学光电子,光学光电子,/home/peanut/stock_key_info/all_stocks_20260606/工业制造/光学光电子/长阳科技.csv
688300,联瑞新材,非金属材料Ⅱ,非金属材料,/home/peanut/stock_key_info/all_stocks_20260606/化工行业/非金属材料/联瑞新材.csv
688301,DR奕瑞科,医疗器械,医疗器械,/home/peanut/stock_key_info/all_stocks_20260606/医药/医疗器械/DR奕瑞科.csv
688302,海创药业,化学制药,化学制药,/home/peanut/stock_key_info/all_stocks_20260606/医药/化学制药/海创药业.csv
688303,大全能源,光伏设备,光伏设备,/home/peanut/stock_key_info/all_stocks_20260606/能源/光伏设备/大全能源.csv
688305,科德数控,通用设备,通用设备,/home/peanut/stock_key_info/all_stocks_20260606/TMT/通用设备/科德数控.csv
688306,XD均普智,自动化设备,专用设备,/home/peanut/stock_key_info/all_stocks_20260606/工业制造/专用设备/XD均普智.csv
688307,中润光学,计算机设备,计算机设备,/home/peanut/stock_key_info/all_stocks_20260606/TMT/计算机设备/中润光学.csv
688308,欧科亿,通用设备,通用设备,/home/peanut/stock_key_info/all_stocks_20260606/TMT/通用设备/欧科亿.csv
688309,恒誉环保,环保设备Ⅱ,环保行业,/home/peanut/stock_key_info/all_stocks_20260606/衣食住行/环保行业/恒誉环保.csv
688310,迈得医疗,自动化设备,专用设备,/home/peanut/stock_key_info/all_stocks_20260606/工业制造/专用设备/迈得医疗.csv
688311,盟升电子,军工电子Ⅱ,航天航空,/home/peanut/stock_key_info/all_stocks_20260606/航天航空/盟升电子.csv
688312,燕麦科技,专用设备,专用设备,/home/peanut/stock_key_info/all_stocks_20260606/工业制造/专用设备/燕麦科技.csv
688313,仕佳光子,通信设备,通信设备,/home/peanut/stock_key_info/all_stocks_20260606/TMT/通信设备/仕佳光子.csv
688314,康拓医疗,医疗器械,医疗器械,/home/peanut/stock_key_info/all_stocks_20260606/医药/医疗器械/康拓医疗.csv
688315,诺禾致源,医疗服务,医疗服务,/home/peanut/stock_key_info/all_stocks_20260606/医药/医疗服务/诺禾致源.csv
688317,之江生物,医疗器械,医疗器械,/home/peanut/stock_key_info/all_stocks_20260606/医药/医疗器械/之江生物.csv
688318,财富趋势,软件开发,软件开发,/home/peanut/stock_key_info/all_stocks_20260606/TMT/软件开发/财富趋势.csv
688316,青云科技,IT服务Ⅱ,软件开发,/home/peanut/stock_key_info/all_stocks_20260606/TMT/软件开发/青云科技.csv
688319,欧林生物,生物制品,生物制品,/home/peanut/stock_key_info/all_stocks_20260606/医药/生物制品/欧林生物.csv
688320,禾川科技,自动化设备,专用设备,/home/peanut/stock_key_info/all_stocks_20260606/工业制造/专用设备/禾川科技.csv
688321,微芯生物,化学制药,化学制药,/home/peanut/stock_key_info/all_stocks_20260606/医药/化学制药/微芯生物.csv
688322,奥比中光,光学光电子,光学光电子,/home/peanut/stock_key_info/all_stocks_20260606/工业制造/光学光电子/奥比中光.csv
688323,瑞华泰,塑料,塑料制品,/home/peanut/stock_key_info/all_stocks_20260606/化工行业/塑料制品/瑞华泰.csv
688325,赛微微电,半导体,半导体,/home/peanut/stock_key_info/all_stocks_20260606/TMT/半导体/赛微微电.csv
688327,云从科技,IT服务Ⅱ,软件开发,/home/peanut/stock_key_info/all_stocks_20260606/TMT/软件开发/云从科技.csv
688326,经纬恒润,软件开发,软件开发,/home/peanut/stock_key_info/all_stocks_20260606/TMT/软件开发/经纬恒润.csv
688328,深科达,专用设备,专用设备,/home/peanut/stock_key_info/all_stocks_20260606/工业制造/专用设备/深科达.csv
688329,艾隆科技,自动化设备,专用设备,/home/peanut/stock_key_info/all_stocks_20260606/工业制造/专用设备/艾隆科技.csv
688330,宏力达,电网设备,电网设备,/home/peanut/stock_key_info/all_stocks_20260606/能源/电网设备/宏力达.csv
688332,中科蓝讯,半导体,半导体,/home/peanut/stock_key_info/all_stocks_20260606/TMT/半导体/中科蓝讯.csv
688331,荣昌生物,生物制品,生物制品,/home/peanut/stock_key_info/all_stocks_20260606/医药/生物制品/荣昌生物.csv
688333,铂力特,通用设备,通用设备,/home/peanut/stock_key_info/all_stocks_20260606/TMT/通用设备/铂力特.csv
688334,西高院,专业服务,专业服务,/home/peanut/stock_key_info/all_stocks_20260606/工业制造/专业服务/西高院.csv
688335,复洁科技,环境治理,环保行业,/home/peanut/stock_key_info/all_stocks_20260606/衣食住行/环保行业/复洁科技.csv
688336,三生国健,生物制品,生物制品,/home/peanut/stock_key_info/all_stocks_20260606/医药/生物制品/三生国健.csv
688337,普源精电,通用设备,通用设备,/home/peanut/stock_key_info/all_stocks_20260606/TMT/通用设备/普源精电.csv
688338,赛科希德,医疗器械,医疗器械,/home/peanut/stock_key_info/all_stocks_20260606/医药/医疗器械/赛科希德.csv
688339,亿华通,电池,电池,/home/peanut/stock_key_info/all_stocks_20260606/能源/电池/亿华通.csv
688343,云天励飞,IT服务Ⅱ,软件开发,/home/peanut/stock_key_info/all_stocks_20260606/TMT/软件开发/云天励飞.csv
688345,博力威,电池,电池,/home/peanut/stock_key_info/all_stocks_20260606/能源/电池/博力威.csv
688347,华虹宏力,半导体,半导体,/home/peanut/stock_key_info/all_stocks_20260606/TMT/半导体/华虹宏力.csv
688348,昱能科技,光伏设备,光伏设备,/home/peanut/stock_key_info/all_stocks_20260606/能源/光伏设备/昱能科技.csv
688349,三一重能,风电设备,风电设备,/home/peanut/stock_key_info/all_stocks_20260606/能源/风电设备/三一重能.csv
688350,富淼科技,化学制品,化学制品,/home/peanut/stock_key_info/all_stocks_20260606/化工行业/化学制品/富淼科技.csv
688351,XD微电生,医疗器械,医疗器械,/home/peanut/stock_key_info/all_stocks_20260606/医药/医疗器械/XD微电生.csv
688352,颀中科技,半导体,半导体,/home/peanut/stock_key_info/all_stocks_20260606/TMT/半导体/颀中科技.csv
688353,华盛锂电,电池,电池,/home/peanut/stock_key_info/all_stocks_20260606/能源/电池/华盛锂电.csv
688355,明志科技,通用设备,通用设备,/home/peanut/stock_key_info/all_stocks_20260606/TMT/通用设备/明志科技.csv
688356,键凯科技,化学制药,化学制药,/home/peanut/stock_key_info/all_stocks_20260606/医药/化学制药/键凯科技.csv
688357,建龙微纳,化学制品,化学制品,/home/peanut/stock_key_info/all_stocks_20260606/化工行业/化学制品/建龙微纳.csv
688358,祥生医疗,医疗器械,医疗器械,/home/peanut/stock_key_info/all_stocks_20260606/医药/医疗器械/祥生医疗.csv
688359,三孚新科,电子化学品Ⅱ,电子化学品,/home/peanut/stock_key_info/all_stocks_20260606/TMT/电子化学品/三孚新科.csv
688360,德马科技,通用设备,通用设备,/home/peanut/stock_key_info/all_stocks_20260606/TMT/通用设备/德马科技.csv
688361,中科飞测,半导体,半导体,/home/peanut/stock_key_info/all_stocks_20260606/TMT/半导体/中科飞测.csv
688362,甬矽电子,半导体,半导体,/home/peanut/stock_key_info/all_stocks_20260606/TMT/半导体/甬矽电子.csv
688363,华熙生物,医疗美容,美容护理,/home/peanut/stock_key_info/all_stocks_20260606/衣食住行/美容护理/华熙生物.csv
688365,光云科技,IT服务Ⅱ,软件开发,/home/peanut/stock_key_info/all_stocks_20260606/TMT/软件开发/光云科技.csv
688366,昊海生科,医疗器械,医疗器械,/home/peanut/stock_key_info/all_stocks_20260606/医药/医疗器械/昊海生科.csv
688367,工大高科,轨交设备Ⅱ,交运设备,/home/peanut/stock_key_info/all_stocks_20260606/工业制造/交运设备/工大高科.csv
688368,晶丰明源,半导体,半导体,/home/peanut/stock_key_info/all_stocks_20260606/TMT/半导体/晶丰明源.csv
688369,致远互联,软件开发,软件开发,/home/peanut/stock_key_info/all_stocks_20260606/TMT/软件开发/致远互联.csv
688370,丛麟科技,环境治理,环保行业,/home/peanut/stock_key_info/all_stocks_20260606/衣食住行/环保行业/丛麟科技.csv
688371,XD菲沃泰,电子化学品Ⅱ,电子化学品,/home/peanut/stock_key_info/all_stocks_20260606/TMT/电子化学品/XD菲沃泰.csv
688372,伟测科技,半导体,半导体,/home/peanut/stock_key_info/all_stocks_20260606/TMT/半导体/伟测科技.csv
688375,国博电子,军工电子Ⅱ,航天航空,/home/peanut/stock_key_info/all_stocks_20260606/航天航空/国博电子.csv
688373,盟科药业,化学制药,化学制药,/home/peanut/stock_key_info/all_stocks_20260606/医药/化学制药/盟科药业.csv
688376,美埃科技,环保设备Ⅱ,环保行业,/home/peanut/stock_key_info/all_stocks_20260606/衣食住行/环保行业/美埃科技.csv
688377,迪威尔,专用设备,专用设备,/home/peanut/stock_key_info/all_stocks_20260606/工业制造/专用设备/迪威尔.csv
688378,奥来德,光学光电子,光学光电子,/home/peanut/stock_key_info/all_stocks_20260606/工业制造/光学光电子/奥来德.csv
688379,华光新材,通用设备,通用设备,/home/peanut/stock_key_info/all_stocks_20260606/TMT/通用设备/华光新材.csv
688380,中微半导,半导体,半导体,/home/peanut/stock_key_info/all_stocks_20260606/TMT/半导体/中微半导.csv
688381,帝奥微,半导体,半导体,/home/peanut/stock_key_info/all_stocks_20260606/TMT/半导体/帝奥微.csv
688383,新益昌,专用设备,专用设备,/home/peanut/stock_key_info/all_stocks_20260606/工业制造/专用设备/新益昌.csv
688382,益方生物,化学制药,化学制药,/home/peanut/stock_key_info/all_stocks_20260606/医药/化学制药/益方生物.csv
688385,复旦微电,半导体,半导体,/home/peanut/stock_key_info/all_stocks_20260606/TMT/半导体/复旦微电.csv
688386,泛亚微透,塑料,塑料制品,/home/peanut/stock_key_info/all_stocks_20260606/化工行业/塑料制品/泛亚微透.csv
688388,嘉元科技,电池,电池,/home/peanut/stock_key_info/all_stocks_20260606/能源/电池/嘉元科技.csv
688387,信科移动,通信设备,通信设备,/home/peanut/stock_key_info/all_stocks_20260606/TMT/通信设备/信科移动.csv
688389,普门科技,医疗器械,医疗器械,/home/peanut/stock_key_info/all_stocks_20260606/医药/医疗器械/普门科技.csv
688390,固德威,光伏设备,光伏设备,/home/peanut/stock_key_info/all_stocks_20260606/能源/光伏设备/固德威.csv
688391,钜泉科技,半导体,半导体,/home/peanut/stock_key_info/all_stocks_20260606/TMT/半导体/钜泉科技.csv
688392,骄成超声,电池,电池,/home/peanut/stock_key_info/all_stocks_20260606/能源/电池/骄成超声.csv
688393,安必平,医疗器械,医疗器械,/home/peanut/stock_key_info/all_stocks_20260606/医药/医疗器械/安必平.csv
688395,XD正弦电,自动化设备,专用设备,/home/peanut/stock_key_info/all_stocks_20260606/工业制造/专用设备/XD正弦电.csv
688396,华润微,半导体,半导体,/home/peanut/stock_key_info/all_stocks_20260606/TMT/半导体/华润微.csv
688398,赛特新材,化学制品,化学制品,/home/peanut/stock_key_info/all_stocks_20260606/化工行业/化学制品/赛特新材.csv
688399,硕世生物,医疗器械,医疗器械,/home/peanut/stock_key_info/all_stocks_20260606/医药/医疗器械/硕世生物.csv
688400,凌云光,专用设备,专用设备,/home/peanut/stock_key_info/all_stocks_20260606/工业制造/专用设备/凌云光.csv
688401,路维光电,半导体,半导体,/home/peanut/stock_key_info/all_stocks_20260606/TMT/半导体/路维光电.csv
688403,汇成股份,半导体,半导体,/home/peanut/stock_key_info/all_stocks_20260606/TMT/半导体/汇成股份.csv
688408,中信博,光伏设备,光伏设备,/home/peanut/stock_key_info/all_stocks_20260606/能源/光伏设备/中信博.csv
688409,富创精密,半导体,半导体,/home/peanut/stock_key_info/all_stocks_20260606/TMT/半导体/富创精密.csv
688410,山外山,医疗器械,医疗器械,/home/peanut/stock_key_info/all_stocks_20260606/医药/医疗器械/山外山.csv
688411,海博思创,其他电源设备Ⅱ,电源设备,/home/peanut/stock_key_info/all_stocks_20260606/能源/电源设备/海博思创.csv
688416,恒烁股份,半导体,半导体,/home/peanut/stock_key_info/all_stocks_20260606/TMT/半导体/恒烁股份.csv
688418,震有科技,通信设备,通信设备,/home/peanut/stock_key_info/all_stocks_20260606/TMT/通信设备/震有科技.csv
688419,耐科装备,半导体,半导体,/home/peanut/stock_key_info/all_stocks_20260606/TMT/半导体/耐科装备.csv
688420,美腾科技,专用设备,专用设备,/home/peanut/stock_key_info/all_stocks_20260606/工业制造/专用设备/美腾科技.csv
688425,铁建重工,工程机械,工程机械,/home/peanut/stock_key_info/all_stocks_20260606/旧基建/工程机械/铁建重工.csv
688426,康为世纪,医疗器械,医疗器械,/home/peanut/stock_key_info/all_stocks_20260606/医药/医疗器械/康为世纪.csv
688429,时创能源,光伏设备,光伏设备,/home/peanut/stock_key_info/all_stocks_20260606/能源/光伏设备/时创能源.csv
688428,诺诚健华,化学制药,化学制药,/home/peanut/stock_key_info/all_stocks_20260606/医药/化学制药/诺诚健华.csv
688432,有研硅,半导体,半导体,/home/peanut/stock_key_info/all_stocks_20260606/TMT/半导体/有研硅.csv
688433,华曙高科,通用设备,通用设备,/home/peanut/stock_key_info/all_stocks_20260606/TMT/通用设备/华曙高科.csv
688439,振华风光,军工电子Ⅱ,航天航空,/home/peanut/stock_key_info/all_stocks_20260606/航天航空/振华风光.csv
688435,英方软件,软件开发,软件开发,/home/peanut/stock_key_info/all_stocks_20260606/TMT/软件开发/英方软件.csv
688443,智翔金泰,生物制品,生物制品,/home/peanut/stock_key_info/all_stocks_20260606/医药/生物制品/智翔金泰.csv
688448,磁谷科技,通用设备,通用设备,/home/peanut/stock_key_info/all_stocks_20260606/TMT/通用设备/磁谷科技.csv
688449,联芸科技,半导体,半导体,/home/peanut/stock_key_info/all_stocks_20260606/TMT/半导体/联芸科技.csv
688450,光格科技,通用设备,通用设备,/home/peanut/stock_key_info/all_stocks_20260606/TMT/通用设备/光格科技.csv
688455,科捷智能,自动化设备,专用设备,/home/peanut/stock_key_info/all_stocks_20260606/工业制造/专用设备/科捷智能.csv
688456,有研粉材,金属新材料,小金属,/home/peanut/stock_key_info/all_stocks_20260606/能源/小金属/有研粉材.csv
688458,美芯晟,半导体,半导体,/home/peanut/stock_key_info/all_stocks_20260606/TMT/半导体/美芯晟.csv
688459,哈铁科技,轨交设备Ⅱ,交运设备,/home/peanut/stock_key_info/all_stocks_20260606/工业制造/交运设备/哈铁科技.csv
688466,金科环境,环境治理,环保行业,/home/peanut/stock_key_info/all_stocks_20260606/衣食住行/环保行业/金科环境.csv
688468,科美诊断,医疗器械,医疗器械,/home/peanut/stock_key_info/all_stocks_20260606/医药/医疗器械/科美诊断.csv
688472,阿特斯,光伏设备,光伏设备,/home/peanut/stock_key_info/all_stocks_20260606/能源/光伏设备/阿特斯.csv
688469,芯联集成,半导体,半导体,/home/peanut/stock_key_info/all_stocks_20260606/TMT/半导体/芯联集成.csv
688475,萤石网络,计算机设备,计算机设备,/home/peanut/stock_key_info/all_stocks_20260606/TMT/计算机设备/萤石网络.csv
688478,晶升股份,半导体,半导体,/home/peanut/stock_key_info/all_stocks_20260606/TMT/半导体/晶升股份.csv
688479,友车科技,软件开发,软件开发,/home/peanut/stock_key_info/all_stocks_20260606/TMT/软件开发/友车科技.csv
688480,赛恩斯,环境治理,环保行业,/home/peanut/stock_key_info/all_stocks_20260606/衣食住行/环保行业/赛恩斯.csv
688484,南芯科技,半导体,半导体,/home/peanut/stock_key_info/all_stocks_20260606/TMT/半导体/南芯科技.csv
688485,九州一轨,轨交设备Ⅱ,交运设备,/home/peanut/stock_key_info/all_stocks_20260606/工业制造/交运设备/九州一轨.csv
688486,龙迅股份,半导体,半导体,/home/peanut/stock_key_info/all_stocks_20260606/TMT/半导体/龙迅股份.csv
688488,艾迪药业,生物制品,生物制品,/home/peanut/stock_key_info/all_stocks_20260606/医药/生物制品/艾迪药业.csv
688489,三未信安,计算机设备,计算机设备,/home/peanut/stock_key_info/all_stocks_20260606/TMT/计算机设备/三未信安.csv
688498,源杰科技,半导体,半导体,/home/peanut/stock_key_info/all_stocks_20260606/TMT/半导体/源杰科技.csv
688499,利元亨,电池,电池,/home/peanut/stock_key_info/all_stocks_20260606/能源/电池/利元亨.csv
688500,慧辰股份,IT服务Ⅱ,软件开发,/home/peanut/stock_key_info/all_stocks_20260606/TMT/软件开发/慧辰股份.csv
688501,青达环保,环保设备Ⅱ,环保行业,/home/peanut/stock_key_info/all_stocks_20260606/衣食住行/环保行业/青达环保.csv
688502,茂莱光学,光学光电子,光学光电子,/home/peanut/stock_key_info/all_stocks_20260606/工业制造/光学光电子/茂莱光学.csv
688503,聚和材料,光伏设备,光伏设备,/home/peanut/stock_key_info/all_stocks_20260606/能源/光伏设备/聚和材料.csv
688505,复旦张江,化学制药,化学制药,/home/peanut/stock_key_info/all_stocks_20260606/医药/化学制药/复旦张江.csv
688507,索辰科技,软件开发,软件开发,/home/peanut/stock_key_info/all_stocks_20260606/TMT/软件开发/索辰科技.csv
688506,百利天恒,生物制品,生物制品,/home/peanut/stock_key_info/all_stocks_20260606/医药/生物制品/百利天恒.csv
688508,芯朋微,半导体,半导体,/home/peanut/stock_key_info/all_stocks_20260606/TMT/半导体/芯朋微.csv
688509,正元地信,IT服务Ⅱ,软件开发,/home/peanut/stock_key_info/all_stocks_20260606/TMT/软件开发/正元地信.csv
688510,航亚科技,航空装备Ⅱ,航天航空,/home/peanut/stock_key_info/all_stocks_20260606/航天航空/航亚科技.csv
688511,天微电子,军工电子Ⅱ,航天航空,/home/peanut/stock_key_info/all_stocks_20260606/航天航空/天微电子.csv
688513,苑东生物,化学制药,化学制药,/home/peanut/stock_key_info/all_stocks_20260606/医药/化学制药/苑东生物.csv
688512,慧智微,半导体,半导体,/home/peanut/stock_key_info/all_stocks_20260606/TMT/半导体/慧智微.csv
688516,奥特维,光伏设备,光伏设备,/home/peanut/stock_key_info/all_stocks_20260606/能源/光伏设备/奥特维.csv
688515,裕太微,半导体,半导体,/home/peanut/stock_key_info/all_stocks_20260606/TMT/半导体/裕太微.csv
688517,金冠电气,电网设备,电网设备,/home/peanut/stock_key_info/all_stocks_20260606/能源/电网设备/金冠电气.csv
688518,联赢激光,自动化设备,专用设备,/home/peanut/stock_key_info/all_stocks_20260606/工业制造/专用设备/联赢激光.csv
688519,南亚新材,元件,电子元件,/home/peanut/stock_key_info/all_stocks_20260606/TMT/电子元件/南亚新材.csv
688520,神州细胞,生物制品,生物制品,/home/peanut/stock_key_info/all_stocks_20260606/医药/生物制品/神州细胞.csv
688522,纳睿雷达,军工电子Ⅱ,航天航空,/home/peanut/stock_key_info/all_stocks_20260606/航天航空/纳睿雷达.csv
688521,芯原股份,半导体,半导体,/home/peanut/stock_key_info/all_stocks_20260606/TMT/半导体/芯原股份.csv
688523,航天环宇,航天装备Ⅱ,航天航空,/home/peanut/stock_key_info/all_stocks_20260606/航天航空/航天环宇.csv
688525,佰维存储,半导体,半导体,/home/peanut/stock_key_info/all_stocks_20260606/TMT/半导体/佰维存储.csv
688526,科前生物,动物保健Ⅱ,农药兽药,/home/peanut/stock_key_info/all_stocks_20260606/化工行业/农药兽药/科前生物.csv
688528,秦川物联,通用设备,通用设备,/home/peanut/stock_key_info/all_stocks_20260606/TMT/通用设备/秦川物联.csv
688529,豪森智能,专用设备,专用设备,/home/peanut/stock_key_info/all_stocks_20260606/工业制造/专用设备/豪森智能.csv
688530,欧莱新材,半导体,半导体,/home/peanut/stock_key_info/all_stocks_20260606/TMT/半导体/欧莱新材.csv
688531,日联科技,专用设备,专用设备,/home/peanut/stock_key_info/all_stocks_20260606/工业制造/专用设备/日联科技.csv
688533,上声电子,汽车零部件,汽车零部件,/home/peanut/stock_key_info/all_stocks_20260606/工业制造/汽车零部件/上声电子.csv
688535,华海诚科,半导体,半导体,/home/peanut/stock_key_info/all_stocks_20260606/TMT/半导体/华海诚科.csv
688536,XD思瑞浦,半导体,半导体,/home/peanut/stock_key_info/all_stocks_20260606/TMT/半导体/XD思瑞浦.csv
688539,高华科技,元件,电子元件,/home/peanut/stock_key_info/all_stocks_20260606/TMT/电子元件/高华科技.csv
688538,和辉光电,光学光电子,光学光电子,/home/peanut/stock_key_info/all_stocks_20260606/工业制造/光学光电子/和辉光电.csv
688543,国科军工,地面兵装Ⅱ,航天航空,/home/peanut/stock_key_info/all_stocks_20260606/航天航空/国科军工.csv
688545,XD兴福电,电子化学品Ⅱ,电子化学品,/home/peanut/stock_key_info/all_stocks_20260606/TMT/电子化学品/XD兴福电.csv
688548,广钢气体,电子化学品Ⅱ,电子化学品,/home/peanut/stock_key_info/all_stocks_20260606/TMT/电子化学品/广钢气体.csv
688549,中巨芯,电子化学品Ⅱ,电子化学品,/home/peanut/stock_key_info/all_stocks_20260606/TMT/电子化学品/中巨芯.csv
688550,瑞联新材,电子化学品Ⅱ,电子化学品,/home/peanut/stock_key_info/all_stocks_20260606/TMT/电子化学品/瑞联新材.csv
688551,科威尔,其他电源设备Ⅱ,电源设备,/home/peanut/stock_key_info/all_stocks_20260606/能源/电源设备/科威尔.csv
688552,XD航天南,军工电子Ⅱ,航天航空,/home/peanut/stock_key_info/all_stocks_20260606/航天航空/XD航天南.csv
688553,汇宇制药,化学制药,化学制药,/home/peanut/stock_key_info/all_stocks_20260606/医药/化学制药/汇宇制药.csv
688556,高测股份,光伏设备,光伏设备,/home/peanut/stock_key_info/all_stocks_20260606/能源/光伏设备/高测股份.csv
688557,兰剑智能,通用设备,通用设备,/home/peanut/stock_key_info/all_stocks_20260606/TMT/通用设备/兰剑智能.csv
688558,国盛智科,通用设备,通用设备,/home/peanut/stock_key_info/all_stocks_20260606/TMT/通用设备/国盛智科.csv
688559,海目星,自动化设备,专用设备,/home/peanut/stock_key_info/all_stocks_20260606/工业制造/专用设备/海目星.csv
688560,明冠新材,光伏设备,光伏设备,/home/peanut/stock_key_info/all_stocks_20260606/能源/光伏设备/明冠新材.csv
688561,奇安信,软件开发,软件开发,/home/peanut/stock_key_info/all_stocks_20260606/TMT/软件开发/奇安信.csv
688562,航天软件,IT服务Ⅱ,软件开发,/home/peanut/stock_key_info/all_stocks_20260606/TMT/软件开发/航天软件.csv
688563,航材股份,航空装备Ⅱ,航天航空,/home/peanut/stock_key_info/all_stocks_20260606/航天航空/航材股份.csv
688565,力源科技,环境治理,环保行业,/home/peanut/stock_key_info/all_stocks_20260606/衣食住行/环保行业/力源科技.csv
688566,吉贝尔,化学制药,化学制药,/home/peanut/stock_key_info/all_stocks_20260606/医药/化学制药/吉贝尔.csv
688567,孚能科技,电池,电池,/home/peanut/stock_key_info/all_stocks_20260606/能源/电池/孚能科技.csv
688568,中科星图,IT服务Ⅱ,软件开发,/home/peanut/stock_key_info/all_stocks_20260606/TMT/软件开发/中科星图.csv
688569,铁科轨道,轨交设备Ⅱ,交运设备,/home/peanut/stock_key_info/all_stocks_20260606/工业制造/交运设备/铁科轨道.csv
688570,天玛智控,自动化设备,专用设备,/home/peanut/stock_key_info/all_stocks_20260606/工业制造/专用设备/天玛智控.csv
688571,杭华股份,化学制品,化学制品,/home/peanut/stock_key_info/all_stocks_20260606/化工行业/化学制品/杭华股份.csv
688573,信宇人,电池,电池,/home/peanut/stock_key_info/all_stocks_20260606/能源/电池/信宇人.csv
688575,XD亚辉龙,医疗器械,医疗器械,/home/peanut/stock_key_info/all_stocks_20260606/医药/医疗器械/XD亚辉龙.csv
688576,西山科技,医疗器械,医疗器械,/home/peanut/stock_key_info/all_stocks_20260606/医药/医疗器械/西山科技.csv
688577,浙海德曼,通用设备,通用设备,/home/peanut/stock_key_info/all_stocks_20260606/TMT/通用设备/浙海德曼.csv
688578,艾力斯,化学制药,化学制药,/home/peanut/stock_key_info/all_stocks_20260606/医药/化学制药/艾力斯.csv
688579,地纬智能,软件开发,软件开发,/home/peanut/stock_key_info/all_stocks_20260606/TMT/软件开发/地纬智能.csv
688580,伟思医疗,医疗器械,医疗器械,/home/peanut/stock_key_info/all_stocks_20260606/医药/医疗器械/伟思医疗.csv
688581,安杰思,医疗器械,医疗器械,/home/peanut/stock_key_info/all_stocks_20260606/医药/医疗器械/安杰思.csv
688582,芯动联科,半导体,半导体,/home/peanut/stock_key_info/all_stocks_20260606/TMT/半导体/芯动联科.csv
688583,思看科技,通用设备,通用设备,/home/peanut/stock_key_info/all_stocks_20260606/TMT/通用设备/思看科技.csv
688584,上海合晶,半导体,半导体,/home/peanut/stock_key_info/all_stocks_20260606/TMT/半导体/上海合晶.csv
688585,上纬新材,塑料,塑料制品,/home/peanut/stock_key_info/all_stocks_20260606/化工行业/塑料制品/上纬新材.csv
688586,江航装备,航空装备Ⅱ,航天航空,/home/peanut/stock_key_info/all_stocks_20260606/航天航空/江航装备.csv
688588,凌志软件,软件开发,软件开发,/home/peanut/stock_key_info/all_stocks_20260606/TMT/软件开发/凌志软件.csv
688589,力合微,半导体,半导体,/home/peanut/stock_key_info/all_stocks_20260606/TMT/半导体/力合微.csv
688590,新致软件,软件开发,软件开发,/home/peanut/stock_key_info/all_stocks_20260606/TMT/软件开发/新致软件.csv
688591,泰凌微,半导体,半导体,/home/peanut/stock_key_info/all_stocks_20260606/TMT/半导体/泰凌微.csv
688592,司南导航,通信设备,通信设备,/home/peanut/stock_key_info/all_stocks_20260606/TMT/通信设备/司南导航.csv
688593,新相微,半导体,半导体,/home/peanut/stock_key_info/all_stocks_20260606/TMT/半导体/新相微.csv
688595,芯海科技,半导体,半导体,/home/peanut/stock_key_info/all_stocks_20260606/TMT/半导体/芯海科技.csv
688596,正帆科技,专用设备,专用设备,/home/peanut/stock_key_info/all_stocks_20260606/工业制造/专用设备/正帆科技.csv
688597,煜邦电力,电网设备,电网设备,/home/peanut/stock_key_info/all_stocks_20260606/能源/电网设备/煜邦电力.csv
688598,金博股份,非金属材料Ⅱ,非金属材料,/home/peanut/stock_key_info/all_stocks_20260606/化工行业/非金属材料/金博股份.csv
688599,天合光能,光伏设备,光伏设备,/home/peanut/stock_key_info/all_stocks_20260606/能源/光伏设备/天合光能.csv
688600,皖仪科技,通用设备,通用设备,/home/peanut/stock_key_info/all_stocks_20260606/TMT/通用设备/皖仪科技.csv
688601,力芯微,半导体,半导体,/home/peanut/stock_key_info/all_stocks_20260606/TMT/半导体/力芯微.csv
688602,康鹏科技,化学制药,化学制药,/home/peanut/stock_key_info/all_stocks_20260606/医药/化学制药/康鹏科技.csv
688603,天承科技,电子化学品Ⅱ,电子化学品,/home/peanut/stock_key_info/all_stocks_20260606/TMT/电子化学品/天承科技.csv
688605,先锋精科,半导体,半导体,/home/peanut/stock_key_info/all_stocks_20260606/TMT/半导体/先锋精科.csv
688606,奥泰生物,医疗器械,医疗器械,/home/peanut/stock_key_info/all_stocks_20260606/医药/医疗器械/奥泰生物.csv
688607,康众医疗,医疗器械,医疗器械,/home/peanut/stock_key_info/all_stocks_20260606/医药/医疗器械/康众医疗.csv
688608,恒玄科技,半导体,半导体,/home/peanut/stock_key_info/all_stocks_20260606/TMT/半导体/恒玄科技.csv
688609,九联科技,黑色家电,家电行业,/home/peanut/stock_key_info/all_stocks_20260606/衣食住行/家电行业/九联科技.csv
688610,埃科光电,通用设备,通用设备,/home/peanut/stock_key_info/all_stocks_20260606/TMT/通用设备/埃科光电.csv
688611,杭州柯林,电网设备,电网设备,/home/peanut/stock_key_info/all_stocks_20260606/能源/电网设备/杭州柯林.csv
688612,威迈斯,汽车零部件,汽车零部件,/home/peanut/stock_key_info/all_stocks_20260606/工业制造/汽车零部件/威迈斯.csv
688615,合合信息,软件开发,软件开发,/home/peanut/stock_key_info/all_stocks_20260606/TMT/软件开发/合合信息.csv
688613,奥精医疗,医疗器械,医疗器械,/home/peanut/stock_key_info/all_stocks_20260606/医药/医疗器械/奥精医疗.csv
688616,西力科技,电网设备,电网设备,/home/peanut/stock_key_info/all_stocks_20260606/能源/电网设备/西力科技.csv
688617,惠泰医疗,医疗器械,医疗器械,/home/peanut/stock_key_info/all_stocks_20260606/医药/医疗器械/惠泰医疗.csv
688619,罗普特,计算机设备,计算机设备,/home/peanut/stock_key_info/all_stocks_20260606/TMT/计算机设备/罗普特.csv
688618,三旺通信,通信设备,通信设备,/home/peanut/stock_key_info/all_stocks_20260606/TMT/通信设备/三旺通信.csv
688620,安凯微,半导体,半导体,/home/peanut/stock_key_info/all_stocks_20260606/TMT/半导体/安凯微.csv
688621,阳光诺和,医疗服务,医疗服务,/home/peanut/stock_key_info/all_stocks_20260606/医药/医疗服务/阳光诺和.csv
688623,双元科技,自动化设备,专用设备,/home/peanut/stock_key_info/all_stocks_20260606/工业制造/专用设备/双元科技.csv
688625,呈和科技,化学制品,化学制品,/home/peanut/stock_key_info/all_stocks_20260606/化工行业/化学制品/呈和科技.csv
688626,翔宇医疗,医疗器械,医疗器械,/home/peanut/stock_key_info/all_stocks_20260606/医药/医疗器械/翔宇医疗.csv
688627,精智达,通用设备,通用设备,/home/peanut/stock_key_info/all_stocks_20260606/TMT/通用设备/精智达.csv
688629,华丰科技,军工电子Ⅱ,航天航空,/home/peanut/stock_key_info/all_stocks_20260606/航天航空/华丰科技.csv
688628,优利德,通用设备,通用设备,/home/peanut/stock_key_info/all_stocks_20260606/TMT/通用设备/优利德.csv
688630,芯碁微装,专用设备,专用设备,/home/peanut/stock_key_info/all_stocks_20260606/工业制造/专用设备/芯碁微装.csv
688631,莱斯信息,软件开发,软件开发,/home/peanut/stock_key_info/all_stocks_20260606/TMT/软件开发/莱斯信息.csv
688633,星球石墨,专用设备,专用设备,/home/peanut/stock_key_info/all_stocks_20260606/工业制造/专用设备/星球石墨.csv
688635,长进光子,通信设备,通信设备,/home/peanut/stock_key_info/all_stocks_20260606/TMT/通信设备/长进光子.csv
688636,智明达,军工电子Ⅱ,航天航空,/home/peanut/stock_key_info/all_stocks_20260606/航天航空/智明达.csv
688638,誉辰智能,电池,电池,/home/peanut/stock_key_info/all_stocks_20260606/能源/电池/誉辰智能.csv
688639,华恒生物,化学制品,化学制品,/home/peanut/stock_key_info/all_stocks_20260606/化工行业/化学制品/华恒生物.csv
688648,中邮科技,专用设备,专用设备,/home/peanut/stock_key_info/all_stocks_20260606/工业制造/专用设备/中邮科技.csv
688651,盛邦安全,软件开发,软件开发,/home/peanut/stock_key_info/all_stocks_20260606/TMT/软件开发/盛邦安全.csv
688652,京仪装备,半导体,半导体,/home/peanut/stock_key_info/all_stocks_20260606/TMT/半导体/京仪装备.csv
688655,迅捷兴,元件,电子元件,/home/peanut/stock_key_info/all_stocks_20260606/TMT/电子元件/迅捷兴.csv
688653,康希通信,半导体,半导体,/home/peanut/stock_key_info/all_stocks_20260606/TMT/半导体/康希通信.csv
688656,浩欧博,医疗器械,医疗器械,/home/peanut/stock_key_info/all_stocks_20260606/医药/医疗器械/浩欧博.csv
688657,浩辰软件,软件开发,软件开发,/home/peanut/stock_key_info/all_stocks_20260606/TMT/软件开发/浩辰软件.csv
688658,悦康药业,化学制药,化学制药,/home/peanut/stock_key_info/all_stocks_20260606/医药/化学制药/悦康药业.csv
688659,元琛科技,化学制品,化学制品,/home/peanut/stock_key_info/all_stocks_20260606/化工行业/化学制品/元琛科技.csv
688660,电气风电,风电设备,风电设备,/home/peanut/stock_key_info/all_stocks_20260606/能源/风电设备/电气风电.csv
688661,和林微纳,半导体,半导体,/home/peanut/stock_key_info/all_stocks_20260606/TMT/半导体/和林微纳.csv
688662,富信科技,其他电子Ⅱ,消费电子,/home/peanut/stock_key_info/all_stocks_20260606/工业制造/消费电子/富信科技.csv
688663,新风光,电网设备,电网设备,/home/peanut/stock_key_info/all_stocks_20260606/能源/电网设备/新风光.csv
688665,四方光电,通用设备,通用设备,/home/peanut/stock_key_info/all_stocks_20260606/TMT/通用设备/四方光电.csv
688667,菱电电控,汽车零部件,汽车零部件,/home/peanut/stock_key_info/all_stocks_20260606/工业制造/汽车零部件/菱电电控.csv
688668,鼎通科技,通信设备,通信设备,/home/peanut/stock_key_info/all_stocks_20260606/TMT/通信设备/鼎通科技.csv
688669,聚石化学,塑料,塑料制品,/home/peanut/stock_key_info/all_stocks_20260606/化工行业/塑料制品/聚石化学.csv
688670,金迪克,生物制品,生物制品,/home/peanut/stock_key_info/all_stocks_20260606/医药/生物制品/金迪克.csv
688671,碧兴物联,环保设备Ⅱ,环保行业,/home/peanut/stock_key_info/all_stocks_20260606/衣食住行/环保行业/碧兴物联.csv
688676,金盘科技,电网设备,电网设备,/home/peanut/stock_key_info/all_stocks_20260606/能源/电网设备/金盘科技.csv
688677,海泰新光,医疗器械,医疗器械,/home/peanut/stock_key_info/all_stocks_20260606/医药/医疗器械/海泰新光.csv
688678,福立旺,消费电子,消费电子,/home/peanut/stock_key_info/all_stocks_20260606/工业制造/消费电子/福立旺.csv
688679,通源环境,环境治理,环保行业,/home/peanut/stock_key_info/all_stocks_20260606/衣食住行/环保行业/通源环境.csv
688680,海优新材,光伏设备,光伏设备,/home/peanut/stock_key_info/all_stocks_20260606/能源/光伏设备/海优新材.csv
688681,科汇股份,电网设备,电网设备,/home/peanut/stock_key_info/all_stocks_20260606/能源/电网设备/科汇股份.csv
688682,霍莱沃,军工电子Ⅱ,航天航空,/home/peanut/stock_key_info/all_stocks_20260606/航天航空/霍莱沃.csv
688683,XD莱尔科,电子化学品Ⅱ,电子化学品,/home/peanut/stock_key_info/all_stocks_20260606/TMT/电子化学品/XD莱尔科.csv
688685,迈信林,航空装备Ⅱ,航天航空,/home/peanut/stock_key_info/all_stocks_20260606/航天航空/迈信林.csv
688686,奥普特,自动化设备,专用设备,/home/peanut/stock_key_info/all_stocks_20260606/工业制造/专用设备/奥普特.csv
688687,凯因科技,生物制品,生物制品,/home/peanut/stock_key_info/all_stocks_20260606/医药/生物制品/凯因科技.csv
688689,银河微电,半导体,半导体,/home/peanut/stock_key_info/all_stocks_20260606/TMT/半导体/银河微电.csv
688690,纳微科技,化学制药,化学制药,/home/peanut/stock_key_info/all_stocks_20260606/医药/化学制药/纳微科技.csv
688691,灿芯股份,半导体,半导体,/home/peanut/stock_key_info/all_stocks_20260606/TMT/半导体/灿芯股份.csv
688692,达梦数据,软件开发,软件开发,/home/peanut/stock_key_info/all_stocks_20260606/TMT/软件开发/达梦数据.csv
688693,锴威特,半导体,半导体,/home/peanut/stock_key_info/all_stocks_20260606/TMT/半导体/锴威特.csv
688695,中创股份,软件开发,软件开发,/home/peanut/stock_key_info/all_stocks_20260606/TMT/软件开发/中创股份.csv
688696,极米科技,黑色家电,家电行业,/home/peanut/stock_key_info/all_stocks_20260606/衣食住行/家电行业/极米科技.csv
688697,纽威数控,通用设备,通用设备,/home/peanut/stock_key_info/all_stocks_20260606/TMT/通用设备/纽威数控.csv
688698,伟创电气,自动化设备,专用设备,/home/peanut/stock_key_info/all_stocks_20260606/工业制造/专用设备/伟创电气.csv
688699,明微电子,半导体,半导体,/home/peanut/stock_key_info/all_stocks_20260606/TMT/半导体/明微电子.csv
688700,东威科技,专用设备,专用设备,/home/peanut/stock_key_info/all_stocks_20260606/工业制造/专用设备/东威科技.csv
688701,卓锦股份,环境治理,环保行业,/home/peanut/stock_key_info/all_stocks_20260606/衣食住行/环保行业/卓锦股份.csv
688702,盛科通信,半导体,半导体,/home/peanut/stock_key_info/all_stocks_20260606/TMT/半导体/盛科通信.csv
688707,振华新材,电池,电池,/home/peanut/stock_key_info/all_stocks_20260606/能源/电池/振华新材.csv
688708,佳驰科技,航空装备Ⅱ,航天航空,/home/peanut/stock_key_info/all_stocks_20260606/航天航空/佳驰科技.csv
688709,成都华微,半导体,半导体,/home/peanut/stock_key_info/all_stocks_20260606/TMT/半导体/成都华微.csv
688710,益诺思,医疗服务,医疗服务,/home/peanut/stock_key_info/all_stocks_20260606/医药/医疗服务/益诺思.csv
688711,宏微科技,半导体,半导体,/home/peanut/stock_key_info/all_stocks_20260606/TMT/半导体/宏微科技.csv
688712,北芯生命,医疗器械,医疗器械,/home/peanut/stock_key_info/all_stocks_20260606/医药/医疗器械/北芯生命.csv
688716,中研股份,塑料,塑料制品,/home/peanut/stock_key_info/all_stocks_20260606/化工行业/塑料制品/中研股份.csv
688717,艾罗能源,光伏设备,光伏设备,/home/peanut/stock_key_info/all_stocks_20260606/能源/光伏设备/艾罗能源.csv
688718,唯赛勃,塑料,塑料制品,/home/peanut/stock_key_info/all_stocks_20260606/化工行业/塑料制品/唯赛勃.csv
688719,爱科赛博,其他电源设备Ⅱ,电源设备,/home/peanut/stock_key_info/all_stocks_20260606/能源/电源设备/爱科赛博.csv
688720,艾森股份,半导体,半导体,/home/peanut/stock_key_info/all_stocks_20260606/TMT/半导体/艾森股份.csv
688721,龙图光罩,半导体,半导体,/home/peanut/stock_key_info/all_stocks_20260606/TMT/半导体/龙图光罩.csv
688722,同益中,化学纤维,化纤行业,/home/peanut/stock_key_info/all_stocks_20260606/化工行业/化纤行业/同益中.csv
688726,拉普拉斯,光伏设备,光伏设备,/home/peanut/stock_key_info/all_stocks_20260606/能源/光伏设备/拉普拉斯.csv
688727,恒坤新材,半导体,半导体,/home/peanut/stock_key_info/all_stocks_20260606/TMT/半导体/恒坤新材.csv
688728,格科微,半导体,半导体,/home/peanut/stock_key_info/all_stocks_20260606/TMT/半导体/格科微.csv
688729,屹唐股份,半导体,半导体,/home/peanut/stock_key_info/all_stocks_20260606/TMT/半导体/屹唐股份.csv
688733,壹石通,电池,电池,/home/peanut/stock_key_info/all_stocks_20260606/能源/电池/壹石通.csv
688737,中自科技,汽车零部件,汽车零部件,/home/peanut/stock_key_info/all_stocks_20260606/工业制造/汽车零部件/中自科技.csv
688739,成大生物,生物制品,生物制品,/home/peanut/stock_key_info/all_stocks_20260606/医药/生物制品/成大生物.csv
688750,金天钛业,小金属,小金属,/home/peanut/stock_key_info/all_stocks_20260606/能源/小金属/金天钛业.csv
688755,汉邦科技,专用设备,专用设备,/home/peanut/stock_key_info/all_stocks_20260606/工业制造/专用设备/汉邦科技.csv
688757,胜科纳米,专业服务,专业服务,/home/peanut/stock_key_info/all_stocks_20260606/工业制造/专业服务/胜科纳米.csv
688758,赛分科技,化学制药,化学制药,/home/peanut/stock_key_info/all_stocks_20260606/医药/化学制药/赛分科技.csv
688759,必贝特,化学制药,化学制药,/home/peanut/stock_key_info/all_stocks_20260606/医药/化学制药/必贝特.csv
688765,禾元生物,生物制品,生物制品,/home/peanut/stock_key_info/all_stocks_20260606/医药/生物制品/禾元生物.csv
688766,普冉股份,半导体,半导体,/home/peanut/stock_key_info/all_stocks_20260606/TMT/半导体/普冉股份.csv
688767,博拓生物,医疗器械,医疗器械,/home/peanut/stock_key_info/all_stocks_20260606/医药/医疗器械/博拓生物.csv
688768,容知日新,通用设备,通用设备,/home/peanut/stock_key_info/all_stocks_20260606/TMT/通用设备/容知日新.csv
688772,珠海冠宇,电池,电池,/home/peanut/stock_key_info/all_stocks_20260606/能源/电池/珠海冠宇.csv
688775,影石创新,消费电子,消费电子,/home/peanut/stock_key_info/all_stocks_20260606/工业制造/消费电子/影石创新.csv
688776,国光电气,军工电子Ⅱ,航天航空,/home/peanut/stock_key_info/all_stocks_20260606/航天航空/国光电气.csv
688777,中控技术,自动化设备,专用设备,/home/peanut/stock_key_info/all_stocks_20260606/工业制造/专用设备/中控技术.csv
688778,厦钨新能,电池,电池,/home/peanut/stock_key_info/all_stocks_20260606/能源/电池/厦钨新能.csv
688779,五矿新能,电池,电池,/home/peanut/stock_key_info/all_stocks_20260606/能源/电池/五矿新能.csv
688781,视涯科技,光学光电子,光学光电子,/home/peanut/stock_key_info/all_stocks_20260606/工业制造/光学光电子/视涯科技.csv
688785,恒运昌,其他电源设备Ⅱ,电源设备,/home/peanut/stock_key_info/all_stocks_20260606/能源/电源设备/恒运昌.csv
688783,西安奕材,半导体,半导体,/home/peanut/stock_key_info/all_stocks_20260606/TMT/半导体/西安奕材.csv
688786,悦安新材,金属新材料,小金属,/home/peanut/stock_key_info/all_stocks_20260606/能源/小金属/悦安新材.csv
688787,海天瑞声,IT服务Ⅱ,软件开发,/home/peanut/stock_key_info/all_stocks_20260606/TMT/软件开发/海天瑞声.csv
688788,科思科技,军工电子Ⅱ,航天航空,/home/peanut/stock_key_info/all_stocks_20260606/航天航空/科思科技.csv
688789,宏华数科,专用设备,专用设备,/home/peanut/stock_key_info/all_stocks_20260606/工业制造/专用设备/宏华数科.csv
688790,昂瑞微,半导体,半导体,/home/peanut/stock_key_info/all_stocks_20260606/TMT/半导体/昂瑞微.csv
688793,倍轻松,小家电,家电行业,/home/peanut/stock_key_info/all_stocks_20260606/衣食住行/家电行业/倍轻松.csv
688795,摩尔线程,半导体,半导体,/home/peanut/stock_key_info/all_stocks_20260606/TMT/半导体/摩尔线程.csv
688796,百奥赛图,医疗服务,医疗服务,/home/peanut/stock_key_info/all_stocks_20260606/医药/医疗服务/百奥赛图.csv
688798,艾为电子,半导体,半导体,/home/peanut/stock_key_info/all_stocks_20260606/TMT/半导体/艾为电子.csv
688799,华纳药厂,化学制药,化学制药,/home/peanut/stock_key_info/all_stocks_20260606/医药/化学制药/华纳药厂.csv
688800,瑞可达,其他电子Ⅱ,消费电子,/home/peanut/stock_key_info/all_stocks_20260606/工业制造/消费电子/瑞可达.csv
688802,沐曦股份,半导体,半导体,/home/peanut/stock_key_info/all_stocks_20260606/TMT/半导体/沐曦股份.csv
688805,健信超导,医疗器械,医疗器械,/home/peanut/stock_key_info/all_stocks_20260606/医药/医疗器械/健信超导.csv
688807,优迅股份,半导体,半导体,/home/peanut/stock_key_info/all_stocks_20260606/TMT/半导体/优迅股份.csv
688808,联讯仪器,通用设备,通用设备,/home/peanut/stock_key_info/all_stocks_20260606/TMT/通用设备/联讯仪器.csv
688809,强一股份,半导体,半导体,/home/peanut/stock_key_info/all_stocks_20260606/TMT/半导体/强一股份.csv
688811,有研复材,金属新材料,小金属,/home/peanut/stock_key_info/all_stocks_20260606/能源/小金属/有研复材.csv
688813,泰金新能,专用设备,专用设备,/home/peanut/stock_key_info/all_stocks_20260606/工业制造/专用设备/泰金新能.csv
688816,易思维,自动化设备,专用设备,/home/peanut/stock_key_info/all_stocks_20260606/工业制造/专用设备/易思维.csv
688818,电科蓝天,航天装备Ⅱ,航天航空,/home/peanut/stock_key_info/all_stocks_20260606/航天航空/电科蓝天.csv
688819,天能股份,电池,电池,/home/peanut/stock_key_info/all_stocks_20260606/能源/电池/天能股份.csv
688820,盛合晶微,半导体,半导体,/home/peanut/stock_key_info/all_stocks_20260606/TMT/半导体/盛合晶微.csv
688981,中芯国际,半导体,半导体,/home/peanut/stock_key_info/all_stocks_20260606/TMT/半导体/中芯国际.csv
603698,航天工程,专用设备,专用设备,/home/peanut/stock_key_info/all_stocks_20260606/工业制造/专用设备/航天工程.csv
603137,恒尚节能,装修装饰Ⅱ,装修装饰,/home/peanut/stock_key_info/all_stocks_20260606/旧基建/装修装饰/恒尚节能.csv
603565,中谷物流,航运港口,航运港口,/home/peanut/stock_key_info/all_stocks_20260606/航运物流/航运港口/中谷物流.csv
603086,先达股份,农化制品,农药兽药,/home/peanut/stock_key_info/all_stocks_20260606/化工行业/农药兽药/先达股份.csv
002058,威尔泰,通用设备,通用设备,/home/peanut/stock_key_info/all_stocks_20260606/TMT/通用设备/威尔泰.csv
002529,海源复材,专用设备,专用设备,/home/peanut/stock_key_info/all_stocks_20260606/工业制造/专用设备/海源复材.csv
